MegaDot v4.5.1.m.9.mono.custom_build - https://godotengine.org
D3D12 12_0 - Forward+ - Using Device #0: Intel - Intel(R) Iris(R) Xe Graphics
WARNING: PSO caching is not implemented yet in the Direct3D 12 driver.
   at: pipeline_cache_create (drivers/d3d12/rendering_device_driver_d3d12.cpp:4467)

FMOD Sound System: Successfully initialized
[INFO] Found release_info.json at: E:\SteamLibrary\steamapps\common\Slay the Spire 2\release_info.json
[INFO] [Sentry.NET] Initialized: env=development, release=v0.103.3
[INFO] Steamworks: attempting initialization...
[INFO] Steam is running: True
[INFO] Steamworks initialization succeeded!
[INFO] Steam is enabled, we will write saves to steam storage. Enabled for account: True, app: True 
[INFO] Registered 11 migrations
[INFO] Current save versions: PrefsSave v2; ProfileSave v2; SerializableProgress v21; RunHistory v9; SerializableRun v16; SettingsSave v5
[INFO] Found mod manifest file E:\SteamLibrary\steamapps\common\Slay the Spire 2\mods\EndlessMode\EndlessMode.json
[INFO] Found mod manifest file E:\SteamLibrary\steamapps\common\Slay the Spire 2\mods\HextechRunes\HextechRunes.json
[INFO] Found mod manifest file E:\SteamLibrary\steamapps\common\Slay the Spire 2\mods\KeystoneRunes\KeystoneRunes.json
[INFO] Found mod manifest file E:\SteamLibrary\steamapps\common\Slay the Spire 2\mods\STS2-RitsuLib\mod_manifest.json
[INFO] Found mod manifest file E:\SteamLibrary\steamapps\common\Slay the Spire 2\mods\TheQueen\TheQueen.json
[INFO] Found mod manifest file E:\SteamLibrary\steamapps\common\Slay the Spire 2\mods\TheQueen\TheQueen\localization\eng\afflictions.json
[ERROR] Mod manifest E:\SteamLibrary\steamapps\common\Slay the Spire 2\mods\TheQueen\TheQueen\localization\eng\afflictions.json is missing the 'id' field! This is not allowed. The mod will not be loaded.
   at MegaCrit.Sts2.Core.Modding.ModManager.ReadModManifest(String filename, ModSource source)
   at MegaCrit.Sts2.Core.Modding.ModManager.ReadModsInDirRecursive(String path, ModSource source, List`1 newMods)
   at MegaCrit.Sts2.Core.Modding.ModManager.ReadModsInDirRecursive(String path, ModSource source, List`1 newMods)
   at MegaCrit.Sts2.Core.Modding.ModManager.ReadModsInDirRecursive(String path, ModSource source, List`1 newMods)
   at MegaCrit.Sts2.Core.Modding.ModManager.ReadModsInDirRecursive(String path, ModSource source, List`1 newMods)
   at MegaCrit.Sts2.Core.Modding.ModManager.ReadModsInDirRecursive(String path, ModSource source, List`1 newMods)
   at MegaCrit.Sts2.Core.Modding.ModManager.Initialize(IModManagerFileIo fileIo, ModSettings settings)
   at MegaCrit.Sts2.Core.Helpers.OneTimeInitialization.ExecuteVeryEarly()
   at MegaCrit.Sts2.Core.Nodes.NGame.GameStartup()
   at System.Runtime.CompilerServices.AsyncMethodBuilderCore.Start[TStateMachine](TStateMachine& stateMachine)
   at MegaCrit.Sts2.Core.Nodes.NGame.GameStartup()
   at MegaCrit.Sts2.Core.Nodes.NGame.GameStartupWrapper()
   at System.Runtime.CompilerServices.AsyncMethodBuilderCore.Start[TStateMachine](TStateMachine& stateMachine)
   at MegaCrit.Sts2.Core.Nodes.NGame.GameStartupWrapper()
   at MegaCrit.Sts2.Core.Nodes.NGame._EnterTree()
   at Godot.Node.InvokeGodotClassMethod(godot_string_name& method, NativeVariantPtrArgs args, godot_variant& ret)
   at Godot.CanvasItem.InvokeGodotClassMethod(godot_string_name& method, NativeVariantPtrArgs args, godot_variant& ret)
   at Godot.Control.InvokeGodotClassMethod(godot_string_name& method, NativeVariantPtrArgs args, godot_variant& ret)
   at MegaCrit.Sts2.Core.Nodes.NGame.InvokeGodotClassMethod(godot_string_name& method, NativeVariantPtrArgs args, godot_variant& ret)
   at Godot.Bridge.CSharpInstanceBridge.Call(IntPtr godotObjectGCHandle, godot_string_name* method, godot_variant** args, Int32 argCount, godot_variant_call_error* refCallError, godot_variant* ret)

[INFO] Found mod manifest file E:\SteamLibrary\steamapps\common\Slay the Spire 2\mods\TheQueen\TheQueen\localization\eng\ancients.json
[ERROR] Mod manifest E:\SteamLibrary\steamapps\common\Slay the Spire 2\mods\TheQueen\TheQueen\localization\eng\ancients.json is missing the 'id' field! This is not allowed. The mod will not be loaded.
   at MegaCrit.Sts2.Core.Modding.ModManager.ReadModManifest(String filename, ModSource source)
   at MegaCrit.Sts2.Core.Modding.ModManager.ReadModsInDirRecursive(String path, ModSource source, List`1 newMods)
   at MegaCrit.Sts2.Core.Modding.ModManager.ReadModsInDirRecursive(String path, ModSource source, List`1 newMods)
   at MegaCrit.Sts2.Core.Modding.ModManager.ReadModsInDirRecursive(String path, ModSource source, List`1 newMods)
   at MegaCrit.Sts2.Core.Modding.ModManager.ReadModsInDirRecursive(String path, ModSource source, List`1 newMods)
   at MegaCrit.Sts2.Core.Modding.ModManager.ReadModsInDirRecursive(String path, ModSource source, List`1 newMods)
   at MegaCrit.Sts2.Core.Modding.ModManager.Initialize(IModManagerFileIo fileIo, ModSettings settings)
   at MegaCrit.Sts2.Core.Helpers.OneTimeInitialization.ExecuteVeryEarly()
   at MegaCrit.Sts2.Core.Nodes.NGame.GameStartup()
   at System.Runtime.CompilerServices.AsyncMethodBuilderCore.Start[TStateMachine](TStateMachine& stateMachine)
   at MegaCrit.Sts2.Core.Nodes.NGame.GameStartup()
   at MegaCrit.Sts2.Core.Nodes.NGame.GameStartupWrapper()
   at System.Runtime.CompilerServices.AsyncMethodBuilderCore.Start[TStateMachine](TStateMachine& stateMachine)
   at MegaCrit.Sts2.Core.Nodes.NGame.GameStartupWrapper()
   at MegaCrit.Sts2.Core.Nodes.NGame._EnterTree()
   at Godot.Node.InvokeGodotClassMethod(godot_string_name& method, NativeVariantPtrArgs args, godot_variant& ret)
   at Godot.CanvasItem.InvokeGodotClassMethod(godot_string_name& method, NativeVariantPtrArgs args, godot_variant& ret)
   at Godot.Control.InvokeGodotClassMethod(godot_string_name& method, NativeVariantPtrArgs args, godot_variant& ret)
   at MegaCrit.Sts2.Core.Nodes.NGame.InvokeGodotClassMethod(godot_string_name& method, NativeVariantPtrArgs args, godot_variant& ret)
   at Godot.Bridge.CSharpInstanceBridge.Call(IntPtr godotObjectGCHandle, godot_string_name* method, godot_variant** args, Int32 argCount, godot_variant_call_error* refCallError, godot_variant* ret)

[INFO] Found mod manifest file E:\SteamLibrary\steamapps\common\Slay the Spire 2\mods\TheQueen\TheQueen\localization\eng\card_keywords.json
[ERROR] Mod manifest E:\SteamLibrary\steamapps\common\Slay the Spire 2\mods\TheQueen\TheQueen\localization\eng\card_keywords.json is missing the 'id' field! This is not allowed. The mod will not be loaded.
   at MegaCrit.Sts2.Core.Modding.ModManager.ReadModManifest(String filename, ModSource source)
   at MegaCrit.Sts2.Core.Modding.ModManager.ReadModsInDirRecursive(String path, ModSource source, List`1 newMods)
   at MegaCrit.Sts2.Core.Modding.ModManager.ReadModsInDirRecursive(String path, ModSource source, List`1 newMods)
   at MegaCrit.Sts2.Core.Modding.ModManager.ReadModsInDirRecursive(String path, ModSource source, List`1 newMods)
   at MegaCrit.Sts2.Core.Modding.ModManager.ReadModsInDirRecursive(String path, ModSource source, List`1 newMods)
   at MegaCrit.Sts2.Core.Modding.ModManager.ReadModsInDirRecursive(String path, ModSource source, List`1 newMods)
   at MegaCrit.Sts2.Core.Modding.ModManager.Initialize(IModManagerFileIo fileIo, ModSettings settings)
   at MegaCrit.Sts2.Core.Helpers.OneTimeInitialization.ExecuteVeryEarly()
   at MegaCrit.Sts2.Core.Nodes.NGame.GameStartup()
   at System.Runtime.CompilerServices.AsyncMethodBuilderCore.Start[TStateMachine](TStateMachine& stateMachine)
   at MegaCrit.Sts2.Core.Nodes.NGame.GameStartup()
   at MegaCrit.Sts2.Core.Nodes.NGame.GameStartupWrapper()
   at System.Runtime.CompilerServices.AsyncMethodBuilderCore.Start[TStateMachine](TStateMachine& stateMachine)
   at MegaCrit.Sts2.Core.Nodes.NGame.GameStartupWrapper()
   at MegaCrit.Sts2.Core.Nodes.NGame._EnterTree()
   at Godot.Node.InvokeGodotClassMethod(godot_string_name& method, NativeVariantPtrArgs args, godot_variant& ret)
   at Godot.CanvasItem.InvokeGodotClassMethod(godot_string_name& method, NativeVariantPtrArgs args, godot_variant& ret)
   at Godot.Control.InvokeGodotClassMethod(godot_string_name& method, NativeVariantPtrArgs args, godot_variant& ret)
   at MegaCrit.Sts2.Core.Nodes.NGame.InvokeGodotClassMethod(godot_string_name& method, NativeVariantPtrArgs args, godot_variant& ret)
   at Godot.Bridge.CSharpInstanceBridge.Call(IntPtr godotObjectGCHandle, godot_string_name* method, godot_variant** args, Int32 argCount, godot_variant_call_error* refCallError, godot_variant* ret)

[INFO] Found mod manifest file E:\SteamLibrary\steamapps\common\Slay the Spire 2\mods\TheQueen\TheQueen\localization\eng\card_library.json
[ERROR] Mod manifest E:\SteamLibrary\steamapps\common\Slay the Spire 2\mods\TheQueen\TheQueen\localization\eng\card_library.json is missing the 'id' field! This is not allowed. The mod will not be loaded.
   at MegaCrit.Sts2.Core.Modding.ModManager.ReadModManifest(String filename, ModSource source)
   at MegaCrit.Sts2.Core.Modding.ModManager.ReadModsInDirRecursive(String path, ModSource source, List`1 newMods)
   at MegaCrit.Sts2.Core.Modding.ModManager.ReadModsInDirRecursive(String path, ModSource source, List`1 newMods)
   at MegaCrit.Sts2.Core.Modding.ModManager.ReadModsInDirRecursive(String path, ModSource source, List`1 newMods)
   at MegaCrit.Sts2.Core.Modding.ModManager.ReadModsInDirRecursive(String path, ModSource source, List`1 newMods)
   at MegaCrit.Sts2.Core.Modding.ModManager.ReadModsInDirRecursive(String path, ModSource source, List`1 newMods)
   at MegaCrit.Sts2.Core.Modding.ModManager.Initialize(IModManagerFileIo fileIo, ModSettings settings)
   at MegaCrit.Sts2.Core.Helpers.OneTimeInitialization.ExecuteVeryEarly()
   at MegaCrit.Sts2.Core.Nodes.NGame.GameStartup()
   at System.Runtime.CompilerServices.AsyncMethodBuilderCore.Start[TStateMachine](TStateMachine& stateMachine)
   at MegaCrit.Sts2.Core.Nodes.NGame.GameStartup()
   at MegaCrit.Sts2.Core.Nodes.NGame.GameStartupWrapper()
   at System.Runtime.CompilerServices.AsyncMethodBuilderCore.Start[TStateMachine](TStateMachine& stateMachine)
   at MegaCrit.Sts2.Core.Nodes.NGame.GameStartupWrapper()
   at MegaCrit.Sts2.Core.Nodes.NGame._EnterTree()
   at Godot.Node.InvokeGodotClassMethod(godot_string_name& method, NativeVariantPtrArgs args, godot_variant& ret)
   at Godot.CanvasItem.InvokeGodotClassMethod(godot_string_name& method, NativeVariantPtrArgs args, godot_variant& ret)
   at Godot.Control.InvokeGodotClassMethod(godot_string_name& method, NativeVariantPtrArgs args, godot_variant& ret)
   at MegaCrit.Sts2.Core.Nodes.NGame.InvokeGodotClassMethod(godot_string_name& method, NativeVariantPtrArgs args, godot_variant& ret)
   at Godot.Bridge.CSharpInstanceBridge.Call(IntPtr godotObjectGCHandle, godot_string_name* method, godot_variant** args, Int32 argCount, godot_variant_call_error* refCallError, godot_variant* ret)

[INFO] Found mod manifest file E:\SteamLibrary\steamapps\common\Slay the Spire 2\mods\TheQueen\TheQueen\localization\eng\cards.json
[ERROR] Mod manifest E:\SteamLibrary\steamapps\common\Slay the Spire 2\mods\TheQueen\TheQueen\localization\eng\cards.json is missing the 'id' field! This is not allowed. The mod will not be loaded.
   at MegaCrit.Sts2.Core.Modding.ModManager.ReadModManifest(String filename, ModSource source)
   at MegaCrit.Sts2.Core.Modding.ModManager.ReadModsInDirRecursive(String path, ModSource source, List`1 newMods)
   at MegaCrit.Sts2.Core.Modding.ModManager.ReadModsInDirRecursive(String path, ModSource source, List`1 newMods)
   at MegaCrit.Sts2.Core.Modding.ModManager.ReadModsInDirRecursive(String path, ModSource source, List`1 newMods)
   at MegaCrit.Sts2.Core.Modding.ModManager.ReadModsInDirRecursive(String path, ModSource source, List`1 newMods)
   at MegaCrit.Sts2.Core.Modding.ModManager.ReadModsInDirRecursive(String path, ModSource source, List`1 newMods)
   at MegaCrit.Sts2.Core.Modding.ModManager.Initialize(IModManagerFileIo fileIo, ModSettings settings)
   at MegaCrit.Sts2.Core.Helpers.OneTimeInitialization.ExecuteVeryEarly()
   at MegaCrit.Sts2.Core.Nodes.NGame.GameStartup()
   at System.Runtime.CompilerServices.AsyncMethodBuilderCore.Start[TStateMachine](TStateMachine& stateMachine)
   at MegaCrit.Sts2.Core.Nodes.NGame.GameStartup()
   at MegaCrit.Sts2.Core.Nodes.NGame.GameStartupWrapper()
   at System.Runtime.CompilerServices.AsyncMethodBuilderCore.Start[TStateMachine](TStateMachine& stateMachine)
   at MegaCrit.Sts2.Core.Nodes.NGame.GameStartupWrapper()
   at MegaCrit.Sts2.Core.Nodes.NGame._EnterTree()
   at Godot.Node.InvokeGodotClassMethod(godot_string_name& method, NativeVariantPtrArgs args, godot_variant& ret)
   at Godot.CanvasItem.InvokeGodotClassMethod(godot_string_name& method, NativeVariantPtrArgs args, godot_variant& ret)
   at Godot.Control.InvokeGodotClassMethod(godot_string_name& method, NativeVariantPtrArgs args, godot_variant& ret)
   at MegaCrit.Sts2.Core.Nodes.NGame.InvokeGodotClassMethod(godot_string_name& method, NativeVariantPtrArgs args, godot_variant& ret)
   at Godot.Bridge.CSharpInstanceBridge.Call(IntPtr godotObjectGCHandle, godot_string_name* method, godot_variant** args, Int32 argCount, godot_variant_call_error* refCallError, godot_variant* ret)

[INFO] Found mod manifest file E:\SteamLibrary\steamapps\common\Slay the Spire 2\mods\TheQueen\TheQueen\localization\eng\characters.json
[ERROR] Mod manifest E:\SteamLibrary\steamapps\common\Slay the Spire 2\mods\TheQueen\TheQueen\localization\eng\characters.json is missing the 'id' field! This is not allowed. The mod will not be loaded.
   at MegaCrit.Sts2.Core.Modding.ModManager.ReadModManifest(String filename, ModSource source)
   at MegaCrit.Sts2.Core.Modding.ModManager.ReadModsInDirRecursive(String path, ModSource source, List`1 newMods)
   at MegaCrit.Sts2.Core.Modding.ModManager.ReadModsInDirRecursive(String path, ModSource source, List`1 newMods)
   at MegaCrit.Sts2.Core.Modding.ModManager.ReadModsInDirRecursive(String path, ModSource source, List`1 newMods)
   at MegaCrit.Sts2.Core.Modding.ModManager.ReadModsInDirRecursive(String path, ModSource source, List`1 newMods)
   at MegaCrit.Sts2.Core.Modding.ModManager.ReadModsInDirRecursive(String path, ModSource source, List`1 newMods)
   at MegaCrit.Sts2.Core.Modding.ModManager.Initialize(IModManagerFileIo fileIo, ModSettings settings)
   at MegaCrit.Sts2.Core.Helpers.OneTimeInitialization.ExecuteVeryEarly()
   at MegaCrit.Sts2.Core.Nodes.NGame.GameStartup()
   at System.Runtime.CompilerServices.AsyncMethodBuilderCore.Start[TStateMachine](TStateMachine& stateMachine)
   at MegaCrit.Sts2.Core.Nodes.NGame.GameStartup()
   at MegaCrit.Sts2.Core.Nodes.NGame.GameStartupWrapper()
   at System.Runtime.CompilerServices.AsyncMethodBuilderCore.Start[TStateMachine](TStateMachine& stateMachine)
   at MegaCrit.Sts2.Core.Nodes.NGame.GameStartupWrapper()
   at MegaCrit.Sts2.Core.Nodes.NGame._EnterTree()
   at Godot.Node.InvokeGodotClassMethod(godot_string_name& method, NativeVariantPtrArgs args, godot_variant& ret)
   at Godot.CanvasItem.InvokeGodotClassMethod(godot_string_name& method, NativeVariantPtrArgs args, godot_variant& ret)
   at Godot.Control.InvokeGodotClassMethod(godot_string_name& method, NativeVariantPtrArgs args, godot_variant& ret)
   at MegaCrit.Sts2.Core.Nodes.NGame.InvokeGodotClassMethod(godot_string_name& method, NativeVariantPtrArgs args, godot_variant& ret)
   at Godot.Bridge.CSharpInstanceBridge.Call(IntPtr godotObjectGCHandle, godot_string_name* method, godot_variant** args, Int32 argCount, godot_variant_call_error* refCallError, godot_variant* ret)

[INFO] Found mod manifest file E:\SteamLibrary\steamapps\common\Slay the Spire 2\mods\TheQueen\TheQueen\localization\eng\combat_messages.json
[ERROR] Mod manifest E:\SteamLibrary\steamapps\common\Slay the Spire 2\mods\TheQueen\TheQueen\localization\eng\combat_messages.json is missing the 'id' field! This is not allowed. The mod will not be loaded.
   at MegaCrit.Sts2.Core.Modding.ModManager.ReadModManifest(String filename, ModSource source)
   at MegaCrit.Sts2.Core.Modding.ModManager.ReadModsInDirRecursive(String path, ModSource source, List`1 newMods)
   at MegaCrit.Sts2.Core.Modding.ModManager.ReadModsInDirRecursive(String path, ModSource source, List`1 newMods)
   at MegaCrit.Sts2.Core.Modding.ModManager.ReadModsInDirRecursive(String path, ModSource source, List`1 newMods)
   at MegaCrit.Sts2.Core.Modding.ModManager.ReadModsInDirRecursive(String path, ModSource source, List`1 newMods)
   at MegaCrit.Sts2.Core.Modding.ModManager.ReadModsInDirRecursive(String path, ModSource source, List`1 newMods)
   at MegaCrit.Sts2.Core.Modding.ModManager.Initialize(IModManagerFileIo fileIo, ModSettings settings)
   at MegaCrit.Sts2.Core.Helpers.OneTimeInitialization.ExecuteVeryEarly()
   at MegaCrit.Sts2.Core.Nodes.NGame.GameStartup()
   at System.Runtime.CompilerServices.AsyncMethodBuilderCore.Start[TStateMachine](TStateMachine& stateMachine)
   at MegaCrit.Sts2.Core.Nodes.NGame.GameStartup()
   at MegaCrit.Sts2.Core.Nodes.NGame.GameStartupWrapper()
   at System.Runtime.CompilerServices.AsyncMethodBuilderCore.Start[TStateMachine](TStateMachine& stateMachine)
   at MegaCrit.Sts2.Core.Nodes.NGame.GameStartupWrapper()
   at MegaCrit.Sts2.Core.Nodes.NGame._EnterTree()
   at Godot.Node.InvokeGodotClassMethod(godot_string_name& method, NativeVariantPtrArgs args, godot_variant& ret)
   at Godot.CanvasItem.InvokeGodotClassMethod(godot_string_name& method, NativeVariantPtrArgs args, godot_variant& ret)
   at Godot.Control.InvokeGodotClassMethod(godot_string_name& method, NativeVariantPtrArgs args, godot_variant& ret)
   at MegaCrit.Sts2.Core.Nodes.NGame.InvokeGodotClassMethod(godot_string_name& method, NativeVariantPtrArgs args, godot_variant& ret)
   at Godot.Bridge.CSharpInstanceBridge.Call(IntPtr godotObjectGCHandle, godot_string_name* method, godot_variant** args, Int32 argCount, godot_variant_call_error* refCallError, godot_variant* ret)

[INFO] Found mod manifest file E:\SteamLibrary\steamapps\common\Slay the Spire 2\mods\TheQueen\TheQueen\localization\eng\enchantments.json
[ERROR] Mod manifest E:\SteamLibrary\steamapps\common\Slay the Spire 2\mods\TheQueen\TheQueen\localization\eng\enchantments.json is missing the 'id' field! This is not allowed. The mod will not be loaded.
   at MegaCrit.Sts2.Core.Modding.ModManager.ReadModManifest(String filename, ModSource source)
   at MegaCrit.Sts2.Core.Modding.ModManager.ReadModsInDirRecursive(String path, ModSource source, List`1 newMods)
   at MegaCrit.Sts2.Core.Modding.ModManager.ReadModsInDirRecursive(String path, ModSource source, List`1 newMods)
   at MegaCrit.Sts2.Core.Modding.ModManager.ReadModsInDirRecursive(String path, ModSource source, List`1 newMods)
   at MegaCrit.Sts2.Core.Modding.ModManager.ReadModsInDirRecursive(String path, ModSource source, List`1 newMods)
   at MegaCrit.Sts2.Core.Modding.ModManager.ReadModsInDirRecursive(String path, ModSource source, List`1 newMods)
   at MegaCrit.Sts2.Core.Modding.ModManager.Initialize(IModManagerFileIo fileIo, ModSettings settings)
   at MegaCrit.Sts2.Core.Helpers.OneTimeInitialization.ExecuteVeryEarly()
   at MegaCrit.Sts2.Core.Nodes.NGame.GameStartup()
   at System.Runtime.CompilerServices.AsyncMethodBuilderCore.Start[TStateMachine](TStateMachine& stateMachine)
   at MegaCrit.Sts2.Core.Nodes.NGame.GameStartup()
   at MegaCrit.Sts2.Core.Nodes.NGame.GameStartupWrapper()
   at System.Runtime.CompilerServices.AsyncMethodBuilderCore.Start[TStateMachine](TStateMachine& stateMachine)
   at MegaCrit.Sts2.Core.Nodes.NGame.GameStartupWrapper()
   at MegaCrit.Sts2.Core.Nodes.NGame._EnterTree()
   at Godot.Node.InvokeGodotClassMethod(godot_string_name& method, NativeVariantPtrArgs args, godot_variant& ret)
   at Godot.CanvasItem.InvokeGodotClassMethod(godot_string_name& method, NativeVariantPtrArgs args, godot_variant& ret)
   at Godot.Control.InvokeGodotClassMethod(godot_string_name& method, NativeVariantPtrArgs args, godot_variant& ret)
   at MegaCrit.Sts2.Core.Nodes.NGame.InvokeGodotClassMethod(godot_string_name& method, NativeVariantPtrArgs args, godot_variant& ret)
   at Godot.Bridge.CSharpInstanceBridge.Call(IntPtr godotObjectGCHandle, godot_string_name* method, godot_variant** args, Int32 argCount, godot_variant_call_error* refCallError, godot_variant* ret)

[INFO] Found mod manifest file E:\SteamLibrary\steamapps\common\Slay the Spire 2\mods\TheQueen\TheQueen\localization\eng\intents.json
[ERROR] Mod manifest E:\SteamLibrary\steamapps\common\Slay the Spire 2\mods\TheQueen\TheQueen\localization\eng\intents.json is missing the 'id' field! This is not allowed. The mod will not be loaded.
   at MegaCrit.Sts2.Core.Modding.ModManager.ReadModManifest(String filename, ModSource source)
   at MegaCrit.Sts2.Core.Modding.ModManager.ReadModsInDirRecursive(String path, ModSource source, List`1 newMods)
   at MegaCrit.Sts2.Core.Modding.ModManager.ReadModsInDirRecursive(String path, ModSource source, List`1 newMods)
   at MegaCrit.Sts2.Core.Modding.ModManager.ReadModsInDirRecursive(String path, ModSource source, List`1 newMods)
   at MegaCrit.Sts2.Core.Modding.ModManager.ReadModsInDirRecursive(String path, ModSource source, List`1 newMods)
   at MegaCrit.Sts2.Core.Modding.ModManager.ReadModsInDirRecursive(String path, ModSource source, List`1 newMods)
   at MegaCrit.Sts2.Core.Modding.ModManager.Initialize(IModManagerFileIo fileIo, ModSettings settings)
   at MegaCrit.Sts2.Core.Helpers.OneTimeInitialization.ExecuteVeryEarly()
   at MegaCrit.Sts2.Core.Nodes.NGame.GameStartup()
   at System.Runtime.CompilerServices.AsyncMethodBuilderCore.Start[TStateMachine](TStateMachine& stateMachine)
   at MegaCrit.Sts2.Core.Nodes.NGame.GameStartup()
   at MegaCrit.Sts2.Core.Nodes.NGame.GameStartupWrapper()
   at System.Runtime.CompilerServices.AsyncMethodBuilderCore.Start[TStateMachine](TStateMachine& stateMachine)
   at MegaCrit.Sts2.Core.Nodes.NGame.GameStartupWrapper()
   at MegaCrit.Sts2.Core.Nodes.NGame._EnterTree()
   at Godot.Node.InvokeGodotClassMethod(godot_string_name& method, NativeVariantPtrArgs args, godot_variant& ret)
   at Godot.CanvasItem.InvokeGodotClassMethod(godot_string_name& method, NativeVariantPtrArgs args, godot_variant& ret)
   at Godot.Control.InvokeGodotClassMethod(godot_string_name& method, NativeVariantPtrArgs args, godot_variant& ret)
   at MegaCrit.Sts2.Core.Nodes.NGame.InvokeGodotClassMethod(godot_string_name& method, NativeVariantPtrArgs args, godot_variant& ret)
   at Godot.Bridge.CSharpInstanceBridge.Call(IntPtr godotObjectGCHandle, godot_string_name* method, godot_variant** args, Int32 argCount, godot_variant_call_error* refCallError, godot_variant* ret)

[INFO] Found mod manifest file E:\SteamLibrary\steamapps\common\Slay the Spire 2\mods\TheQueen\TheQueen\localization\eng\mod_settings.json
[ERROR] Mod manifest E:\SteamLibrary\steamapps\common\Slay the Spire 2\mods\TheQueen\TheQueen\localization\eng\mod_settings.json is missing the 'id' field! This is not allowed. The mod will not be loaded.
   at MegaCrit.Sts2.Core.Modding.ModManager.ReadModManifest(String filename, ModSource source)
   at MegaCrit.Sts2.Core.Modding.ModManager.ReadModsInDirRecursive(String path, ModSource source, List`1 newMods)
   at MegaCrit.Sts2.Core.Modding.ModManager.ReadModsInDirRecursive(String path, ModSource source, List`1 newMods)
   at MegaCrit.Sts2.Core.Modding.ModManager.ReadModsInDirRecursive(String path, ModSource source, List`1 newMods)
   at MegaCrit.Sts2.Core.Modding.ModManager.ReadModsInDirRecursive(String path, ModSource source, List`1 newMods)
   at MegaCrit.Sts2.Core.Modding.ModManager.ReadModsInDirRecursive(String path, ModSource source, List`1 newMods)
   at MegaCrit.Sts2.Core.Modding.ModManager.Initialize(IModManagerFileIo fileIo, ModSettings settings)
   at MegaCrit.Sts2.Core.Helpers.OneTimeInitialization.ExecuteVeryEarly()
   at MegaCrit.Sts2.Core.Nodes.NGame.GameStartup()
   at System.Runtime.CompilerServices.AsyncMethodBuilderCore.Start[TStateMachine](TStateMachine& stateMachine)
   at MegaCrit.Sts2.Core.Nodes.NGame.GameStartup()
   at MegaCrit.Sts2.Core.Nodes.NGame.GameStartupWrapper()
   at System.Runtime.CompilerServices.AsyncMethodBuilderCore.Start[TStateMachine](TStateMachine& stateMachine)
   at MegaCrit.Sts2.Core.Nodes.NGame.GameStartupWrapper()
   at MegaCrit.Sts2.Core.Nodes.NGame._EnterTree()
   at Godot.Node.InvokeGodotClassMethod(godot_string_name& method, NativeVariantPtrArgs args, godot_variant& ret)
   at Godot.CanvasItem.InvokeGodotClassMethod(godot_string_name& method, NativeVariantPtrArgs args, godot_variant& ret)
   at Godot.Control.InvokeGodotClassMethod(godot_string_name& method, NativeVariantPtrArgs args, godot_variant& ret)
   at MegaCrit.Sts2.Core.Nodes.NGame.InvokeGodotClassMethod(godot_string_name& method, NativeVariantPtrArgs args, godot_variant& ret)
   at Godot.Bridge.CSharpInstanceBridge.Call(IntPtr godotObjectGCHandle, godot_string_name* method, godot_variant** args, Int32 argCount, godot_variant_call_error* refCallError, godot_variant* ret)

[INFO] Found mod manifest file E:\SteamLibrary\steamapps\common\Slay the Spire 2\mods\TheQueen\TheQueen\localization\eng\monsters.json
[ERROR] Mod manifest E:\SteamLibrary\steamapps\common\Slay the Spire 2\mods\TheQueen\TheQueen\localization\eng\monsters.json is missing the 'id' field! This is not allowed. The mod will not be loaded.
   at MegaCrit.Sts2.Core.Modding.ModManager.ReadModManifest(String filename, ModSource source)
   at MegaCrit.Sts2.Core.Modding.ModManager.ReadModsInDirRecursive(String path, ModSource source, List`1 newMods)
   at MegaCrit.Sts2.Core.Modding.ModManager.ReadModsInDirRecursive(String path, ModSource source, List`1 newMods)
   at MegaCrit.Sts2.Core.Modding.ModManager.ReadModsInDirRecursive(String path, ModSource source, List`1 newMods)
   at MegaCrit.Sts2.Core.Modding.ModManager.ReadModsInDirRecursive(String path, ModSource source, List`1 newMods)
   at MegaCrit.Sts2.Core.Modding.ModManager.ReadModsInDirRecursive(String path, ModSource source, List`1 newMods)
   at MegaCrit.Sts2.Core.Modding.ModManager.Initialize(IModManagerFileIo fileIo, ModSettings settings)
   at MegaCrit.Sts2.Core.Helpers.OneTimeInitialization.ExecuteVeryEarly()
   at MegaCrit.Sts2.Core.Nodes.NGame.GameStartup()
   at System.Runtime.CompilerServices.AsyncMethodBuilderCore.Start[TStateMachine](TStateMachine& stateMachine)
   at MegaCrit.Sts2.Core.Nodes.NGame.GameStartup()
   at MegaCrit.Sts2.Core.Nodes.NGame.GameStartupWrapper()
   at System.Runtime.CompilerServices.AsyncMethodBuilderCore.Start[TStateMachine](TStateMachine& stateMachine)
   at MegaCrit.Sts2.Core.Nodes.NGame.GameStartupWrapper()
   at MegaCrit.Sts2.Core.Nodes.NGame._EnterTree()
   at Godot.Node.InvokeGodotClassMethod(godot_string_name& method, NativeVariantPtrArgs args, godot_variant& ret)
   at Godot.CanvasItem.InvokeGodotClassMethod(godot_string_name& method, NativeVariantPtrArgs args, godot_variant& ret)
   at Godot.Control.InvokeGodotClassMethod(godot_string_name& method, NativeVariantPtrArgs args, godot_variant& ret)
   at MegaCrit.Sts2.Core.Nodes.NGame.InvokeGodotClassMethod(godot_string_name& method, NativeVariantPtrArgs args, godot_variant& ret)
   at Godot.Bridge.CSharpInstanceBridge.Call(IntPtr godotObjectGCHandle, godot_string_name* method, godot_variant** args, Int32 argCount, godot_variant_call_error* refCallError, godot_variant* ret)

[INFO] Found mod manifest file E:\SteamLibrary\steamapps\common\Slay the Spire 2\mods\TheQueen\TheQueen\localization\eng\potions.json
[ERROR] Mod manifest E:\SteamLibrary\steamapps\common\Slay the Spire 2\mods\TheQueen\TheQueen\localization\eng\potions.json is missing the 'id' field! This is not allowed. The mod will not be loaded.
   at MegaCrit.Sts2.Core.Modding.ModManager.ReadModManifest(String filename, ModSource source)
   at MegaCrit.Sts2.Core.Modding.ModManager.ReadModsInDirRecursive(String path, ModSource source, List`1 newMods)
   at MegaCrit.Sts2.Core.Modding.ModManager.ReadModsInDirRecursive(String path, ModSource source, List`1 newMods)
   at MegaCrit.Sts2.Core.Modding.ModManager.ReadModsInDirRecursive(String path, ModSource source, List`1 newMods)
   at MegaCrit.Sts2.Core.Modding.ModManager.ReadModsInDirRecursive(String path, ModSource source, List`1 newMods)
   at MegaCrit.Sts2.Core.Modding.ModManager.ReadModsInDirRecursive(String path, ModSource source, List`1 newMods)
   at MegaCrit.Sts2.Core.Modding.ModManager.Initialize(IModManagerFileIo fileIo, ModSettings settings)
   at MegaCrit.Sts2.Core.Helpers.OneTimeInitialization.ExecuteVeryEarly()
   at MegaCrit.Sts2.Core.Nodes.NGame.GameStartup()
   at System.Runtime.CompilerServices.AsyncMethodBuilderCore.Start[TStateMachine](TStateMachine& stateMachine)
   at MegaCrit.Sts2.Core.Nodes.NGame.GameStartup()
   at MegaCrit.Sts2.Core.Nodes.NGame.GameStartupWrapper()
   at System.Runtime.CompilerServices.AsyncMethodBuilderCore.Start[TStateMachine](TStateMachine& stateMachine)
   at MegaCrit.Sts2.Core.Nodes.NGame.GameStartupWrapper()
   at MegaCrit.Sts2.Core.Nodes.NGame._EnterTree()
   at Godot.Node.InvokeGodotClassMethod(godot_string_name& method, NativeVariantPtrArgs args, godot_variant& ret)
   at Godot.CanvasItem.InvokeGodotClassMethod(godot_string_name& method, NativeVariantPtrArgs args, godot_variant& ret)
   at Godot.Control.InvokeGodotClassMethod(godot_string_name& method, NativeVariantPtrArgs args, godot_variant& ret)
   at MegaCrit.Sts2.Core.Nodes.NGame.InvokeGodotClassMethod(godot_string_name& method, NativeVariantPtrArgs args, godot_variant& ret)
   at Godot.Bridge.CSharpInstanceBridge.Call(IntPtr godotObjectGCHandle, godot_string_name* method, godot_variant** args, Int32 argCount, godot_variant_call_error* refCallError, godot_variant* ret)

[INFO] Found mod manifest file E:\SteamLibrary\steamapps\common\Slay the Spire 2\mods\TheQueen\TheQueen\localization\eng\powers.json
[ERROR] Mod manifest E:\SteamLibrary\steamapps\common\Slay the Spire 2\mods\TheQueen\TheQueen\localization\eng\powers.json is missing the 'id' field! This is not allowed. The mod will not be loaded.
   at MegaCrit.Sts2.Core.Modding.ModManager.ReadModManifest(String filename, ModSource source)
   at MegaCrit.Sts2.Core.Modding.ModManager.ReadModsInDirRecursive(String path, ModSource source, List`1 newMods)
   at MegaCrit.Sts2.Core.Modding.ModManager.ReadModsInDirRecursive(String path, ModSource source, List`1 newMods)
   at MegaCrit.Sts2.Core.Modding.ModManager.ReadModsInDirRecursive(String path, ModSource source, List`1 newMods)
   at MegaCrit.Sts2.Core.Modding.ModManager.ReadModsInDirRecursive(String path, ModSource source, List`1 newMods)
   at MegaCrit.Sts2.Core.Modding.ModManager.ReadModsInDirRecursive(String path, ModSource source, List`1 newMods)
   at MegaCrit.Sts2.Core.Modding.ModManager.Initialize(IModManagerFileIo fileIo, ModSettings settings)
   at MegaCrit.Sts2.Core.Helpers.OneTimeInitialization.ExecuteVeryEarly()
   at MegaCrit.Sts2.Core.Nodes.NGame.GameStartup()
   at System.Runtime.CompilerServices.AsyncMethodBuilderCore.Start[TStateMachine](TStateMachine& stateMachine)
   at MegaCrit.Sts2.Core.Nodes.NGame.GameStartup()
   at MegaCrit.Sts2.Core.Nodes.NGame.GameStartupWrapper()
   at System.Runtime.CompilerServices.AsyncMethodBuilderCore.Start[TStateMachine](TStateMachine& stateMachine)
   at MegaCrit.Sts2.Core.Nodes.NGame.GameStartupWrapper()
   at MegaCrit.Sts2.Core.Nodes.NGame._EnterTree()
   at Godot.Node.InvokeGodotClassMethod(godot_string_name& method, NativeVariantPtrArgs args, godot_variant& ret)
   at Godot.CanvasItem.InvokeGodotClassMethod(godot_string_name& method, NativeVariantPtrArgs args, godot_variant& ret)
   at Godot.Control.InvokeGodotClassMethod(godot_string_name& method, NativeVariantPtrArgs args, godot_variant& ret)
   at MegaCrit.Sts2.Core.Nodes.NGame.InvokeGodotClassMethod(godot_string_name& method, NativeVariantPtrArgs args, godot_variant& ret)
   at Godot.Bridge.CSharpInstanceBridge.Call(IntPtr godotObjectGCHandle, godot_string_name* method, godot_variant** args, Int32 argCount, godot_variant_call_error* refCallError, godot_variant* ret)

[INFO] Found mod manifest file E:\SteamLibrary\steamapps\common\Slay the Spire 2\mods\TheQueen\TheQueen\localization\eng\relics.json
[ERROR] Mod manifest E:\SteamLibrary\steamapps\common\Slay the Spire 2\mods\TheQueen\TheQueen\localization\eng\relics.json is missing the 'id' field! This is not allowed. The mod will not be loaded.
   at MegaCrit.Sts2.Core.Modding.ModManager.ReadModManifest(String filename, ModSource source)
   at MegaCrit.Sts2.Core.Modding.ModManager.ReadModsInDirRecursive(String path, ModSource source, List`1 newMods)
   at MegaCrit.Sts2.Core.Modding.ModManager.ReadModsInDirRecursive(String path, ModSource source, List`1 newMods)
   at MegaCrit.Sts2.Core.Modding.ModManager.ReadModsInDirRecursive(String path, ModSource source, List`1 newMods)
   at MegaCrit.Sts2.Core.Modding.ModManager.ReadModsInDirRecursive(String path, ModSource source, List`1 newMods)
   at MegaCrit.Sts2.Core.Modding.ModManager.ReadModsInDirRecursive(String path, ModSource source, List`1 newMods)
   at MegaCrit.Sts2.Core.Modding.ModManager.Initialize(IModManagerFileIo fileIo, ModSettings settings)
   at MegaCrit.Sts2.Core.Helpers.OneTimeInitialization.ExecuteVeryEarly()
   at MegaCrit.Sts2.Core.Nodes.NGame.GameStartup()
   at System.Runtime.CompilerServices.AsyncMethodBuilderCore.Start[TStateMachine](TStateMachine& stateMachine)
   at MegaCrit.Sts2.Core.Nodes.NGame.GameStartup()
   at MegaCrit.Sts2.Core.Nodes.NGame.GameStartupWrapper()
   at System.Runtime.CompilerServices.AsyncMethodBuilderCore.Start[TStateMachine](TStateMachine& stateMachine)
   at MegaCrit.Sts2.Core.Nodes.NGame.GameStartupWrapper()
   at MegaCrit.Sts2.Core.Nodes.NGame._EnterTree()
   at Godot.Node.InvokeGodotClassMethod(godot_string_name& method, NativeVariantPtrArgs args, godot_variant& ret)
   at Godot.CanvasItem.InvokeGodotClassMethod(godot_string_name& method, NativeVariantPtrArgs args, godot_variant& ret)
   at Godot.Control.InvokeGodotClassMethod(godot_string_name& method, NativeVariantPtrArgs args, godot_variant& ret)
   at MegaCrit.Sts2.Core.Nodes.NGame.InvokeGodotClassMethod(godot_string_name& method, NativeVariantPtrArgs args, godot_variant& ret)
   at Godot.Bridge.CSharpInstanceBridge.Call(IntPtr godotObjectGCHandle, godot_string_name* method, godot_variant** args, Int32 argCount, godot_variant_call_error* refCallError, godot_variant* ret)

[INFO] Found mod manifest file E:\SteamLibrary\steamapps\common\Slay the Spire 2\mods\TheQueen\TheQueen\localization\eng\static_hover_tips.json
[ERROR] Mod manifest E:\SteamLibrary\steamapps\common\Slay the Spire 2\mods\TheQueen\TheQueen\localization\eng\static_hover_tips.json is missing the 'id' field! This is not allowed. The mod will not be loaded.
   at MegaCrit.Sts2.Core.Modding.ModManager.ReadModManifest(String filename, ModSource source)
   at MegaCrit.Sts2.Core.Modding.ModManager.ReadModsInDirRecursive(String path, ModSource source, List`1 newMods)
   at MegaCrit.Sts2.Core.Modding.ModManager.ReadModsInDirRecursive(String path, ModSource source, List`1 newMods)
   at MegaCrit.Sts2.Core.Modding.ModManager.ReadModsInDirRecursive(String path, ModSource source, List`1 newMods)
   at MegaCrit.Sts2.Core.Modding.ModManager.ReadModsInDirRecursive(String path, ModSource source, List`1 newMods)
   at MegaCrit.Sts2.Core.Modding.ModManager.ReadModsInDirRecursive(String path, ModSource source, List`1 newMods)
   at MegaCrit.Sts2.Core.Modding.ModManager.Initialize(IModManagerFileIo fileIo, ModSettings settings)
   at MegaCrit.Sts2.Core.Helpers.OneTimeInitialization.ExecuteVeryEarly()
   at MegaCrit.Sts2.Core.Nodes.NGame.GameStartup()
   at System.Runtime.CompilerServices.AsyncMethodBuilderCore.Start[TStateMachine](TStateMachine& stateMachine)
   at MegaCrit.Sts2.Core.Nodes.NGame.GameStartup()
   at MegaCrit.Sts2.Core.Nodes.NGame.GameStartupWrapper()
   at System.Runtime.CompilerServices.AsyncMethodBuilderCore.Start[TStateMachine](TStateMachine& stateMachine)
   at MegaCrit.Sts2.Core.Nodes.NGame.GameStartupWrapper()
   at MegaCrit.Sts2.Core.Nodes.NGame._EnterTree()
   at Godot.Node.InvokeGodotClassMethod(godot_string_name& method, NativeVariantPtrArgs args, godot_variant& ret)
   at Godot.CanvasItem.InvokeGodotClassMethod(godot_string_name& method, NativeVariantPtrArgs args, godot_variant& ret)
   at Godot.Control.InvokeGodotClassMethod(godot_string_name& method, NativeVariantPtrArgs args, godot_variant& ret)
   at MegaCrit.Sts2.Core.Nodes.NGame.InvokeGodotClassMethod(godot_string_name& method, NativeVariantPtrArgs args, godot_variant& ret)
   at Godot.Bridge.CSharpInstanceBridge.Call(IntPtr godotObjectGCHandle, godot_string_name* method, godot_variant** args, Int32 argCount, godot_variant_call_error* refCallError, godot_variant* ret)

[INFO] Found mod manifest file E:\SteamLibrary\steamapps\common\Slay the Spire 2\mods\TheQueen\TheQueen\localization\jpn\afflictions.json
[ERROR] Mod manifest E:\SteamLibrary\steamapps\common\Slay the Spire 2\mods\TheQueen\TheQueen\localization\jpn\afflictions.json is missing the 'id' field! This is not allowed. The mod will not be loaded.
   at MegaCrit.Sts2.Core.Modding.ModManager.ReadModManifest(String filename, ModSource source)
   at MegaCrit.Sts2.Core.Modding.ModManager.ReadModsInDirRecursive(String path, ModSource source, List`1 newMods)
   at MegaCrit.Sts2.Core.Modding.ModManager.ReadModsInDirRecursive(String path, ModSource source, List`1 newMods)
   at MegaCrit.Sts2.Core.Modding.ModManager.ReadModsInDirRecursive(String path, ModSource source, List`1 newMods)
   at MegaCrit.Sts2.Core.Modding.ModManager.ReadModsInDirRecursive(String path, ModSource source, List`1 newMods)
   at MegaCrit.Sts2.Core.Modding.ModManager.ReadModsInDirRecursive(String path, ModSource source, List`1 newMods)
   at MegaCrit.Sts2.Core.Modding.ModManager.Initialize(IModManagerFileIo fileIo, ModSettings settings)
   at MegaCrit.Sts2.Core.Helpers.OneTimeInitialization.ExecuteVeryEarly()
   at MegaCrit.Sts2.Core.Nodes.NGame.GameStartup()
   at System.Runtime.CompilerServices.AsyncMethodBuilderCore.Start[TStateMachine](TStateMachine& stateMachine)
   at MegaCrit.Sts2.Core.Nodes.NGame.GameStartup()
   at MegaCrit.Sts2.Core.Nodes.NGame.GameStartupWrapper()
   at System.Runtime.CompilerServices.AsyncMethodBuilderCore.Start[TStateMachine](TStateMachine& stateMachine)
   at MegaCrit.Sts2.Core.Nodes.NGame.GameStartupWrapper()
   at MegaCrit.Sts2.Core.Nodes.NGame._EnterTree()
   at Godot.Node.InvokeGodotClassMethod(godot_string_name& method, NativeVariantPtrArgs args, godot_variant& ret)
   at Godot.CanvasItem.InvokeGodotClassMethod(godot_string_name& method, NativeVariantPtrArgs args, godot_variant& ret)
   at Godot.Control.InvokeGodotClassMethod(godot_string_name& method, NativeVariantPtrArgs args, godot_variant& ret)
   at MegaCrit.Sts2.Core.Nodes.NGame.InvokeGodotClassMethod(godot_string_name& method, NativeVariantPtrArgs args, godot_variant& ret)
   at Godot.Bridge.CSharpInstanceBridge.Call(IntPtr godotObjectGCHandle, godot_string_name* method, godot_variant** args, Int32 argCount, godot_variant_call_error* refCallError, godot_variant* ret)

[INFO] Found mod manifest file E:\SteamLibrary\steamapps\common\Slay the Spire 2\mods\TheQueen\TheQueen\localization\jpn\ancients.json
[ERROR] Mod manifest E:\SteamLibrary\steamapps\common\Slay the Spire 2\mods\TheQueen\TheQueen\localization\jpn\ancients.json is missing the 'id' field! This is not allowed. The mod will not be loaded.
   at MegaCrit.Sts2.Core.Modding.ModManager.ReadModManifest(String filename, ModSource source)
   at MegaCrit.Sts2.Core.Modding.ModManager.ReadModsInDirRecursive(String path, ModSource source, List`1 newMods)
   at MegaCrit.Sts2.Core.Modding.ModManager.ReadModsInDirRecursive(String path, ModSource source, List`1 newMods)
   at MegaCrit.Sts2.Core.Modding.ModManager.ReadModsInDirRecursive(String path, ModSource source, List`1 newMods)
   at MegaCrit.Sts2.Core.Modding.ModManager.ReadModsInDirRecursive(String path, ModSource source, List`1 newMods)
   at MegaCrit.Sts2.Core.Modding.ModManager.ReadModsInDirRecursive(String path, ModSource source, List`1 newMods)
   at MegaCrit.Sts2.Core.Modding.ModManager.Initialize(IModManagerFileIo fileIo, ModSettings settings)
   at MegaCrit.Sts2.Core.Helpers.OneTimeInitialization.ExecuteVeryEarly()
   at MegaCrit.Sts2.Core.Nodes.NGame.GameStartup()
   at System.Runtime.CompilerServices.AsyncMethodBuilderCore.Start[TStateMachine](TStateMachine& stateMachine)
   at MegaCrit.Sts2.Core.Nodes.NGame.GameStartup()
   at MegaCrit.Sts2.Core.Nodes.NGame.GameStartupWrapper()
   at System.Runtime.CompilerServices.AsyncMethodBuilderCore.Start[TStateMachine](TStateMachine& stateMachine)
   at MegaCrit.Sts2.Core.Nodes.NGame.GameStartupWrapper()
   at MegaCrit.Sts2.Core.Nodes.NGame._EnterTree()
   at Godot.Node.InvokeGodotClassMethod(godot_string_name& method, NativeVariantPtrArgs args, godot_variant& ret)
   at Godot.CanvasItem.InvokeGodotClassMethod(godot_string_name& method, NativeVariantPtrArgs args, godot_variant& ret)
   at Godot.Control.InvokeGodotClassMethod(godot_string_name& method, NativeVariantPtrArgs args, godot_variant& ret)
   at MegaCrit.Sts2.Core.Nodes.NGame.InvokeGodotClassMethod(godot_string_name& method, NativeVariantPtrArgs args, godot_variant& ret)
   at Godot.Bridge.CSharpInstanceBridge.Call(IntPtr godotObjectGCHandle, godot_string_name* method, godot_variant** args, Int32 argCount, godot_variant_call_error* refCallError, godot_variant* ret)

[INFO] Found mod manifest file E:\SteamLibrary\steamapps\common\Slay the Spire 2\mods\TheQueen\TheQueen\localization\jpn\card_keywords.json
[ERROR] Mod manifest E:\SteamLibrary\steamapps\common\Slay the Spire 2\mods\TheQueen\TheQueen\localization\jpn\card_keywords.json is missing the 'id' field! This is not allowed. The mod will not be loaded.
   at MegaCrit.Sts2.Core.Modding.ModManager.ReadModManifest(String filename, ModSource source)
   at MegaCrit.Sts2.Core.Modding.ModManager.ReadModsInDirRecursive(String path, ModSource source, List`1 newMods)
   at MegaCrit.Sts2.Core.Modding.ModManager.ReadModsInDirRecursive(String path, ModSource source, List`1 newMods)
   at MegaCrit.Sts2.Core.Modding.ModManager.ReadModsInDirRecursive(String path, ModSource source, List`1 newMods)
   at MegaCrit.Sts2.Core.Modding.ModManager.ReadModsInDirRecursive(String path, ModSource source, List`1 newMods)
   at MegaCrit.Sts2.Core.Modding.ModManager.ReadModsInDirRecursive(String path, ModSource source, List`1 newMods)
   at MegaCrit.Sts2.Core.Modding.ModManager.Initialize(IModManagerFileIo fileIo, ModSettings settings)
   at MegaCrit.Sts2.Core.Helpers.OneTimeInitialization.ExecuteVeryEarly()
   at MegaCrit.Sts2.Core.Nodes.NGame.GameStartup()
   at System.Runtime.CompilerServices.AsyncMethodBuilderCore.Start[TStateMachine](TStateMachine& stateMachine)
   at MegaCrit.Sts2.Core.Nodes.NGame.GameStartup()
   at MegaCrit.Sts2.Core.Nodes.NGame.GameStartupWrapper()
   at System.Runtime.CompilerServices.AsyncMethodBuilderCore.Start[TStateMachine](TStateMachine& stateMachine)
   at MegaCrit.Sts2.Core.Nodes.NGame.GameStartupWrapper()
   at MegaCrit.Sts2.Core.Nodes.NGame._EnterTree()
   at Godot.Node.InvokeGodotClassMethod(godot_string_name& method, NativeVariantPtrArgs args, godot_variant& ret)
   at Godot.CanvasItem.InvokeGodotClassMethod(godot_string_name& method, NativeVariantPtrArgs args, godot_variant& ret)
   at Godot.Control.InvokeGodotClassMethod(godot_string_name& method, NativeVariantPtrArgs args, godot_variant& ret)
   at MegaCrit.Sts2.Core.Nodes.NGame.InvokeGodotClassMethod(godot_string_name& method, NativeVariantPtrArgs args, godot_variant& ret)
   at Godot.Bridge.CSharpInstanceBridge.Call(IntPtr godotObjectGCHandle, godot_string_name* method, godot_variant** args, Int32 argCount, godot_variant_call_error* refCallError, godot_variant* ret)

[INFO] Found mod manifest file E:\SteamLibrary\steamapps\common\Slay the Spire 2\mods\TheQueen\TheQueen\localization\jpn\card_library.json
[ERROR] Mod manifest E:\SteamLibrary\steamapps\common\Slay the Spire 2\mods\TheQueen\TheQueen\localization\jpn\card_library.json is missing the 'id' field! This is not allowed. The mod will not be loaded.
   at MegaCrit.Sts2.Core.Modding.ModManager.ReadModManifest(String filename, ModSource source)
   at MegaCrit.Sts2.Core.Modding.ModManager.ReadModsInDirRecursive(String path, ModSource source, List`1 newMods)
   at MegaCrit.Sts2.Core.Modding.ModManager.ReadModsInDirRecursive(String path, ModSource source, List`1 newMods)
   at MegaCrit.Sts2.Core.Modding.ModManager.ReadModsInDirRecursive(String path, ModSource source, List`1 newMods)
   at MegaCrit.Sts2.Core.Modding.ModManager.ReadModsInDirRecursive(String path, ModSource source, List`1 newMods)
   at MegaCrit.Sts2.Core.Modding.ModManager.ReadModsInDirRecursive(String path, ModSource source, List`1 newMods)
   at MegaCrit.Sts2.Core.Modding.ModManager.Initialize(IModManagerFileIo fileIo, ModSettings settings)
   at MegaCrit.Sts2.Core.Helpers.OneTimeInitialization.ExecuteVeryEarly()
   at MegaCrit.Sts2.Core.Nodes.NGame.GameStartup()
   at System.Runtime.CompilerServices.AsyncMethodBuilderCore.Start[TStateMachine](TStateMachine& stateMachine)
   at MegaCrit.Sts2.Core.Nodes.NGame.GameStartup()
   at MegaCrit.Sts2.Core.Nodes.NGame.GameStartupWrapper()
   at System.Runtime.CompilerServices.AsyncMethodBuilderCore.Start[TStateMachine](TStateMachine& stateMachine)
   at MegaCrit.Sts2.Core.Nodes.NGame.GameStartupWrapper()
   at MegaCrit.Sts2.Core.Nodes.NGame._EnterTree()
   at Godot.Node.InvokeGodotClassMethod(godot_string_name& method, NativeVariantPtrArgs args, godot_variant& ret)
   at Godot.CanvasItem.InvokeGodotClassMethod(godot_string_name& method, NativeVariantPtrArgs args, godot_variant& ret)
   at Godot.Control.InvokeGodotClassMethod(godot_string_name& method, NativeVariantPtrArgs args, godot_variant& ret)
   at MegaCrit.Sts2.Core.Nodes.NGame.InvokeGodotClassMethod(godot_string_name& method, NativeVariantPtrArgs args, godot_variant& ret)
   at Godot.Bridge.CSharpInstanceBridge.Call(IntPtr godotObjectGCHandle, godot_string_name* method, godot_variant** args, Int32 argCount, godot_variant_call_error* refCallError, godot_variant* ret)

[INFO] Found mod manifest file E:\SteamLibrary\steamapps\common\Slay the Spire 2\mods\TheQueen\TheQueen\localization\jpn\cards.json
[ERROR] Mod manifest E:\SteamLibrary\steamapps\common\Slay the Spire 2\mods\TheQueen\TheQueen\localization\jpn\cards.json is missing the 'id' field! This is not allowed. The mod will not be loaded.
   at MegaCrit.Sts2.Core.Modding.ModManager.ReadModManifest(String filename, ModSource source)
   at MegaCrit.Sts2.Core.Modding.ModManager.ReadModsInDirRecursive(String path, ModSource source, List`1 newMods)
   at MegaCrit.Sts2.Core.Modding.ModManager.ReadModsInDirRecursive(String path, ModSource source, List`1 newMods)
   at MegaCrit.Sts2.Core.Modding.ModManager.ReadModsInDirRecursive(String path, ModSource source, List`1 newMods)
   at MegaCrit.Sts2.Core.Modding.ModManager.ReadModsInDirRecursive(String path, ModSource source, List`1 newMods)
   at MegaCrit.Sts2.Core.Modding.ModManager.ReadModsInDirRecursive(String path, ModSource source, List`1 newMods)
   at MegaCrit.Sts2.Core.Modding.ModManager.Initialize(IModManagerFileIo fileIo, ModSettings settings)
   at MegaCrit.Sts2.Core.Helpers.OneTimeInitialization.ExecuteVeryEarly()
   at MegaCrit.Sts2.Core.Nodes.NGame.GameStartup()
   at System.Runtime.CompilerServices.AsyncMethodBuilderCore.Start[TStateMachine](TStateMachine& stateMachine)
   at MegaCrit.Sts2.Core.Nodes.NGame.GameStartup()
   at MegaCrit.Sts2.Core.Nodes.NGame.GameStartupWrapper()
   at System.Runtime.CompilerServices.AsyncMethodBuilderCore.Start[TStateMachine](TStateMachine& stateMachine)
   at MegaCrit.Sts2.Core.Nodes.NGame.GameStartupWrapper()
   at MegaCrit.Sts2.Core.Nodes.NGame._EnterTree()
   at Godot.Node.InvokeGodotClassMethod(godot_string_name& method, NativeVariantPtrArgs args, godot_variant& ret)
   at Godot.CanvasItem.InvokeGodotClassMethod(godot_string_name& method, NativeVariantPtrArgs args, godot_variant& ret)
   at Godot.Control.InvokeGodotClassMethod(godot_string_name& method, NativeVariantPtrArgs args, godot_variant& ret)
   at MegaCrit.Sts2.Core.Nodes.NGame.InvokeGodotClassMethod(godot_string_name& method, NativeVariantPtrArgs args, godot_variant& ret)
   at Godot.Bridge.CSharpInstanceBridge.Call(IntPtr godotObjectGCHandle, godot_string_name* method, godot_variant** args, Int32 argCount, godot_variant_call_error* refCallError, godot_variant* ret)

[INFO] Found mod manifest file E:\SteamLibrary\steamapps\common\Slay the Spire 2\mods\TheQueen\TheQueen\localization\jpn\characters.json
[ERROR] Mod manifest E:\SteamLibrary\steamapps\common\Slay the Spire 2\mods\TheQueen\TheQueen\localization\jpn\characters.json is missing the 'id' field! This is not allowed. The mod will not be loaded.
   at MegaCrit.Sts2.Core.Modding.ModManager.ReadModManifest(String filename, ModSource source)
   at MegaCrit.Sts2.Core.Modding.ModManager.ReadModsInDirRecursive(String path, ModSource source, List`1 newMods)
   at MegaCrit.Sts2.Core.Modding.ModManager.ReadModsInDirRecursive(String path, ModSource source, List`1 newMods)
   at MegaCrit.Sts2.Core.Modding.ModManager.ReadModsInDirRecursive(String path, ModSource source, List`1 newMods)
   at MegaCrit.Sts2.Core.Modding.ModManager.ReadModsInDirRecursive(String path, ModSource source, List`1 newMods)
   at MegaCrit.Sts2.Core.Modding.ModManager.ReadModsInDirRecursive(String path, ModSource source, List`1 newMods)
   at MegaCrit.Sts2.Core.Modding.ModManager.Initialize(IModManagerFileIo fileIo, ModSettings settings)
   at MegaCrit.Sts2.Core.Helpers.OneTimeInitialization.ExecuteVeryEarly()
   at MegaCrit.Sts2.Core.Nodes.NGame.GameStartup()
   at System.Runtime.CompilerServices.AsyncMethodBuilderCore.Start[TStateMachine](TStateMachine& stateMachine)
   at MegaCrit.Sts2.Core.Nodes.NGame.GameStartup()
   at MegaCrit.Sts2.Core.Nodes.NGame.GameStartupWrapper()
   at System.Runtime.CompilerServices.AsyncMethodBuilderCore.Start[TStateMachine](TStateMachine& stateMachine)
   at MegaCrit.Sts2.Core.Nodes.NGame.GameStartupWrapper()
   at MegaCrit.Sts2.Core.Nodes.NGame._EnterTree()
   at Godot.Node.InvokeGodotClassMethod(godot_string_name& method, NativeVariantPtrArgs args, godot_variant& ret)
   at Godot.CanvasItem.InvokeGodotClassMethod(godot_string_name& method, NativeVariantPtrArgs args, godot_variant& ret)
   at Godot.Control.InvokeGodotClassMethod(godot_string_name& method, NativeVariantPtrArgs args, godot_variant& ret)
   at MegaCrit.Sts2.Core.Nodes.NGame.InvokeGodotClassMethod(godot_string_name& method, NativeVariantPtrArgs args, godot_variant& ret)
   at Godot.Bridge.CSharpInstanceBridge.Call(IntPtr godotObjectGCHandle, godot_string_name* method, godot_variant** args, Int32 argCount, godot_variant_call_error* refCallError, godot_variant* ret)

[INFO] Found mod manifest file E:\SteamLibrary\steamapps\common\Slay the Spire 2\mods\TheQueen\TheQueen\localization\jpn\enchantments.json
[ERROR] Mod manifest E:\SteamLibrary\steamapps\common\Slay the Spire 2\mods\TheQueen\TheQueen\localization\jpn\enchantments.json is missing the 'id' field! This is not allowed. The mod will not be loaded.
   at MegaCrit.Sts2.Core.Modding.ModManager.ReadModManifest(String filename, ModSource source)
   at MegaCrit.Sts2.Core.Modding.ModManager.ReadModsInDirRecursive(String path, ModSource source, List`1 newMods)
   at MegaCrit.Sts2.Core.Modding.ModManager.ReadModsInDirRecursive(String path, ModSource source, List`1 newMods)
   at MegaCrit.Sts2.Core.Modding.ModManager.ReadModsInDirRecursive(String path, ModSource source, List`1 newMods)
   at MegaCrit.Sts2.Core.Modding.ModManager.ReadModsInDirRecursive(String path, ModSource source, List`1 newMods)
   at MegaCrit.Sts2.Core.Modding.ModManager.ReadModsInDirRecursive(String path, ModSource source, List`1 newMods)
   at MegaCrit.Sts2.Core.Modding.ModManager.Initialize(IModManagerFileIo fileIo, ModSettings settings)
   at MegaCrit.Sts2.Core.Helpers.OneTimeInitialization.ExecuteVeryEarly()
   at MegaCrit.Sts2.Core.Nodes.NGame.GameStartup()
   at System.Runtime.CompilerServices.AsyncMethodBuilderCore.Start[TStateMachine](TStateMachine& stateMachine)
   at MegaCrit.Sts2.Core.Nodes.NGame.GameStartup()
   at MegaCrit.Sts2.Core.Nodes.NGame.GameStartupWrapper()
   at System.Runtime.CompilerServices.AsyncMethodBuilderCore.Start[TStateMachine](TStateMachine& stateMachine)
   at MegaCrit.Sts2.Core.Nodes.NGame.GameStartupWrapper()
   at MegaCrit.Sts2.Core.Nodes.NGame._EnterTree()
   at Godot.Node.InvokeGodotClassMethod(godot_string_name& method, NativeVariantPtrArgs args, godot_variant& ret)
   at Godot.CanvasItem.InvokeGodotClassMethod(godot_string_name& method, NativeVariantPtrArgs args, godot_variant& ret)
   at Godot.Control.InvokeGodotClassMethod(godot_string_name& method, NativeVariantPtrArgs args, godot_variant& ret)
   at MegaCrit.Sts2.Core.Nodes.NGame.InvokeGodotClassMethod(godot_string_name& method, NativeVariantPtrArgs args, godot_variant& ret)
   at Godot.Bridge.CSharpInstanceBridge.Call(IntPtr godotObjectGCHandle, godot_string_name* method, godot_variant** args, Int32 argCount, godot_variant_call_error* refCallError, godot_variant* ret)

[INFO] Found mod manifest file E:\SteamLibrary\steamapps\common\Slay the Spire 2\mods\TheQueen\TheQueen\localization\jpn\intents.json
[ERROR] Mod manifest E:\SteamLibrary\steamapps\common\Slay the Spire 2\mods\TheQueen\TheQueen\localization\jpn\intents.json is missing the 'id' field! This is not allowed. The mod will not be loaded.
   at MegaCrit.Sts2.Core.Modding.ModManager.ReadModManifest(String filename, ModSource source)
   at MegaCrit.Sts2.Core.Modding.ModManager.ReadModsInDirRecursive(String path, ModSource source, List`1 newMods)
   at MegaCrit.Sts2.Core.Modding.ModManager.ReadModsInDirRecursive(String path, ModSource source, List`1 newMods)
   at MegaCrit.Sts2.Core.Modding.ModManager.ReadModsInDirRecursive(String path, ModSource source, List`1 newMods)
   at MegaCrit.Sts2.Core.Modding.ModManager.ReadModsInDirRecursive(String path, ModSource source, List`1 newMods)
   at MegaCrit.Sts2.Core.Modding.ModManager.ReadModsInDirRecursive(String path, ModSource source, List`1 newMods)
   at MegaCrit.Sts2.Core.Modding.ModManager.Initialize(IModManagerFileIo fileIo, ModSettings settings)
   at MegaCrit.Sts2.Core.Helpers.OneTimeInitialization.ExecuteVeryEarly()
   at MegaCrit.Sts2.Core.Nodes.NGame.GameStartup()
   at System.Runtime.CompilerServices.AsyncMethodBuilderCore.Start[TStateMachine](TStateMachine& stateMachine)
   at MegaCrit.Sts2.Core.Nodes.NGame.GameStartup()
   at MegaCrit.Sts2.Core.Nodes.NGame.GameStartupWrapper()
   at System.Runtime.CompilerServices.AsyncMethodBuilderCore.Start[TStateMachine](TStateMachine& stateMachine)
   at MegaCrit.Sts2.Core.Nodes.NGame.GameStartupWrapper()
   at MegaCrit.Sts2.Core.Nodes.NGame._EnterTree()
   at Godot.Node.InvokeGodotClassMethod(godot_string_name& method, NativeVariantPtrArgs args, godot_variant& ret)
   at Godot.CanvasItem.InvokeGodotClassMethod(godot_string_name& method, NativeVariantPtrArgs args, godot_variant& ret)
   at Godot.Control.InvokeGodotClassMethod(godot_string_name& method, NativeVariantPtrArgs args, godot_variant& ret)
   at MegaCrit.Sts2.Core.Nodes.NGame.InvokeGodotClassMethod(godot_string_name& method, NativeVariantPtrArgs args, godot_variant& ret)
   at Godot.Bridge.CSharpInstanceBridge.Call(IntPtr godotObjectGCHandle, godot_string_name* method, godot_variant** args, Int32 argCount, godot_variant_call_error* refCallError, godot_variant* ret)

[INFO] Found mod manifest file E:\SteamLibrary\steamapps\common\Slay the Spire 2\mods\TheQueen\TheQueen\localization\jpn\monsters.json
[ERROR] Mod manifest E:\SteamLibrary\steamapps\common\Slay the Spire 2\mods\TheQueen\TheQueen\localization\jpn\monsters.json is missing the 'id' field! This is not allowed. The mod will not be loaded.
   at MegaCrit.Sts2.Core.Modding.ModManager.ReadModManifest(String filename, ModSource source)
   at MegaCrit.Sts2.Core.Modding.ModManager.ReadModsInDirRecursive(String path, ModSource source, List`1 newMods)
   at MegaCrit.Sts2.Core.Modding.ModManager.ReadModsInDirRecursive(String path, ModSource source, List`1 newMods)
   at MegaCrit.Sts2.Core.Modding.ModManager.ReadModsInDirRecursive(String path, ModSource source, List`1 newMods)
   at MegaCrit.Sts2.Core.Modding.ModManager.ReadModsInDirRecursive(String path, ModSource source, List`1 newMods)
   at MegaCrit.Sts2.Core.Modding.ModManager.ReadModsInDirRecursive(String path, ModSource source, List`1 newMods)
   at MegaCrit.Sts2.Core.Modding.ModManager.Initialize(IModManagerFileIo fileIo, ModSettings settings)
   at MegaCrit.Sts2.Core.Helpers.OneTimeInitialization.ExecuteVeryEarly()
   at MegaCrit.Sts2.Core.Nodes.NGame.GameStartup()
   at System.Runtime.CompilerServices.AsyncMethodBuilderCore.Start[TStateMachine](TStateMachine& stateMachine)
   at MegaCrit.Sts2.Core.Nodes.NGame.GameStartup()
   at MegaCrit.Sts2.Core.Nodes.NGame.GameStartupWrapper()
   at System.Runtime.CompilerServices.AsyncMethodBuilderCore.Start[TStateMachine](TStateMachine& stateMachine)
   at MegaCrit.Sts2.Core.Nodes.NGame.GameStartupWrapper()
   at MegaCrit.Sts2.Core.Nodes.NGame._EnterTree()
   at Godot.Node.InvokeGodotClassMethod(godot_string_name& method, NativeVariantPtrArgs args, godot_variant& ret)
   at Godot.CanvasItem.InvokeGodotClassMethod(godot_string_name& method, NativeVariantPtrArgs args, godot_variant& ret)
   at Godot.Control.InvokeGodotClassMethod(godot_string_name& method, NativeVariantPtrArgs args, godot_variant& ret)
   at MegaCrit.Sts2.Core.Nodes.NGame.InvokeGodotClassMethod(godot_string_name& method, NativeVariantPtrArgs args, godot_variant& ret)
   at Godot.Bridge.CSharpInstanceBridge.Call(IntPtr godotObjectGCHandle, godot_string_name* method, godot_variant** args, Int32 argCount, godot_variant_call_error* refCallError, godot_variant* ret)

[INFO] Found mod manifest file E:\SteamLibrary\steamapps\common\Slay the Spire 2\mods\TheQueen\TheQueen\localization\jpn\potions.json
[ERROR] Mod manifest E:\SteamLibrary\steamapps\common\Slay the Spire 2\mods\TheQueen\TheQueen\localization\jpn\potions.json is missing the 'id' field! This is not allowed. The mod will not be loaded.
   at MegaCrit.Sts2.Core.Modding.ModManager.ReadModManifest(String filename, ModSource source)
   at MegaCrit.Sts2.Core.Modding.ModManager.ReadModsInDirRecursive(String path, ModSource source, List`1 newMods)
   at MegaCrit.Sts2.Core.Modding.ModManager.ReadModsInDirRecursive(String path, ModSource source, List`1 newMods)
   at MegaCrit.Sts2.Core.Modding.ModManager.ReadModsInDirRecursive(String path, ModSource source, List`1 newMods)
   at MegaCrit.Sts2.Core.Modding.ModManager.ReadModsInDirRecursive(String path, ModSource source, List`1 newMods)
   at MegaCrit.Sts2.Core.Modding.ModManager.ReadModsInDirRecursive(String path, ModSource source, List`1 newMods)
   at MegaCrit.Sts2.Core.Modding.ModManager.Initialize(IModManagerFileIo fileIo, ModSettings settings)
   at MegaCrit.Sts2.Core.Helpers.OneTimeInitialization.ExecuteVeryEarly()
   at MegaCrit.Sts2.Core.Nodes.NGame.GameStartup()
   at System.Runtime.CompilerServices.AsyncMethodBuilderCore.Start[TStateMachine](TStateMachine& stateMachine)
   at MegaCrit.Sts2.Core.Nodes.NGame.GameStartup()
   at MegaCrit.Sts2.Core.Nodes.NGame.GameStartupWrapper()
   at System.Runtime.CompilerServices.AsyncMethodBuilderCore.Start[TStateMachine](TStateMachine& stateMachine)
   at MegaCrit.Sts2.Core.Nodes.NGame.GameStartupWrapper()
   at MegaCrit.Sts2.Core.Nodes.NGame._EnterTree()
   at Godot.Node.InvokeGodotClassMethod(godot_string_name& method, NativeVariantPtrArgs args, godot_variant& ret)
   at Godot.CanvasItem.InvokeGodotClassMethod(godot_string_name& method, NativeVariantPtrArgs args, godot_variant& ret)
   at Godot.Control.InvokeGodotClassMethod(godot_string_name& method, NativeVariantPtrArgs args, godot_variant& ret)
   at MegaCrit.Sts2.Core.Nodes.NGame.InvokeGodotClassMethod(godot_string_name& method, NativeVariantPtrArgs args, godot_variant& ret)
   at Godot.Bridge.CSharpInstanceBridge.Call(IntPtr godotObjectGCHandle, godot_string_name* method, godot_variant** args, Int32 argCount, godot_variant_call_error* refCallError, godot_variant* ret)

[INFO] Found mod manifest file E:\SteamLibrary\steamapps\common\Slay the Spire 2\mods\TheQueen\TheQueen\localization\jpn\powers.json
[ERROR] Mod manifest E:\SteamLibrary\steamapps\common\Slay the Spire 2\mods\TheQueen\TheQueen\localization\jpn\powers.json is missing the 'id' field! This is not allowed. The mod will not be loaded.
   at MegaCrit.Sts2.Core.Modding.ModManager.ReadModManifest(String filename, ModSource source)
   at MegaCrit.Sts2.Core.Modding.ModManager.ReadModsInDirRecursive(String path, ModSource source, List`1 newMods)
   at MegaCrit.Sts2.Core.Modding.ModManager.ReadModsInDirRecursive(String path, ModSource source, List`1 newMods)
   at MegaCrit.Sts2.Core.Modding.ModManager.ReadModsInDirRecursive(String path, ModSource source, List`1 newMods)
   at MegaCrit.Sts2.Core.Modding.ModManager.ReadModsInDirRecursive(String path, ModSource source, List`1 newMods)
   at MegaCrit.Sts2.Core.Modding.ModManager.ReadModsInDirRecursive(String path, ModSource source, List`1 newMods)
   at MegaCrit.Sts2.Core.Modding.ModManager.Initialize(IModManagerFileIo fileIo, ModSettings settings)
   at MegaCrit.Sts2.Core.Helpers.OneTimeInitialization.ExecuteVeryEarly()
   at MegaCrit.Sts2.Core.Nodes.NGame.GameStartup()
   at System.Runtime.CompilerServices.AsyncMethodBuilderCore.Start[TStateMachine](TStateMachine& stateMachine)
   at MegaCrit.Sts2.Core.Nodes.NGame.GameStartup()
   at MegaCrit.Sts2.Core.Nodes.NGame.GameStartupWrapper()
   at System.Runtime.CompilerServices.AsyncMethodBuilderCore.Start[TStateMachine](TStateMachine& stateMachine)
   at MegaCrit.Sts2.Core.Nodes.NGame.GameStartupWrapper()
   at MegaCrit.Sts2.Core.Nodes.NGame._EnterTree()
   at Godot.Node.InvokeGodotClassMethod(godot_string_name& method, NativeVariantPtrArgs args, godot_variant& ret)
   at Godot.CanvasItem.InvokeGodotClassMethod(godot_string_name& method, NativeVariantPtrArgs args, godot_variant& ret)
   at Godot.Control.InvokeGodotClassMethod(godot_string_name& method, NativeVariantPtrArgs args, godot_variant& ret)
   at MegaCrit.Sts2.Core.Nodes.NGame.InvokeGodotClassMethod(godot_string_name& method, NativeVariantPtrArgs args, godot_variant& ret)
   at Godot.Bridge.CSharpInstanceBridge.Call(IntPtr godotObjectGCHandle, godot_string_name* method, godot_variant** args, Int32 argCount, godot_variant_call_error* refCallError, godot_variant* ret)

[INFO] Found mod manifest file E:\SteamLibrary\steamapps\common\Slay the Spire 2\mods\TheQueen\TheQueen\localization\jpn\relics.json
[ERROR] Mod manifest E:\SteamLibrary\steamapps\common\Slay the Spire 2\mods\TheQueen\TheQueen\localization\jpn\relics.json is missing the 'id' field! This is not allowed. The mod will not be loaded.
   at MegaCrit.Sts2.Core.Modding.ModManager.ReadModManifest(String filename, ModSource source)
   at MegaCrit.Sts2.Core.Modding.ModManager.ReadModsInDirRecursive(String path, ModSource source, List`1 newMods)
   at MegaCrit.Sts2.Core.Modding.ModManager.ReadModsInDirRecursive(String path, ModSource source, List`1 newMods)
   at MegaCrit.Sts2.Core.Modding.ModManager.ReadModsInDirRecursive(String path, ModSource source, List`1 newMods)
   at MegaCrit.Sts2.Core.Modding.ModManager.ReadModsInDirRecursive(String path, ModSource source, List`1 newMods)
   at MegaCrit.Sts2.Core.Modding.ModManager.ReadModsInDirRecursive(String path, ModSource source, List`1 newMods)
   at MegaCrit.Sts2.Core.Modding.ModManager.Initialize(IModManagerFileIo fileIo, ModSettings settings)
   at MegaCrit.Sts2.Core.Helpers.OneTimeInitialization.ExecuteVeryEarly()
   at MegaCrit.Sts2.Core.Nodes.NGame.GameStartup()
   at System.Runtime.CompilerServices.AsyncMethodBuilderCore.Start[TStateMachine](TStateMachine& stateMachine)
   at MegaCrit.Sts2.Core.Nodes.NGame.GameStartup()
   at MegaCrit.Sts2.Core.Nodes.NGame.GameStartupWrapper()
   at System.Runtime.CompilerServices.AsyncMethodBuilderCore.Start[TStateMachine](TStateMachine& stateMachine)
   at MegaCrit.Sts2.Core.Nodes.NGame.GameStartupWrapper()
   at MegaCrit.Sts2.Core.Nodes.NGame._EnterTree()
   at Godot.Node.InvokeGodotClassMethod(godot_string_name& method, NativeVariantPtrArgs args, godot_variant& ret)
   at Godot.CanvasItem.InvokeGodotClassMethod(godot_string_name& method, NativeVariantPtrArgs args, godot_variant& ret)
   at Godot.Control.InvokeGodotClassMethod(godot_string_name& method, NativeVariantPtrArgs args, godot_variant& ret)
   at MegaCrit.Sts2.Core.Nodes.NGame.InvokeGodotClassMethod(godot_string_name& method, NativeVariantPtrArgs args, godot_variant& ret)
   at Godot.Bridge.CSharpInstanceBridge.Call(IntPtr godotObjectGCHandle, godot_string_name* method, godot_variant** args, Int32 argCount, godot_variant_call_error* refCallError, godot_variant* ret)

[INFO] Found mod manifest file E:\SteamLibrary\steamapps\common\Slay the Spire 2\mods\TheQueen\TheQueen\localization\jpn\static_hover_tips.json
[ERROR] Mod manifest E:\SteamLibrary\steamapps\common\Slay the Spire 2\mods\TheQueen\TheQueen\localization\jpn\static_hover_tips.json is missing the 'id' field! This is not allowed. The mod will not be loaded.
   at MegaCrit.Sts2.Core.Modding.ModManager.ReadModManifest(String filename, ModSource source)
   at MegaCrit.Sts2.Core.Modding.ModManager.ReadModsInDirRecursive(String path, ModSource source, List`1 newMods)
   at MegaCrit.Sts2.Core.Modding.ModManager.ReadModsInDirRecursive(String path, ModSource source, List`1 newMods)
   at MegaCrit.Sts2.Core.Modding.ModManager.ReadModsInDirRecursive(String path, ModSource source, List`1 newMods)
   at MegaCrit.Sts2.Core.Modding.ModManager.ReadModsInDirRecursive(String path, ModSource source, List`1 newMods)
   at MegaCrit.Sts2.Core.Modding.ModManager.ReadModsInDirRecursive(String path, ModSource source, List`1 newMods)
   at MegaCrit.Sts2.Core.Modding.ModManager.Initialize(IModManagerFileIo fileIo, ModSettings settings)
   at MegaCrit.Sts2.Core.Helpers.OneTimeInitialization.ExecuteVeryEarly()
   at MegaCrit.Sts2.Core.Nodes.NGame.GameStartup()
   at System.Runtime.CompilerServices.AsyncMethodBuilderCore.Start[TStateMachine](TStateMachine& stateMachine)
   at MegaCrit.Sts2.Core.Nodes.NGame.GameStartup()
   at MegaCrit.Sts2.Core.Nodes.NGame.GameStartupWrapper()
   at System.Runtime.CompilerServices.AsyncMethodBuilderCore.Start[TStateMachine](TStateMachine& stateMachine)
   at MegaCrit.Sts2.Core.Nodes.NGame.GameStartupWrapper()
   at MegaCrit.Sts2.Core.Nodes.NGame._EnterTree()
   at Godot.Node.InvokeGodotClassMethod(godot_string_name& method, NativeVariantPtrArgs args, godot_variant& ret)
   at Godot.CanvasItem.InvokeGodotClassMethod(godot_string_name& method, NativeVariantPtrArgs args, godot_variant& ret)
   at Godot.Control.InvokeGodotClassMethod(godot_string_name& method, NativeVariantPtrArgs args, godot_variant& ret)
   at MegaCrit.Sts2.Core.Nodes.NGame.InvokeGodotClassMethod(godot_string_name& method, NativeVariantPtrArgs args, godot_variant& ret)
   at Godot.Bridge.CSharpInstanceBridge.Call(IntPtr godotObjectGCHandle, godot_string_name* method, godot_variant** args, Int32 argCount, godot_variant_call_error* refCallError, godot_variant* ret)

[INFO] Found mod manifest file E:\SteamLibrary\steamapps\common\Slay the Spire 2\mods\TheQueen\TheQueen\localization\kor\afflictions.json
[ERROR] Mod manifest E:\SteamLibrary\steamapps\common\Slay the Spire 2\mods\TheQueen\TheQueen\localization\kor\afflictions.json is missing the 'id' field! This is not allowed. The mod will not be loaded.
   at MegaCrit.Sts2.Core.Modding.ModManager.ReadModManifest(String filename, ModSource source)
   at MegaCrit.Sts2.Core.Modding.ModManager.ReadModsInDirRecursive(String path, ModSource source, List`1 newMods)
   at MegaCrit.Sts2.Core.Modding.ModManager.ReadModsInDirRecursive(String path, ModSource source, List`1 newMods)
   at MegaCrit.Sts2.Core.Modding.ModManager.ReadModsInDirRecursive(String path, ModSource source, List`1 newMods)
   at MegaCrit.Sts2.Core.Modding.ModManager.ReadModsInDirRecursive(String path, ModSource source, List`1 newMods)
   at MegaCrit.Sts2.Core.Modding.ModManager.ReadModsInDirRecursive(String path, ModSource source, List`1 newMods)
   at MegaCrit.Sts2.Core.Modding.ModManager.Initialize(IModManagerFileIo fileIo, ModSettings settings)
   at MegaCrit.Sts2.Core.Helpers.OneTimeInitialization.ExecuteVeryEarly()
   at MegaCrit.Sts2.Core.Nodes.NGame.GameStartup()
   at System.Runtime.CompilerServices.AsyncMethodBuilderCore.Start[TStateMachine](TStateMachine& stateMachine)
   at MegaCrit.Sts2.Core.Nodes.NGame.GameStartup()
   at MegaCrit.Sts2.Core.Nodes.NGame.GameStartupWrapper()
   at System.Runtime.CompilerServices.AsyncMethodBuilderCore.Start[TStateMachine](TStateMachine& stateMachine)
   at MegaCrit.Sts2.Core.Nodes.NGame.GameStartupWrapper()
   at MegaCrit.Sts2.Core.Nodes.NGame._EnterTree()
   at Godot.Node.InvokeGodotClassMethod(godot_string_name& method, NativeVariantPtrArgs args, godot_variant& ret)
   at Godot.CanvasItem.InvokeGodotClassMethod(godot_string_name& method, NativeVariantPtrArgs args, godot_variant& ret)
   at Godot.Control.InvokeGodotClassMethod(godot_string_name& method, NativeVariantPtrArgs args, godot_variant& ret)
   at MegaCrit.Sts2.Core.Nodes.NGame.InvokeGodotClassMethod(godot_string_name& method, NativeVariantPtrArgs args, godot_variant& ret)
   at Godot.Bridge.CSharpInstanceBridge.Call(IntPtr godotObjectGCHandle, godot_string_name* method, godot_variant** args, Int32 argCount, godot_variant_call_error* refCallError, godot_variant* ret)

[INFO] Found mod manifest file E:\SteamLibrary\steamapps\common\Slay the Spire 2\mods\TheQueen\TheQueen\localization\kor\ancients.json
[ERROR] Mod manifest E:\SteamLibrary\steamapps\common\Slay the Spire 2\mods\TheQueen\TheQueen\localization\kor\ancients.json is missing the 'id' field! This is not allowed. The mod will not be loaded.
   at MegaCrit.Sts2.Core.Modding.ModManager.ReadModManifest(String filename, ModSource source)
   at MegaCrit.Sts2.Core.Modding.ModManager.ReadModsInDirRecursive(String path, ModSource source, List`1 newMods)
   at MegaCrit.Sts2.Core.Modding.ModManager.ReadModsInDirRecursive(String path, ModSource source, List`1 newMods)
   at MegaCrit.Sts2.Core.Modding.ModManager.ReadModsInDirRecursive(String path, ModSource source, List`1 newMods)
   at MegaCrit.Sts2.Core.Modding.ModManager.ReadModsInDirRecursive(String path, ModSource source, List`1 newMods)
   at MegaCrit.Sts2.Core.Modding.ModManager.ReadModsInDirRecursive(String path, ModSource source, List`1 newMods)
   at MegaCrit.Sts2.Core.Modding.ModManager.Initialize(IModManagerFileIo fileIo, ModSettings settings)
   at MegaCrit.Sts2.Core.Helpers.OneTimeInitialization.ExecuteVeryEarly()
   at MegaCrit.Sts2.Core.Nodes.NGame.GameStartup()
   at System.Runtime.CompilerServices.AsyncMethodBuilderCore.Start[TStateMachine](TStateMachine& stateMachine)
   at MegaCrit.Sts2.Core.Nodes.NGame.GameStartup()
   at MegaCrit.Sts2.Core.Nodes.NGame.GameStartupWrapper()
   at System.Runtime.CompilerServices.AsyncMethodBuilderCore.Start[TStateMachine](TStateMachine& stateMachine)
   at MegaCrit.Sts2.Core.Nodes.NGame.GameStartupWrapper()
   at MegaCrit.Sts2.Core.Nodes.NGame._EnterTree()
   at Godot.Node.InvokeGodotClassMethod(godot_string_name& method, NativeVariantPtrArgs args, godot_variant& ret)
   at Godot.CanvasItem.InvokeGodotClassMethod(godot_string_name& method, NativeVariantPtrArgs args, godot_variant& ret)
   at Godot.Control.InvokeGodotClassMethod(godot_string_name& method, NativeVariantPtrArgs args, godot_variant& ret)
   at MegaCrit.Sts2.Core.Nodes.NGame.InvokeGodotClassMethod(godot_string_name& method, NativeVariantPtrArgs args, godot_variant& ret)
   at Godot.Bridge.CSharpInstanceBridge.Call(IntPtr godotObjectGCHandle, godot_string_name* method, godot_variant** args, Int32 argCount, godot_variant_call_error* refCallError, godot_variant* ret)

[INFO] Found mod manifest file E:\SteamLibrary\steamapps\common\Slay the Spire 2\mods\TheQueen\TheQueen\localization\kor\card_keywords.json
[ERROR] Mod manifest E:\SteamLibrary\steamapps\common\Slay the Spire 2\mods\TheQueen\TheQueen\localization\kor\card_keywords.json is missing the 'id' field! This is not allowed. The mod will not be loaded.
   at MegaCrit.Sts2.Core.Modding.ModManager.ReadModManifest(String filename, ModSource source)
   at MegaCrit.Sts2.Core.Modding.ModManager.ReadModsInDirRecursive(String path, ModSource source, List`1 newMods)
   at MegaCrit.Sts2.Core.Modding.ModManager.ReadModsInDirRecursive(String path, ModSource source, List`1 newMods)
   at MegaCrit.Sts2.Core.Modding.ModManager.ReadModsInDirRecursive(String path, ModSource source, List`1 newMods)
   at MegaCrit.Sts2.Core.Modding.ModManager.ReadModsInDirRecursive(String path, ModSource source, List`1 newMods)
   at MegaCrit.Sts2.Core.Modding.ModManager.ReadModsInDirRecursive(String path, ModSource source, List`1 newMods)
   at MegaCrit.Sts2.Core.Modding.ModManager.Initialize(IModManagerFileIo fileIo, ModSettings settings)
   at MegaCrit.Sts2.Core.Helpers.OneTimeInitialization.ExecuteVeryEarly()
   at MegaCrit.Sts2.Core.Nodes.NGame.GameStartup()
   at System.Runtime.CompilerServices.AsyncMethodBuilderCore.Start[TStateMachine](TStateMachine& stateMachine)
   at MegaCrit.Sts2.Core.Nodes.NGame.GameStartup()
   at MegaCrit.Sts2.Core.Nodes.NGame.GameStartupWrapper()
   at System.Runtime.CompilerServices.AsyncMethodBuilderCore.Start[TStateMachine](TStateMachine& stateMachine)
   at MegaCrit.Sts2.Core.Nodes.NGame.GameStartupWrapper()
   at MegaCrit.Sts2.Core.Nodes.NGame._EnterTree()
   at Godot.Node.InvokeGodotClassMethod(godot_string_name& method, NativeVariantPtrArgs args, godot_variant& ret)
   at Godot.CanvasItem.InvokeGodotClassMethod(godot_string_name& method, NativeVariantPtrArgs args, godot_variant& ret)
   at Godot.Control.InvokeGodotClassMethod(godot_string_name& method, NativeVariantPtrArgs args, godot_variant& ret)
   at MegaCrit.Sts2.Core.Nodes.NGame.InvokeGodotClassMethod(godot_string_name& method, NativeVariantPtrArgs args, godot_variant& ret)
   at Godot.Bridge.CSharpInstanceBridge.Call(IntPtr godotObjectGCHandle, godot_string_name* method, godot_variant** args, Int32 argCount, godot_variant_call_error* refCallError, godot_variant* ret)

[INFO] Found mod manifest file E:\SteamLibrary\steamapps\common\Slay the Spire 2\mods\TheQueen\TheQueen\localization\kor\card_library.json
[ERROR] Mod manifest E:\SteamLibrary\steamapps\common\Slay the Spire 2\mods\TheQueen\TheQueen\localization\kor\card_library.json is missing the 'id' field! This is not allowed. The mod will not be loaded.
   at MegaCrit.Sts2.Core.Modding.ModManager.ReadModManifest(String filename, ModSource source)
   at MegaCrit.Sts2.Core.Modding.ModManager.ReadModsInDirRecursive(String path, ModSource source, List`1 newMods)
   at MegaCrit.Sts2.Core.Modding.ModManager.ReadModsInDirRecursive(String path, ModSource source, List`1 newMods)
   at MegaCrit.Sts2.Core.Modding.ModManager.ReadModsInDirRecursive(String path, ModSource source, List`1 newMods)
   at MegaCrit.Sts2.Core.Modding.ModManager.ReadModsInDirRecursive(String path, ModSource source, List`1 newMods)
   at MegaCrit.Sts2.Core.Modding.ModManager.ReadModsInDirRecursive(String path, ModSource source, List`1 newMods)
   at MegaCrit.Sts2.Core.Modding.ModManager.Initialize(IModManagerFileIo fileIo, ModSettings settings)
   at MegaCrit.Sts2.Core.Helpers.OneTimeInitialization.ExecuteVeryEarly()
   at MegaCrit.Sts2.Core.Nodes.NGame.GameStartup()
   at System.Runtime.CompilerServices.AsyncMethodBuilderCore.Start[TStateMachine](TStateMachine& stateMachine)
   at MegaCrit.Sts2.Core.Nodes.NGame.GameStartup()
   at MegaCrit.Sts2.Core.Nodes.NGame.GameStartupWrapper()
   at System.Runtime.CompilerServices.AsyncMethodBuilderCore.Start[TStateMachine](TStateMachine& stateMachine)
   at MegaCrit.Sts2.Core.Nodes.NGame.GameStartupWrapper()
   at MegaCrit.Sts2.Core.Nodes.NGame._EnterTree()
   at Godot.Node.InvokeGodotClassMethod(godot_string_name& method, NativeVariantPtrArgs args, godot_variant& ret)
   at Godot.CanvasItem.InvokeGodotClassMethod(godot_string_name& method, NativeVariantPtrArgs args, godot_variant& ret)
   at Godot.Control.InvokeGodotClassMethod(godot_string_name& method, NativeVariantPtrArgs args, godot_variant& ret)
   at MegaCrit.Sts2.Core.Nodes.NGame.InvokeGodotClassMethod(godot_string_name& method, NativeVariantPtrArgs args, godot_variant& ret)
   at Godot.Bridge.CSharpInstanceBridge.Call(IntPtr godotObjectGCHandle, godot_string_name* method, godot_variant** args, Int32 argCount, godot_variant_call_error* refCallError, godot_variant* ret)

[INFO] Found mod manifest file E:\SteamLibrary\steamapps\common\Slay the Spire 2\mods\TheQueen\TheQueen\localization\kor\cards.json
[ERROR] Mod manifest E:\SteamLibrary\steamapps\common\Slay the Spire 2\mods\TheQueen\TheQueen\localization\kor\cards.json is missing the 'id' field! This is not allowed. The mod will not be loaded.
   at MegaCrit.Sts2.Core.Modding.ModManager.ReadModManifest(String filename, ModSource source)
   at MegaCrit.Sts2.Core.Modding.ModManager.ReadModsInDirRecursive(String path, ModSource source, List`1 newMods)
   at MegaCrit.Sts2.Core.Modding.ModManager.ReadModsInDirRecursive(String path, ModSource source, List`1 newMods)
   at MegaCrit.Sts2.Core.Modding.ModManager.ReadModsInDirRecursive(String path, ModSource source, List`1 newMods)
   at MegaCrit.Sts2.Core.Modding.ModManager.ReadModsInDirRecursive(String path, ModSource source, List`1 newMods)
   at MegaCrit.Sts2.Core.Modding.ModManager.ReadModsInDirRecursive(String path, ModSource source, List`1 newMods)
   at MegaCrit.Sts2.Core.Modding.ModManager.Initialize(IModManagerFileIo fileIo, ModSettings settings)
   at MegaCrit.Sts2.Core.Helpers.OneTimeInitialization.ExecuteVeryEarly()
   at MegaCrit.Sts2.Core.Nodes.NGame.GameStartup()
   at System.Runtime.CompilerServices.AsyncMethodBuilderCore.Start[TStateMachine](TStateMachine& stateMachine)
   at MegaCrit.Sts2.Core.Nodes.NGame.GameStartup()
   at MegaCrit.Sts2.Core.Nodes.NGame.GameStartupWrapper()
   at System.Runtime.CompilerServices.AsyncMethodBuilderCore.Start[TStateMachine](TStateMachine& stateMachine)
   at MegaCrit.Sts2.Core.Nodes.NGame.GameStartupWrapper()
   at MegaCrit.Sts2.Core.Nodes.NGame._EnterTree()
   at Godot.Node.InvokeGodotClassMethod(godot_string_name& method, NativeVariantPtrArgs args, godot_variant& ret)
   at Godot.CanvasItem.InvokeGodotClassMethod(godot_string_name& method, NativeVariantPtrArgs args, godot_variant& ret)
   at Godot.Control.InvokeGodotClassMethod(godot_string_name& method, NativeVariantPtrArgs args, godot_variant& ret)
   at MegaCrit.Sts2.Core.Nodes.NGame.InvokeGodotClassMethod(godot_string_name& method, NativeVariantPtrArgs args, godot_variant& ret)
   at Godot.Bridge.CSharpInstanceBridge.Call(IntPtr godotObjectGCHandle, godot_string_name* method, godot_variant** args, Int32 argCount, godot_variant_call_error* refCallError, godot_variant* ret)

[INFO] Found mod manifest file E:\SteamLibrary\steamapps\common\Slay the Spire 2\mods\TheQueen\TheQueen\localization\kor\characters.json
[ERROR] Mod manifest E:\SteamLibrary\steamapps\common\Slay the Spire 2\mods\TheQueen\TheQueen\localization\kor\characters.json is missing the 'id' field! This is not allowed. The mod will not be loaded.
   at MegaCrit.Sts2.Core.Modding.ModManager.ReadModManifest(String filename, ModSource source)
   at MegaCrit.Sts2.Core.Modding.ModManager.ReadModsInDirRecursive(String path, ModSource source, List`1 newMods)
   at MegaCrit.Sts2.Core.Modding.ModManager.ReadModsInDirRecursive(String path, ModSource source, List`1 newMods)
   at MegaCrit.Sts2.Core.Modding.ModManager.ReadModsInDirRecursive(String path, ModSource source, List`1 newMods)
   at MegaCrit.Sts2.Core.Modding.ModManager.ReadModsInDirRecursive(String path, ModSource source, List`1 newMods)
   at MegaCrit.Sts2.Core.Modding.ModManager.ReadModsInDirRecursive(String path, ModSource source, List`1 newMods)
   at MegaCrit.Sts2.Core.Modding.ModManager.Initialize(IModManagerFileIo fileIo, ModSettings settings)
   at MegaCrit.Sts2.Core.Helpers.OneTimeInitialization.ExecuteVeryEarly()
   at MegaCrit.Sts2.Core.Nodes.NGame.GameStartup()
   at System.Runtime.CompilerServices.AsyncMethodBuilderCore.Start[TStateMachine](TStateMachine& stateMachine)
   at MegaCrit.Sts2.Core.Nodes.NGame.GameStartup()
   at MegaCrit.Sts2.Core.Nodes.NGame.GameStartupWrapper()
   at System.Runtime.CompilerServices.AsyncMethodBuilderCore.Start[TStateMachine](TStateMachine& stateMachine)
   at MegaCrit.Sts2.Core.Nodes.NGame.GameStartupWrapper()
   at MegaCrit.Sts2.Core.Nodes.NGame._EnterTree()
   at Godot.Node.InvokeGodotClassMethod(godot_string_name& method, NativeVariantPtrArgs args, godot_variant& ret)
   at Godot.CanvasItem.InvokeGodotClassMethod(godot_string_name& method, NativeVariantPtrArgs args, godot_variant& ret)
   at Godot.Control.InvokeGodotClassMethod(godot_string_name& method, NativeVariantPtrArgs args, godot_variant& ret)
   at MegaCrit.Sts2.Core.Nodes.NGame.InvokeGodotClassMethod(godot_string_name& method, NativeVariantPtrArgs args, godot_variant& ret)
   at Godot.Bridge.CSharpInstanceBridge.Call(IntPtr godotObjectGCHandle, godot_string_name* method, godot_variant** args, Int32 argCount, godot_variant_call_error* refCallError, godot_variant* ret)

[INFO] Found mod manifest file E:\SteamLibrary\steamapps\common\Slay the Spire 2\mods\TheQueen\TheQueen\localization\kor\enchantments.json
[ERROR] Mod manifest E:\SteamLibrary\steamapps\common\Slay the Spire 2\mods\TheQueen\TheQueen\localization\kor\enchantments.json is missing the 'id' field! This is not allowed. The mod will not be loaded.
   at MegaCrit.Sts2.Core.Modding.ModManager.ReadModManifest(String filename, ModSource source)
   at MegaCrit.Sts2.Core.Modding.ModManager.ReadModsInDirRecursive(String path, ModSource source, List`1 newMods)
   at MegaCrit.Sts2.Core.Modding.ModManager.ReadModsInDirRecursive(String path, ModSource source, List`1 newMods)
   at MegaCrit.Sts2.Core.Modding.ModManager.ReadModsInDirRecursive(String path, ModSource source, List`1 newMods)
   at MegaCrit.Sts2.Core.Modding.ModManager.ReadModsInDirRecursive(String path, ModSource source, List`1 newMods)
   at MegaCrit.Sts2.Core.Modding.ModManager.ReadModsInDirRecursive(String path, ModSource source, List`1 newMods)
   at MegaCrit.Sts2.Core.Modding.ModManager.Initialize(IModManagerFileIo fileIo, ModSettings settings)
   at MegaCrit.Sts2.Core.Helpers.OneTimeInitialization.ExecuteVeryEarly()
   at MegaCrit.Sts2.Core.Nodes.NGame.GameStartup()
   at System.Runtime.CompilerServices.AsyncMethodBuilderCore.Start[TStateMachine](TStateMachine& stateMachine)
   at MegaCrit.Sts2.Core.Nodes.NGame.GameStartup()
   at MegaCrit.Sts2.Core.Nodes.NGame.GameStartupWrapper()
   at System.Runtime.CompilerServices.AsyncMethodBuilderCore.Start[TStateMachine](TStateMachine& stateMachine)
   at MegaCrit.Sts2.Core.Nodes.NGame.GameStartupWrapper()
   at MegaCrit.Sts2.Core.Nodes.NGame._EnterTree()
   at Godot.Node.InvokeGodotClassMethod(godot_string_name& method, NativeVariantPtrArgs args, godot_variant& ret)
   at Godot.CanvasItem.InvokeGodotClassMethod(godot_string_name& method, NativeVariantPtrArgs args, godot_variant& ret)
   at Godot.Control.InvokeGodotClassMethod(godot_string_name& method, NativeVariantPtrArgs args, godot_variant& ret)
   at MegaCrit.Sts2.Core.Nodes.NGame.InvokeGodotClassMethod(godot_string_name& method, NativeVariantPtrArgs args, godot_variant& ret)
   at Godot.Bridge.CSharpInstanceBridge.Call(IntPtr godotObjectGCHandle, godot_string_name* method, godot_variant** args, Int32 argCount, godot_variant_call_error* refCallError, godot_variant* ret)

[INFO] Found mod manifest file E:\SteamLibrary\steamapps\common\Slay the Spire 2\mods\TheQueen\TheQueen\localization\kor\intents.json
[ERROR] Mod manifest E:\SteamLibrary\steamapps\common\Slay the Spire 2\mods\TheQueen\TheQueen\localization\kor\intents.json is missing the 'id' field! This is not allowed. The mod will not be loaded.
   at MegaCrit.Sts2.Core.Modding.ModManager.ReadModManifest(String filename, ModSource source)
   at MegaCrit.Sts2.Core.Modding.ModManager.ReadModsInDirRecursive(String path, ModSource source, List`1 newMods)
   at MegaCrit.Sts2.Core.Modding.ModManager.ReadModsInDirRecursive(String path, ModSource source, List`1 newMods)
   at MegaCrit.Sts2.Core.Modding.ModManager.ReadModsInDirRecursive(String path, ModSource source, List`1 newMods)
   at MegaCrit.Sts2.Core.Modding.ModManager.ReadModsInDirRecursive(String path, ModSource source, List`1 newMods)
   at MegaCrit.Sts2.Core.Modding.ModManager.ReadModsInDirRecursive(String path, ModSource source, List`1 newMods)
   at MegaCrit.Sts2.Core.Modding.ModManager.Initialize(IModManagerFileIo fileIo, ModSettings settings)
   at MegaCrit.Sts2.Core.Helpers.OneTimeInitialization.ExecuteVeryEarly()
   at MegaCrit.Sts2.Core.Nodes.NGame.GameStartup()
   at System.Runtime.CompilerServices.AsyncMethodBuilderCore.Start[TStateMachine](TStateMachine& stateMachine)
   at MegaCrit.Sts2.Core.Nodes.NGame.GameStartup()
   at MegaCrit.Sts2.Core.Nodes.NGame.GameStartupWrapper()
   at System.Runtime.CompilerServices.AsyncMethodBuilderCore.Start[TStateMachine](TStateMachine& stateMachine)
   at MegaCrit.Sts2.Core.Nodes.NGame.GameStartupWrapper()
   at MegaCrit.Sts2.Core.Nodes.NGame._EnterTree()
   at Godot.Node.InvokeGodotClassMethod(godot_string_name& method, NativeVariantPtrArgs args, godot_variant& ret)
   at Godot.CanvasItem.InvokeGodotClassMethod(godot_string_name& method, NativeVariantPtrArgs args, godot_variant& ret)
   at Godot.Control.InvokeGodotClassMethod(godot_string_name& method, NativeVariantPtrArgs args, godot_variant& ret)
   at MegaCrit.Sts2.Core.Nodes.NGame.InvokeGodotClassMethod(godot_string_name& method, NativeVariantPtrArgs args, godot_variant& ret)
   at Godot.Bridge.CSharpInstanceBridge.Call(IntPtr godotObjectGCHandle, godot_string_name* method, godot_variant** args, Int32 argCount, godot_variant_call_error* refCallError, godot_variant* ret)

[INFO] Found mod manifest file E:\SteamLibrary\steamapps\common\Slay the Spire 2\mods\TheQueen\TheQueen\localization\kor\monsters.json
[ERROR] Mod manifest E:\SteamLibrary\steamapps\common\Slay the Spire 2\mods\TheQueen\TheQueen\localization\kor\monsters.json is missing the 'id' field! This is not allowed. The mod will not be loaded.
   at MegaCrit.Sts2.Core.Modding.ModManager.ReadModManifest(String filename, ModSource source)
   at MegaCrit.Sts2.Core.Modding.ModManager.ReadModsInDirRecursive(String path, ModSource source, List`1 newMods)
   at MegaCrit.Sts2.Core.Modding.ModManager.ReadModsInDirRecursive(String path, ModSource source, List`1 newMods)
   at MegaCrit.Sts2.Core.Modding.ModManager.ReadModsInDirRecursive(String path, ModSource source, List`1 newMods)
   at MegaCrit.Sts2.Core.Modding.ModManager.ReadModsInDirRecursive(String path, ModSource source, List`1 newMods)
   at MegaCrit.Sts2.Core.Modding.ModManager.ReadModsInDirRecursive(String path, ModSource source, List`1 newMods)
   at MegaCrit.Sts2.Core.Modding.ModManager.Initialize(IModManagerFileIo fileIo, ModSettings settings)
   at MegaCrit.Sts2.Core.Helpers.OneTimeInitialization.ExecuteVeryEarly()
   at MegaCrit.Sts2.Core.Nodes.NGame.GameStartup()
   at System.Runtime.CompilerServices.AsyncMethodBuilderCore.Start[TStateMachine](TStateMachine& stateMachine)
   at MegaCrit.Sts2.Core.Nodes.NGame.GameStartup()
   at MegaCrit.Sts2.Core.Nodes.NGame.GameStartupWrapper()
   at System.Runtime.CompilerServices.AsyncMethodBuilderCore.Start[TStateMachine](TStateMachine& stateMachine)
   at MegaCrit.Sts2.Core.Nodes.NGame.GameStartupWrapper()
   at MegaCrit.Sts2.Core.Nodes.NGame._EnterTree()
   at Godot.Node.InvokeGodotClassMethod(godot_string_name& method, NativeVariantPtrArgs args, godot_variant& ret)
   at Godot.CanvasItem.InvokeGodotClassMethod(godot_string_name& method, NativeVariantPtrArgs args, godot_variant& ret)
   at Godot.Control.InvokeGodotClassMethod(godot_string_name& method, NativeVariantPtrArgs args, godot_variant& ret)
   at MegaCrit.Sts2.Core.Nodes.NGame.InvokeGodotClassMethod(godot_string_name& method, NativeVariantPtrArgs args, godot_variant& ret)
   at Godot.Bridge.CSharpInstanceBridge.Call(IntPtr godotObjectGCHandle, godot_string_name* method, godot_variant** args, Int32 argCount, godot_variant_call_error* refCallError, godot_variant* ret)

[INFO] Found mod manifest file E:\SteamLibrary\steamapps\common\Slay the Spire 2\mods\TheQueen\TheQueen\localization\kor\potions.json
[ERROR] Mod manifest E:\SteamLibrary\steamapps\common\Slay the Spire 2\mods\TheQueen\TheQueen\localization\kor\potions.json is missing the 'id' field! This is not allowed. The mod will not be loaded.
   at MegaCrit.Sts2.Core.Modding.ModManager.ReadModManifest(String filename, ModSource source)
   at MegaCrit.Sts2.Core.Modding.ModManager.ReadModsInDirRecursive(String path, ModSource source, List`1 newMods)
   at MegaCrit.Sts2.Core.Modding.ModManager.ReadModsInDirRecursive(String path, ModSource source, List`1 newMods)
   at MegaCrit.Sts2.Core.Modding.ModManager.ReadModsInDirRecursive(String path, ModSource source, List`1 newMods)
   at MegaCrit.Sts2.Core.Modding.ModManager.ReadModsInDirRecursive(String path, ModSource source, List`1 newMods)
   at MegaCrit.Sts2.Core.Modding.ModManager.ReadModsInDirRecursive(String path, ModSource source, List`1 newMods)
   at MegaCrit.Sts2.Core.Modding.ModManager.Initialize(IModManagerFileIo fileIo, ModSettings settings)
   at MegaCrit.Sts2.Core.Helpers.OneTimeInitialization.ExecuteVeryEarly()
   at MegaCrit.Sts2.Core.Nodes.NGame.GameStartup()
   at System.Runtime.CompilerServices.AsyncMethodBuilderCore.Start[TStateMachine](TStateMachine& stateMachine)
   at MegaCrit.Sts2.Core.Nodes.NGame.GameStartup()
   at MegaCrit.Sts2.Core.Nodes.NGame.GameStartupWrapper()
   at System.Runtime.CompilerServices.AsyncMethodBuilderCore.Start[TStateMachine](TStateMachine& stateMachine)
   at MegaCrit.Sts2.Core.Nodes.NGame.GameStartupWrapper()
   at MegaCrit.Sts2.Core.Nodes.NGame._EnterTree()
   at Godot.Node.InvokeGodotClassMethod(godot_string_name& method, NativeVariantPtrArgs args, godot_variant& ret)
   at Godot.CanvasItem.InvokeGodotClassMethod(godot_string_name& method, NativeVariantPtrArgs args, godot_variant& ret)
   at Godot.Control.InvokeGodotClassMethod(godot_string_name& method, NativeVariantPtrArgs args, godot_variant& ret)
   at MegaCrit.Sts2.Core.Nodes.NGame.InvokeGodotClassMethod(godot_string_name& method, NativeVariantPtrArgs args, godot_variant& ret)
   at Godot.Bridge.CSharpInstanceBridge.Call(IntPtr godotObjectGCHandle, godot_string_name* method, godot_variant** args, Int32 argCount, godot_variant_call_error* refCallError, godot_variant* ret)

[INFO] Found mod manifest file E:\SteamLibrary\steamapps\common\Slay the Spire 2\mods\TheQueen\TheQueen\localization\kor\powers.json
[ERROR] Mod manifest E:\SteamLibrary\steamapps\common\Slay the Spire 2\mods\TheQueen\TheQueen\localization\kor\powers.json is missing the 'id' field! This is not allowed. The mod will not be loaded.
   at MegaCrit.Sts2.Core.Modding.ModManager.ReadModManifest(String filename, ModSource source)
   at MegaCrit.Sts2.Core.Modding.ModManager.ReadModsInDirRecursive(String path, ModSource source, List`1 newMods)
   at MegaCrit.Sts2.Core.Modding.ModManager.ReadModsInDirRecursive(String path, ModSource source, List`1 newMods)
   at MegaCrit.Sts2.Core.Modding.ModManager.ReadModsInDirRecursive(String path, ModSource source, List`1 newMods)
   at MegaCrit.Sts2.Core.Modding.ModManager.ReadModsInDirRecursive(String path, ModSource source, List`1 newMods)
   at MegaCrit.Sts2.Core.Modding.ModManager.ReadModsInDirRecursive(String path, ModSource source, List`1 newMods)
   at MegaCrit.Sts2.Core.Modding.ModManager.Initialize(IModManagerFileIo fileIo, ModSettings settings)
   at MegaCrit.Sts2.Core.Helpers.OneTimeInitialization.ExecuteVeryEarly()
   at MegaCrit.Sts2.Core.Nodes.NGame.GameStartup()
   at System.Runtime.CompilerServices.AsyncMethodBuilderCore.Start[TStateMachine](TStateMachine& stateMachine)
   at MegaCrit.Sts2.Core.Nodes.NGame.GameStartup()
   at MegaCrit.Sts2.Core.Nodes.NGame.GameStartupWrapper()
   at System.Runtime.CompilerServices.AsyncMethodBuilderCore.Start[TStateMachine](TStateMachine& stateMachine)
   at MegaCrit.Sts2.Core.Nodes.NGame.GameStartupWrapper()
   at MegaCrit.Sts2.Core.Nodes.NGame._EnterTree()
   at Godot.Node.InvokeGodotClassMethod(godot_string_name& method, NativeVariantPtrArgs args, godot_variant& ret)
   at Godot.CanvasItem.InvokeGodotClassMethod(godot_string_name& method, NativeVariantPtrArgs args, godot_variant& ret)
   at Godot.Control.InvokeGodotClassMethod(godot_string_name& method, NativeVariantPtrArgs args, godot_variant& ret)
   at MegaCrit.Sts2.Core.Nodes.NGame.InvokeGodotClassMethod(godot_string_name& method, NativeVariantPtrArgs args, godot_variant& ret)
   at Godot.Bridge.CSharpInstanceBridge.Call(IntPtr godotObjectGCHandle, godot_string_name* method, godot_variant** args, Int32 argCount, godot_variant_call_error* refCallError, godot_variant* ret)

[INFO] Found mod manifest file E:\SteamLibrary\steamapps\common\Slay the Spire 2\mods\TheQueen\TheQueen\localization\kor\relics.json
[ERROR] Mod manifest E:\SteamLibrary\steamapps\common\Slay the Spire 2\mods\TheQueen\TheQueen\localization\kor\relics.json is missing the 'id' field! This is not allowed. The mod will not be loaded.
   at MegaCrit.Sts2.Core.Modding.ModManager.ReadModManifest(String filename, ModSource source)
   at MegaCrit.Sts2.Core.Modding.ModManager.ReadModsInDirRecursive(String path, ModSource source, List`1 newMods)
   at MegaCrit.Sts2.Core.Modding.ModManager.ReadModsInDirRecursive(String path, ModSource source, List`1 newMods)
   at MegaCrit.Sts2.Core.Modding.ModManager.ReadModsInDirRecursive(String path, ModSource source, List`1 newMods)
   at MegaCrit.Sts2.Core.Modding.ModManager.ReadModsInDirRecursive(String path, ModSource source, List`1 newMods)
   at MegaCrit.Sts2.Core.Modding.ModManager.ReadModsInDirRecursive(String path, ModSource source, List`1 newMods)
   at MegaCrit.Sts2.Core.Modding.ModManager.Initialize(IModManagerFileIo fileIo, ModSettings settings)
   at MegaCrit.Sts2.Core.Helpers.OneTimeInitialization.ExecuteVeryEarly()
   at MegaCrit.Sts2.Core.Nodes.NGame.GameStartup()
   at System.Runtime.CompilerServices.AsyncMethodBuilderCore.Start[TStateMachine](TStateMachine& stateMachine)
   at MegaCrit.Sts2.Core.Nodes.NGame.GameStartup()
   at MegaCrit.Sts2.Core.Nodes.NGame.GameStartupWrapper()
   at System.Runtime.CompilerServices.AsyncMethodBuilderCore.Start[TStateMachine](TStateMachine& stateMachine)
   at MegaCrit.Sts2.Core.Nodes.NGame.GameStartupWrapper()
   at MegaCrit.Sts2.Core.Nodes.NGame._EnterTree()
   at Godot.Node.InvokeGodotClassMethod(godot_string_name& method, NativeVariantPtrArgs args, godot_variant& ret)
   at Godot.CanvasItem.InvokeGodotClassMethod(godot_string_name& method, NativeVariantPtrArgs args, godot_variant& ret)
   at Godot.Control.InvokeGodotClassMethod(godot_string_name& method, NativeVariantPtrArgs args, godot_variant& ret)
   at MegaCrit.Sts2.Core.Nodes.NGame.InvokeGodotClassMethod(godot_string_name& method, NativeVariantPtrArgs args, godot_variant& ret)
   at Godot.Bridge.CSharpInstanceBridge.Call(IntPtr godotObjectGCHandle, godot_string_name* method, godot_variant** args, Int32 argCount, godot_variant_call_error* refCallError, godot_variant* ret)

[INFO] Found mod manifest file E:\SteamLibrary\steamapps\common\Slay the Spire 2\mods\TheQueen\TheQueen\localization\kor\static_hover_tips.json
[ERROR] Mod manifest E:\SteamLibrary\steamapps\common\Slay the Spire 2\mods\TheQueen\TheQueen\localization\kor\static_hover_tips.json is missing the 'id' field! This is not allowed. The mod will not be loaded.
   at MegaCrit.Sts2.Core.Modding.ModManager.ReadModManifest(String filename, ModSource source)
   at MegaCrit.Sts2.Core.Modding.ModManager.ReadModsInDirRecursive(String path, ModSource source, List`1 newMods)
   at MegaCrit.Sts2.Core.Modding.ModManager.ReadModsInDirRecursive(String path, ModSource source, List`1 newMods)
   at MegaCrit.Sts2.Core.Modding.ModManager.ReadModsInDirRecursive(String path, ModSource source, List`1 newMods)
   at MegaCrit.Sts2.Core.Modding.ModManager.ReadModsInDirRecursive(String path, ModSource source, List`1 newMods)
   at MegaCrit.Sts2.Core.Modding.ModManager.ReadModsInDirRecursive(String path, ModSource source, List`1 newMods)
   at MegaCrit.Sts2.Core.Modding.ModManager.Initialize(IModManagerFileIo fileIo, ModSettings settings)
   at MegaCrit.Sts2.Core.Helpers.OneTimeInitialization.ExecuteVeryEarly()
   at MegaCrit.Sts2.Core.Nodes.NGame.GameStartup()
   at System.Runtime.CompilerServices.AsyncMethodBuilderCore.Start[TStateMachine](TStateMachine& stateMachine)
   at MegaCrit.Sts2.Core.Nodes.NGame.GameStartup()
   at MegaCrit.Sts2.Core.Nodes.NGame.GameStartupWrapper()
   at System.Runtime.CompilerServices.AsyncMethodBuilderCore.Start[TStateMachine](TStateMachine& stateMachine)
   at MegaCrit.Sts2.Core.Nodes.NGame.GameStartupWrapper()
   at MegaCrit.Sts2.Core.Nodes.NGame._EnterTree()
   at Godot.Node.InvokeGodotClassMethod(godot_string_name& method, NativeVariantPtrArgs args, godot_variant& ret)
   at Godot.CanvasItem.InvokeGodotClassMethod(godot_string_name& method, NativeVariantPtrArgs args, godot_variant& ret)
   at Godot.Control.InvokeGodotClassMethod(godot_string_name& method, NativeVariantPtrArgs args, godot_variant& ret)
   at MegaCrit.Sts2.Core.Nodes.NGame.InvokeGodotClassMethod(godot_string_name& method, NativeVariantPtrArgs args, godot_variant& ret)
   at Godot.Bridge.CSharpInstanceBridge.Call(IntPtr godotObjectGCHandle, godot_string_name* method, godot_variant** args, Int32 argCount, godot_variant_call_error* refCallError, godot_variant* ret)

[INFO] Found mod manifest file E:\SteamLibrary\steamapps\common\Slay the Spire 2\mods\TheQueen\TheQueen\localization\mod_settings\eng.json
[ERROR] Mod manifest E:\SteamLibrary\steamapps\common\Slay the Spire 2\mods\TheQueen\TheQueen\localization\mod_settings\eng.json is missing the 'id' field! This is not allowed. The mod will not be loaded.
   at MegaCrit.Sts2.Core.Modding.ModManager.ReadModManifest(String filename, ModSource source)
   at MegaCrit.Sts2.Core.Modding.ModManager.ReadModsInDirRecursive(String path, ModSource source, List`1 newMods)
   at MegaCrit.Sts2.Core.Modding.ModManager.ReadModsInDirRecursive(String path, ModSource source, List`1 newMods)
   at MegaCrit.Sts2.Core.Modding.ModManager.ReadModsInDirRecursive(String path, ModSource source, List`1 newMods)
   at MegaCrit.Sts2.Core.Modding.ModManager.ReadModsInDirRecursive(String path, ModSource source, List`1 newMods)
   at MegaCrit.Sts2.Core.Modding.ModManager.ReadModsInDirRecursive(String path, ModSource source, List`1 newMods)
   at MegaCrit.Sts2.Core.Modding.ModManager.Initialize(IModManagerFileIo fileIo, ModSettings settings)
   at MegaCrit.Sts2.Core.Helpers.OneTimeInitialization.ExecuteVeryEarly()
   at MegaCrit.Sts2.Core.Nodes.NGame.GameStartup()
   at System.Runtime.CompilerServices.AsyncMethodBuilderCore.Start[TStateMachine](TStateMachine& stateMachine)
   at MegaCrit.Sts2.Core.Nodes.NGame.GameStartup()
   at MegaCrit.Sts2.Core.Nodes.NGame.GameStartupWrapper()
   at System.Runtime.CompilerServices.AsyncMethodBuilderCore.Start[TStateMachine](TStateMachine& stateMachine)
   at MegaCrit.Sts2.Core.Nodes.NGame.GameStartupWrapper()
   at MegaCrit.Sts2.Core.Nodes.NGame._EnterTree()
   at Godot.Node.InvokeGodotClassMethod(godot_string_name& method, NativeVariantPtrArgs args, godot_variant& ret)
   at Godot.CanvasItem.InvokeGodotClassMethod(godot_string_name& method, NativeVariantPtrArgs args, godot_variant& ret)
   at Godot.Control.InvokeGodotClassMethod(godot_string_name& method, NativeVariantPtrArgs args, godot_variant& ret)
   at MegaCrit.Sts2.Core.Nodes.NGame.InvokeGodotClassMethod(godot_string_name& method, NativeVariantPtrArgs args, godot_variant& ret)
   at Godot.Bridge.CSharpInstanceBridge.Call(IntPtr godotObjectGCHandle, godot_string_name* method, godot_variant** args, Int32 argCount, godot_variant_call_error* refCallError, godot_variant* ret)

[INFO] Found mod manifest file E:\SteamLibrary\steamapps\common\Slay the Spire 2\mods\TheQueen\TheQueen\localization\mod_settings\jpn.json
[ERROR] Mod manifest E:\SteamLibrary\steamapps\common\Slay the Spire 2\mods\TheQueen\TheQueen\localization\mod_settings\jpn.json is missing the 'id' field! This is not allowed. The mod will not be loaded.
   at MegaCrit.Sts2.Core.Modding.ModManager.ReadModManifest(String filename, ModSource source)
   at MegaCrit.Sts2.Core.Modding.ModManager.ReadModsInDirRecursive(String path, ModSource source, List`1 newMods)
   at MegaCrit.Sts2.Core.Modding.ModManager.ReadModsInDirRecursive(String path, ModSource source, List`1 newMods)
   at MegaCrit.Sts2.Core.Modding.ModManager.ReadModsInDirRecursive(String path, ModSource source, List`1 newMods)
   at MegaCrit.Sts2.Core.Modding.ModManager.ReadModsInDirRecursive(String path, ModSource source, List`1 newMods)
   at MegaCrit.Sts2.Core.Modding.ModManager.ReadModsInDirRecursive(String path, ModSource source, List`1 newMods)
   at MegaCrit.Sts2.Core.Modding.ModManager.Initialize(IModManagerFileIo fileIo, ModSettings settings)
   at MegaCrit.Sts2.Core.Helpers.OneTimeInitialization.ExecuteVeryEarly()
   at MegaCrit.Sts2.Core.Nodes.NGame.GameStartup()
   at System.Runtime.CompilerServices.AsyncMethodBuilderCore.Start[TStateMachine](TStateMachine& stateMachine)
   at MegaCrit.Sts2.Core.Nodes.NGame.GameStartup()
   at MegaCrit.Sts2.Core.Nodes.NGame.GameStartupWrapper()
   at System.Runtime.CompilerServices.AsyncMethodBuilderCore.Start[TStateMachine](TStateMachine& stateMachine)
   at MegaCrit.Sts2.Core.Nodes.NGame.GameStartupWrapper()
   at MegaCrit.Sts2.Core.Nodes.NGame._EnterTree()
   at Godot.Node.InvokeGodotClassMethod(godot_string_name& method, NativeVariantPtrArgs args, godot_variant& ret)
   at Godot.CanvasItem.InvokeGodotClassMethod(godot_string_name& method, NativeVariantPtrArgs args, godot_variant& ret)
   at Godot.Control.InvokeGodotClassMethod(godot_string_name& method, NativeVariantPtrArgs args, godot_variant& ret)
   at MegaCrit.Sts2.Core.Nodes.NGame.InvokeGodotClassMethod(godot_string_name& method, NativeVariantPtrArgs args, godot_variant& ret)
   at Godot.Bridge.CSharpInstanceBridge.Call(IntPtr godotObjectGCHandle, godot_string_name* method, godot_variant** args, Int32 argCount, godot_variant_call_error* refCallError, godot_variant* ret)

[INFO] Found mod manifest file E:\SteamLibrary\steamapps\common\Slay the Spire 2\mods\TheQueen\TheQueen\localization\mod_settings\kor.json
[ERROR] Mod manifest E:\SteamLibrary\steamapps\common\Slay the Spire 2\mods\TheQueen\TheQueen\localization\mod_settings\kor.json is missing the 'id' field! This is not allowed. The mod will not be loaded.
   at MegaCrit.Sts2.Core.Modding.ModManager.ReadModManifest(String filename, ModSource source)
   at MegaCrit.Sts2.Core.Modding.ModManager.ReadModsInDirRecursive(String path, ModSource source, List`1 newMods)
   at MegaCrit.Sts2.Core.Modding.ModManager.ReadModsInDirRecursive(String path, ModSource source, List`1 newMods)
   at MegaCrit.Sts2.Core.Modding.ModManager.ReadModsInDirRecursive(String path, ModSource source, List`1 newMods)
   at MegaCrit.Sts2.Core.Modding.ModManager.ReadModsInDirRecursive(String path, ModSource source, List`1 newMods)
   at MegaCrit.Sts2.Core.Modding.ModManager.ReadModsInDirRecursive(String path, ModSource source, List`1 newMods)
   at MegaCrit.Sts2.Core.Modding.ModManager.Initialize(IModManagerFileIo fileIo, ModSettings settings)
   at MegaCrit.Sts2.Core.Helpers.OneTimeInitialization.ExecuteVeryEarly()
   at MegaCrit.Sts2.Core.Nodes.NGame.GameStartup()
   at System.Runtime.CompilerServices.AsyncMethodBuilderCore.Start[TStateMachine](TStateMachine& stateMachine)
   at MegaCrit.Sts2.Core.Nodes.NGame.GameStartup()
   at MegaCrit.Sts2.Core.Nodes.NGame.GameStartupWrapper()
   at System.Runtime.CompilerServices.AsyncMethodBuilderCore.Start[TStateMachine](TStateMachine& stateMachine)
   at MegaCrit.Sts2.Core.Nodes.NGame.GameStartupWrapper()
   at MegaCrit.Sts2.Core.Nodes.NGame._EnterTree()
   at Godot.Node.InvokeGodotClassMethod(godot_string_name& method, NativeVariantPtrArgs args, godot_variant& ret)
   at Godot.CanvasItem.InvokeGodotClassMethod(godot_string_name& method, NativeVariantPtrArgs args, godot_variant& ret)
   at Godot.Control.InvokeGodotClassMethod(godot_string_name& method, NativeVariantPtrArgs args, godot_variant& ret)
   at MegaCrit.Sts2.Core.Nodes.NGame.InvokeGodotClassMethod(godot_string_name& method, NativeVariantPtrArgs args, godot_variant& ret)
   at Godot.Bridge.CSharpInstanceBridge.Call(IntPtr godotObjectGCHandle, godot_string_name* method, godot_variant** args, Int32 argCount, godot_variant_call_error* refCallError, godot_variant* ret)

[INFO] Found mod manifest file E:\SteamLibrary\steamapps\common\Slay the Spire 2\mods\TheQueen\TheQueen\localization\mod_settings\rus.json
[ERROR] Mod manifest E:\SteamLibrary\steamapps\common\Slay the Spire 2\mods\TheQueen\TheQueen\localization\mod_settings\rus.json is missing the 'id' field! This is not allowed. The mod will not be loaded.
   at MegaCrit.Sts2.Core.Modding.ModManager.ReadModManifest(String filename, ModSource source)
   at MegaCrit.Sts2.Core.Modding.ModManager.ReadModsInDirRecursive(String path, ModSource source, List`1 newMods)
   at MegaCrit.Sts2.Core.Modding.ModManager.ReadModsInDirRecursive(String path, ModSource source, List`1 newMods)
   at MegaCrit.Sts2.Core.Modding.ModManager.ReadModsInDirRecursive(String path, ModSource source, List`1 newMods)
   at MegaCrit.Sts2.Core.Modding.ModManager.ReadModsInDirRecursive(String path, ModSource source, List`1 newMods)
   at MegaCrit.Sts2.Core.Modding.ModManager.ReadModsInDirRecursive(String path, ModSource source, List`1 newMods)
   at MegaCrit.Sts2.Core.Modding.ModManager.Initialize(IModManagerFileIo fileIo, ModSettings settings)
   at MegaCrit.Sts2.Core.Helpers.OneTimeInitialization.ExecuteVeryEarly()
   at MegaCrit.Sts2.Core.Nodes.NGame.GameStartup()
   at System.Runtime.CompilerServices.AsyncMethodBuilderCore.Start[TStateMachine](TStateMachine& stateMachine)
   at MegaCrit.Sts2.Core.Nodes.NGame.GameStartup()
   at MegaCrit.Sts2.Core.Nodes.NGame.GameStartupWrapper()
   at System.Runtime.CompilerServices.AsyncMethodBuilderCore.Start[TStateMachine](TStateMachine& stateMachine)
   at MegaCrit.Sts2.Core.Nodes.NGame.GameStartupWrapper()
   at MegaCrit.Sts2.Core.Nodes.NGame._EnterTree()
   at Godot.Node.InvokeGodotClassMethod(godot_string_name& method, NativeVariantPtrArgs args, godot_variant& ret)
   at Godot.CanvasItem.InvokeGodotClassMethod(godot_string_name& method, NativeVariantPtrArgs args, godot_variant& ret)
   at Godot.Control.InvokeGodotClassMethod(godot_string_name& method, NativeVariantPtrArgs args, godot_variant& ret)
   at MegaCrit.Sts2.Core.Nodes.NGame.InvokeGodotClassMethod(godot_string_name& method, NativeVariantPtrArgs args, godot_variant& ret)
   at Godot.Bridge.CSharpInstanceBridge.Call(IntPtr godotObjectGCHandle, godot_string_name* method, godot_variant** args, Int32 argCount, godot_variant_call_error* refCallError, godot_variant* ret)

[INFO] Found mod manifest file E:\SteamLibrary\steamapps\common\Slay the Spire 2\mods\TheQueen\TheQueen\localization\mod_settings\zhs.json
[ERROR] Mod manifest E:\SteamLibrary\steamapps\common\Slay the Spire 2\mods\TheQueen\TheQueen\localization\mod_settings\zhs.json is missing the 'id' field! This is not allowed. The mod will not be loaded.
   at MegaCrit.Sts2.Core.Modding.ModManager.ReadModManifest(String filename, ModSource source)
   at MegaCrit.Sts2.Core.Modding.ModManager.ReadModsInDirRecursive(String path, ModSource source, List`1 newMods)
   at MegaCrit.Sts2.Core.Modding.ModManager.ReadModsInDirRecursive(String path, ModSource source, List`1 newMods)
   at MegaCrit.Sts2.Core.Modding.ModManager.ReadModsInDirRecursive(String path, ModSource source, List`1 newMods)
   at MegaCrit.Sts2.Core.Modding.ModManager.ReadModsInDirRecursive(String path, ModSource source, List`1 newMods)
   at MegaCrit.Sts2.Core.Modding.ModManager.ReadModsInDirRecursive(String path, ModSource source, List`1 newMods)
   at MegaCrit.Sts2.Core.Modding.ModManager.Initialize(IModManagerFileIo fileIo, ModSettings settings)
   at MegaCrit.Sts2.Core.Helpers.OneTimeInitialization.ExecuteVeryEarly()
   at MegaCrit.Sts2.Core.Nodes.NGame.GameStartup()
   at System.Runtime.CompilerServices.AsyncMethodBuilderCore.Start[TStateMachine](TStateMachine& stateMachine)
   at MegaCrit.Sts2.Core.Nodes.NGame.GameStartup()
   at MegaCrit.Sts2.Core.Nodes.NGame.GameStartupWrapper()
   at System.Runtime.CompilerServices.AsyncMethodBuilderCore.Start[TStateMachine](TStateMachine& stateMachine)
   at MegaCrit.Sts2.Core.Nodes.NGame.GameStartupWrapper()
   at MegaCrit.Sts2.Core.Nodes.NGame._EnterTree()
   at Godot.Node.InvokeGodotClassMethod(godot_string_name& method, NativeVariantPtrArgs args, godot_variant& ret)
   at Godot.CanvasItem.InvokeGodotClassMethod(godot_string_name& method, NativeVariantPtrArgs args, godot_variant& ret)
   at Godot.Control.InvokeGodotClassMethod(godot_string_name& method, NativeVariantPtrArgs args, godot_variant& ret)
   at MegaCrit.Sts2.Core.Nodes.NGame.InvokeGodotClassMethod(godot_string_name& method, NativeVariantPtrArgs args, godot_variant& ret)
   at Godot.Bridge.CSharpInstanceBridge.Call(IntPtr godotObjectGCHandle, godot_string_name* method, godot_variant** args, Int32 argCount, godot_variant_call_error* refCallError, godot_variant* ret)

[INFO] Found mod manifest file E:\SteamLibrary\steamapps\common\Slay the Spire 2\mods\TheQueen\TheQueen\localization\rus\afflictions.json
[ERROR] Mod manifest E:\SteamLibrary\steamapps\common\Slay the Spire 2\mods\TheQueen\TheQueen\localization\rus\afflictions.json is missing the 'id' field! This is not allowed. The mod will not be loaded.
   at MegaCrit.Sts2.Core.Modding.ModManager.ReadModManifest(String filename, ModSource source)
   at MegaCrit.Sts2.Core.Modding.ModManager.ReadModsInDirRecursive(String path, ModSource source, List`1 newMods)
   at MegaCrit.Sts2.Core.Modding.ModManager.ReadModsInDirRecursive(String path, ModSource source, List`1 newMods)
   at MegaCrit.Sts2.Core.Modding.ModManager.ReadModsInDirRecursive(String path, ModSource source, List`1 newMods)
   at MegaCrit.Sts2.Core.Modding.ModManager.ReadModsInDirRecursive(String path, ModSource source, List`1 newMods)
   at MegaCrit.Sts2.Core.Modding.ModManager.ReadModsInDirRecursive(String path, ModSource source, List`1 newMods)
   at MegaCrit.Sts2.Core.Modding.ModManager.Initialize(IModManagerFileIo fileIo, ModSettings settings)
   at MegaCrit.Sts2.Core.Helpers.OneTimeInitialization.ExecuteVeryEarly()
   at MegaCrit.Sts2.Core.Nodes.NGame.GameStartup()
   at System.Runtime.CompilerServices.AsyncMethodBuilderCore.Start[TStateMachine](TStateMachine& stateMachine)
   at MegaCrit.Sts2.Core.Nodes.NGame.GameStartup()
   at MegaCrit.Sts2.Core.Nodes.NGame.GameStartupWrapper()
   at System.Runtime.CompilerServices.AsyncMethodBuilderCore.Start[TStateMachine](TStateMachine& stateMachine)
   at MegaCrit.Sts2.Core.Nodes.NGame.GameStartupWrapper()
   at MegaCrit.Sts2.Core.Nodes.NGame._EnterTree()
   at Godot.Node.InvokeGodotClassMethod(godot_string_name& method, NativeVariantPtrArgs args, godot_variant& ret)
   at Godot.CanvasItem.InvokeGodotClassMethod(godot_string_name& method, NativeVariantPtrArgs args, godot_variant& ret)
   at Godot.Control.InvokeGodotClassMethod(godot_string_name& method, NativeVariantPtrArgs args, godot_variant& ret)
   at MegaCrit.Sts2.Core.Nodes.NGame.InvokeGodotClassMethod(godot_string_name& method, NativeVariantPtrArgs args, godot_variant& ret)
   at Godot.Bridge.CSharpInstanceBridge.Call(IntPtr godotObjectGCHandle, godot_string_name* method, godot_variant** args, Int32 argCount, godot_variant_call_error* refCallError, godot_variant* ret)

[INFO] Found mod manifest file E:\SteamLibrary\steamapps\common\Slay the Spire 2\mods\TheQueen\TheQueen\localization\rus\ancients.json
[ERROR] Mod manifest E:\SteamLibrary\steamapps\common\Slay the Spire 2\mods\TheQueen\TheQueen\localization\rus\ancients.json is missing the 'id' field! This is not allowed. The mod will not be loaded.
   at MegaCrit.Sts2.Core.Modding.ModManager.ReadModManifest(String filename, ModSource source)
   at MegaCrit.Sts2.Core.Modding.ModManager.ReadModsInDirRecursive(String path, ModSource source, List`1 newMods)
   at MegaCrit.Sts2.Core.Modding.ModManager.ReadModsInDirRecursive(String path, ModSource source, List`1 newMods)
   at MegaCrit.Sts2.Core.Modding.ModManager.ReadModsInDirRecursive(String path, ModSource source, List`1 newMods)
   at MegaCrit.Sts2.Core.Modding.ModManager.ReadModsInDirRecursive(String path, ModSource source, List`1 newMods)
   at MegaCrit.Sts2.Core.Modding.ModManager.ReadModsInDirRecursive(String path, ModSource source, List`1 newMods)
   at MegaCrit.Sts2.Core.Modding.ModManager.Initialize(IModManagerFileIo fileIo, ModSettings settings)
   at MegaCrit.Sts2.Core.Helpers.OneTimeInitialization.ExecuteVeryEarly()
   at MegaCrit.Sts2.Core.Nodes.NGame.GameStartup()
   at System.Runtime.CompilerServices.AsyncMethodBuilderCore.Start[TStateMachine](TStateMachine& stateMachine)
   at MegaCrit.Sts2.Core.Nodes.NGame.GameStartup()
   at MegaCrit.Sts2.Core.Nodes.NGame.GameStartupWrapper()
   at System.Runtime.CompilerServices.AsyncMethodBuilderCore.Start[TStateMachine](TStateMachine& stateMachine)
   at MegaCrit.Sts2.Core.Nodes.NGame.GameStartupWrapper()
   at MegaCrit.Sts2.Core.Nodes.NGame._EnterTree()
   at Godot.Node.InvokeGodotClassMethod(godot_string_name& method, NativeVariantPtrArgs args, godot_variant& ret)
   at Godot.CanvasItem.InvokeGodotClassMethod(godot_string_name& method, NativeVariantPtrArgs args, godot_variant& ret)
   at Godot.Control.InvokeGodotClassMethod(godot_string_name& method, NativeVariantPtrArgs args, godot_variant& ret)
   at MegaCrit.Sts2.Core.Nodes.NGame.InvokeGodotClassMethod(godot_string_name& method, NativeVariantPtrArgs args, godot_variant& ret)
   at Godot.Bridge.CSharpInstanceBridge.Call(IntPtr godotObjectGCHandle, godot_string_name* method, godot_variant** args, Int32 argCount, godot_variant_call_error* refCallError, godot_variant* ret)

[INFO] Found mod manifest file E:\SteamLibrary\steamapps\common\Slay the Spire 2\mods\TheQueen\TheQueen\localization\rus\card_keywords.json
[ERROR] Mod manifest E:\SteamLibrary\steamapps\common\Slay the Spire 2\mods\TheQueen\TheQueen\localization\rus\card_keywords.json is missing the 'id' field! This is not allowed. The mod will not be loaded.
   at MegaCrit.Sts2.Core.Modding.ModManager.ReadModManifest(String filename, ModSource source)
   at MegaCrit.Sts2.Core.Modding.ModManager.ReadModsInDirRecursive(String path, ModSource source, List`1 newMods)
   at MegaCrit.Sts2.Core.Modding.ModManager.ReadModsInDirRecursive(String path, ModSource source, List`1 newMods)
   at MegaCrit.Sts2.Core.Modding.ModManager.ReadModsInDirRecursive(String path, ModSource source, List`1 newMods)
   at MegaCrit.Sts2.Core.Modding.ModManager.ReadModsInDirRecursive(String path, ModSource source, List`1 newMods)
   at MegaCrit.Sts2.Core.Modding.ModManager.ReadModsInDirRecursive(String path, ModSource source, List`1 newMods)
   at MegaCrit.Sts2.Core.Modding.ModManager.Initialize(IModManagerFileIo fileIo, ModSettings settings)
   at MegaCrit.Sts2.Core.Helpers.OneTimeInitialization.ExecuteVeryEarly()
   at MegaCrit.Sts2.Core.Nodes.NGame.GameStartup()
   at System.Runtime.CompilerServices.AsyncMethodBuilderCore.Start[TStateMachine](TStateMachine& stateMachine)
   at MegaCrit.Sts2.Core.Nodes.NGame.GameStartup()
   at MegaCrit.Sts2.Core.Nodes.NGame.GameStartupWrapper()
   at System.Runtime.CompilerServices.AsyncMethodBuilderCore.Start[TStateMachine](TStateMachine& stateMachine)
   at MegaCrit.Sts2.Core.Nodes.NGame.GameStartupWrapper()
   at MegaCrit.Sts2.Core.Nodes.NGame._EnterTree()
   at Godot.Node.InvokeGodotClassMethod(godot_string_name& method, NativeVariantPtrArgs args, godot_variant& ret)
   at Godot.CanvasItem.InvokeGodotClassMethod(godot_string_name& method, NativeVariantPtrArgs args, godot_variant& ret)
   at Godot.Control.InvokeGodotClassMethod(godot_string_name& method, NativeVariantPtrArgs args, godot_variant& ret)
   at MegaCrit.Sts2.Core.Nodes.NGame.InvokeGodotClassMethod(godot_string_name& method, NativeVariantPtrArgs args, godot_variant& ret)
   at Godot.Bridge.CSharpInstanceBridge.Call(IntPtr godotObjectGCHandle, godot_string_name* method, godot_variant** args, Int32 argCount, godot_variant_call_error* refCallError, godot_variant* ret)

[INFO] Found mod manifest file E:\SteamLibrary\steamapps\common\Slay the Spire 2\mods\TheQueen\TheQueen\localization\rus\card_library.json
[ERROR] Mod manifest E:\SteamLibrary\steamapps\common\Slay the Spire 2\mods\TheQueen\TheQueen\localization\rus\card_library.json is missing the 'id' field! This is not allowed. The mod will not be loaded.
   at MegaCrit.Sts2.Core.Modding.ModManager.ReadModManifest(String filename, ModSource source)
   at MegaCrit.Sts2.Core.Modding.ModManager.ReadModsInDirRecursive(String path, ModSource source, List`1 newMods)
   at MegaCrit.Sts2.Core.Modding.ModManager.ReadModsInDirRecursive(String path, ModSource source, List`1 newMods)
   at MegaCrit.Sts2.Core.Modding.ModManager.ReadModsInDirRecursive(String path, ModSource source, List`1 newMods)
   at MegaCrit.Sts2.Core.Modding.ModManager.ReadModsInDirRecursive(String path, ModSource source, List`1 newMods)
   at MegaCrit.Sts2.Core.Modding.ModManager.ReadModsInDirRecursive(String path, ModSource source, List`1 newMods)
   at MegaCrit.Sts2.Core.Modding.ModManager.Initialize(IModManagerFileIo fileIo, ModSettings settings)
   at MegaCrit.Sts2.Core.Helpers.OneTimeInitialization.ExecuteVeryEarly()
   at MegaCrit.Sts2.Core.Nodes.NGame.GameStartup()
   at System.Runtime.CompilerServices.AsyncMethodBuilderCore.Start[TStateMachine](TStateMachine& stateMachine)
   at MegaCrit.Sts2.Core.Nodes.NGame.GameStartup()
   at MegaCrit.Sts2.Core.Nodes.NGame.GameStartupWrapper()
   at System.Runtime.CompilerServices.AsyncMethodBuilderCore.Start[TStateMachine](TStateMachine& stateMachine)
   at MegaCrit.Sts2.Core.Nodes.NGame.GameStartupWrapper()
   at MegaCrit.Sts2.Core.Nodes.NGame._EnterTree()
   at Godot.Node.InvokeGodotClassMethod(godot_string_name& method, NativeVariantPtrArgs args, godot_variant& ret)
   at Godot.CanvasItem.InvokeGodotClassMethod(godot_string_name& method, NativeVariantPtrArgs args, godot_variant& ret)
   at Godot.Control.InvokeGodotClassMethod(godot_string_name& method, NativeVariantPtrArgs args, godot_variant& ret)
   at MegaCrit.Sts2.Core.Nodes.NGame.InvokeGodotClassMethod(godot_string_name& method, NativeVariantPtrArgs args, godot_variant& ret)
   at Godot.Bridge.CSharpInstanceBridge.Call(IntPtr godotObjectGCHandle, godot_string_name* method, godot_variant** args, Int32 argCount, godot_variant_call_error* refCallError, godot_variant* ret)

[INFO] Found mod manifest file E:\SteamLibrary\steamapps\common\Slay the Spire 2\mods\TheQueen\TheQueen\localization\rus\cards.json
[ERROR] Mod manifest E:\SteamLibrary\steamapps\common\Slay the Spire 2\mods\TheQueen\TheQueen\localization\rus\cards.json is missing the 'id' field! This is not allowed. The mod will not be loaded.
   at MegaCrit.Sts2.Core.Modding.ModManager.ReadModManifest(String filename, ModSource source)
   at MegaCrit.Sts2.Core.Modding.ModManager.ReadModsInDirRecursive(String path, ModSource source, List`1 newMods)
   at MegaCrit.Sts2.Core.Modding.ModManager.ReadModsInDirRecursive(String path, ModSource source, List`1 newMods)
   at MegaCrit.Sts2.Core.Modding.ModManager.ReadModsInDirRecursive(String path, ModSource source, List`1 newMods)
   at MegaCrit.Sts2.Core.Modding.ModManager.ReadModsInDirRecursive(String path, ModSource source, List`1 newMods)
   at MegaCrit.Sts2.Core.Modding.ModManager.ReadModsInDirRecursive(String path, ModSource source, List`1 newMods)
   at MegaCrit.Sts2.Core.Modding.ModManager.Initialize(IModManagerFileIo fileIo, ModSettings settings)
   at MegaCrit.Sts2.Core.Helpers.OneTimeInitialization.ExecuteVeryEarly()
   at MegaCrit.Sts2.Core.Nodes.NGame.GameStartup()
   at System.Runtime.CompilerServices.AsyncMethodBuilderCore.Start[TStateMachine](TStateMachine& stateMachine)
   at MegaCrit.Sts2.Core.Nodes.NGame.GameStartup()
   at MegaCrit.Sts2.Core.Nodes.NGame.GameStartupWrapper()
   at System.Runtime.CompilerServices.AsyncMethodBuilderCore.Start[TStateMachine](TStateMachine& stateMachine)
   at MegaCrit.Sts2.Core.Nodes.NGame.GameStartupWrapper()
   at MegaCrit.Sts2.Core.Nodes.NGame._EnterTree()
   at Godot.Node.InvokeGodotClassMethod(godot_string_name& method, NativeVariantPtrArgs args, godot_variant& ret)
   at Godot.CanvasItem.InvokeGodotClassMethod(godot_string_name& method, NativeVariantPtrArgs args, godot_variant& ret)
   at Godot.Control.InvokeGodotClassMethod(godot_string_name& method, NativeVariantPtrArgs args, godot_variant& ret)
   at MegaCrit.Sts2.Core.Nodes.NGame.InvokeGodotClassMethod(godot_string_name& method, NativeVariantPtrArgs args, godot_variant& ret)
   at Godot.Bridge.CSharpInstanceBridge.Call(IntPtr godotObjectGCHandle, godot_string_name* method, godot_variant** args, Int32 argCount, godot_variant_call_error* refCallError, godot_variant* ret)

[INFO] Found mod manifest file E:\SteamLibrary\steamapps\common\Slay the Spire 2\mods\TheQueen\TheQueen\localization\rus\characters.json
[ERROR] Mod manifest E:\SteamLibrary\steamapps\common\Slay the Spire 2\mods\TheQueen\TheQueen\localization\rus\characters.json is missing the 'id' field! This is not allowed. The mod will not be loaded.
   at MegaCrit.Sts2.Core.Modding.ModManager.ReadModManifest(String filename, ModSource source)
   at MegaCrit.Sts2.Core.Modding.ModManager.ReadModsInDirRecursive(String path, ModSource source, List`1 newMods)
   at MegaCrit.Sts2.Core.Modding.ModManager.ReadModsInDirRecursive(String path, ModSource source, List`1 newMods)
   at MegaCrit.Sts2.Core.Modding.ModManager.ReadModsInDirRecursive(String path, ModSource source, List`1 newMods)
   at MegaCrit.Sts2.Core.Modding.ModManager.ReadModsInDirRecursive(String path, ModSource source, List`1 newMods)
   at MegaCrit.Sts2.Core.Modding.ModManager.ReadModsInDirRecursive(String path, ModSource source, List`1 newMods)
   at MegaCrit.Sts2.Core.Modding.ModManager.Initialize(IModManagerFileIo fileIo, ModSettings settings)
   at MegaCrit.Sts2.Core.Helpers.OneTimeInitialization.ExecuteVeryEarly()
   at MegaCrit.Sts2.Core.Nodes.NGame.GameStartup()
   at System.Runtime.CompilerServices.AsyncMethodBuilderCore.Start[TStateMachine](TStateMachine& stateMachine)
   at MegaCrit.Sts2.Core.Nodes.NGame.GameStartup()
   at MegaCrit.Sts2.Core.Nodes.NGame.GameStartupWrapper()
   at System.Runtime.CompilerServices.AsyncMethodBuilderCore.Start[TStateMachine](TStateMachine& stateMachine)
   at MegaCrit.Sts2.Core.Nodes.NGame.GameStartupWrapper()
   at MegaCrit.Sts2.Core.Nodes.NGame._EnterTree()
   at Godot.Node.InvokeGodotClassMethod(godot_string_name& method, NativeVariantPtrArgs args, godot_variant& ret)
   at Godot.CanvasItem.InvokeGodotClassMethod(godot_string_name& method, NativeVariantPtrArgs args, godot_variant& ret)
   at Godot.Control.InvokeGodotClassMethod(godot_string_name& method, NativeVariantPtrArgs args, godot_variant& ret)
   at MegaCrit.Sts2.Core.Nodes.NGame.InvokeGodotClassMethod(godot_string_name& method, NativeVariantPtrArgs args, godot_variant& ret)
   at Godot.Bridge.CSharpInstanceBridge.Call(IntPtr godotObjectGCHandle, godot_string_name* method, godot_variant** args, Int32 argCount, godot_variant_call_error* refCallError, godot_variant* ret)

[INFO] Found mod manifest file E:\SteamLibrary\steamapps\common\Slay the Spire 2\mods\TheQueen\TheQueen\localization\rus\enchantments.json
[ERROR] Mod manifest E:\SteamLibrary\steamapps\common\Slay the Spire 2\mods\TheQueen\TheQueen\localization\rus\enchantments.json is missing the 'id' field! This is not allowed. The mod will not be loaded.
   at MegaCrit.Sts2.Core.Modding.ModManager.ReadModManifest(String filename, ModSource source)
   at MegaCrit.Sts2.Core.Modding.ModManager.ReadModsInDirRecursive(String path, ModSource source, List`1 newMods)
   at MegaCrit.Sts2.Core.Modding.ModManager.ReadModsInDirRecursive(String path, ModSource source, List`1 newMods)
   at MegaCrit.Sts2.Core.Modding.ModManager.ReadModsInDirRecursive(String path, ModSource source, List`1 newMods)
   at MegaCrit.Sts2.Core.Modding.ModManager.ReadModsInDirRecursive(String path, ModSource source, List`1 newMods)
   at MegaCrit.Sts2.Core.Modding.ModManager.ReadModsInDirRecursive(String path, ModSource source, List`1 newMods)
   at MegaCrit.Sts2.Core.Modding.ModManager.Initialize(IModManagerFileIo fileIo, ModSettings settings)
   at MegaCrit.Sts2.Core.Helpers.OneTimeInitialization.ExecuteVeryEarly()
   at MegaCrit.Sts2.Core.Nodes.NGame.GameStartup()
   at System.Runtime.CompilerServices.AsyncMethodBuilderCore.Start[TStateMachine](TStateMachine& stateMachine)
   at MegaCrit.Sts2.Core.Nodes.NGame.GameStartup()
   at MegaCrit.Sts2.Core.Nodes.NGame.GameStartupWrapper()
   at System.Runtime.CompilerServices.AsyncMethodBuilderCore.Start[TStateMachine](TStateMachine& stateMachine)
   at MegaCrit.Sts2.Core.Nodes.NGame.GameStartupWrapper()
   at MegaCrit.Sts2.Core.Nodes.NGame._EnterTree()
   at Godot.Node.InvokeGodotClassMethod(godot_string_name& method, NativeVariantPtrArgs args, godot_variant& ret)
   at Godot.CanvasItem.InvokeGodotClassMethod(godot_string_name& method, NativeVariantPtrArgs args, godot_variant& ret)
   at Godot.Control.InvokeGodotClassMethod(godot_string_name& method, NativeVariantPtrArgs args, godot_variant& ret)
   at MegaCrit.Sts2.Core.Nodes.NGame.InvokeGodotClassMethod(godot_string_name& method, NativeVariantPtrArgs args, godot_variant& ret)
   at Godot.Bridge.CSharpInstanceBridge.Call(IntPtr godotObjectGCHandle, godot_string_name* method, godot_variant** args, Int32 argCount, godot_variant_call_error* refCallError, godot_variant* ret)

[INFO] Found mod manifest file E:\SteamLibrary\steamapps\common\Slay the Spire 2\mods\TheQueen\TheQueen\localization\rus\intents.json
[ERROR] Mod manifest E:\SteamLibrary\steamapps\common\Slay the Spire 2\mods\TheQueen\TheQueen\localization\rus\intents.json is missing the 'id' field! This is not allowed. The mod will not be loaded.
   at MegaCrit.Sts2.Core.Modding.ModManager.ReadModManifest(String filename, ModSource source)
   at MegaCrit.Sts2.Core.Modding.ModManager.ReadModsInDirRecursive(String path, ModSource source, List`1 newMods)
   at MegaCrit.Sts2.Core.Modding.ModManager.ReadModsInDirRecursive(String path, ModSource source, List`1 newMods)
   at MegaCrit.Sts2.Core.Modding.ModManager.ReadModsInDirRecursive(String path, ModSource source, List`1 newMods)
   at MegaCrit.Sts2.Core.Modding.ModManager.ReadModsInDirRecursive(String path, ModSource source, List`1 newMods)
   at MegaCrit.Sts2.Core.Modding.ModManager.ReadModsInDirRecursive(String path, ModSource source, List`1 newMods)
   at MegaCrit.Sts2.Core.Modding.ModManager.Initialize(IModManagerFileIo fileIo, ModSettings settings)
   at MegaCrit.Sts2.Core.Helpers.OneTimeInitialization.ExecuteVeryEarly()
   at MegaCrit.Sts2.Core.Nodes.NGame.GameStartup()
   at System.Runtime.CompilerServices.AsyncMethodBuilderCore.Start[TStateMachine](TStateMachine& stateMachine)
   at MegaCrit.Sts2.Core.Nodes.NGame.GameStartup()
   at MegaCrit.Sts2.Core.Nodes.NGame.GameStartupWrapper()
   at System.Runtime.CompilerServices.AsyncMethodBuilderCore.Start[TStateMachine](TStateMachine& stateMachine)
   at MegaCrit.Sts2.Core.Nodes.NGame.GameStartupWrapper()
   at MegaCrit.Sts2.Core.Nodes.NGame._EnterTree()
   at Godot.Node.InvokeGodotClassMethod(godot_string_name& method, NativeVariantPtrArgs args, godot_variant& ret)
   at Godot.CanvasItem.InvokeGodotClassMethod(godot_string_name& method, NativeVariantPtrArgs args, godot_variant& ret)
   at Godot.Control.InvokeGodotClassMethod(godot_string_name& method, NativeVariantPtrArgs args, godot_variant& ret)
   at MegaCrit.Sts2.Core.Nodes.NGame.InvokeGodotClassMethod(godot_string_name& method, NativeVariantPtrArgs args, godot_variant& ret)
   at Godot.Bridge.CSharpInstanceBridge.Call(IntPtr godotObjectGCHandle, godot_string_name* method, godot_variant** args, Int32 argCount, godot_variant_call_error* refCallError, godot_variant* ret)

[INFO] Found mod manifest file E:\SteamLibrary\steamapps\common\Slay the Spire 2\mods\TheQueen\TheQueen\localization\rus\monsters.json
[ERROR] Mod manifest E:\SteamLibrary\steamapps\common\Slay the Spire 2\mods\TheQueen\TheQueen\localization\rus\monsters.json is missing the 'id' field! This is not allowed. The mod will not be loaded.
   at MegaCrit.Sts2.Core.Modding.ModManager.ReadModManifest(String filename, ModSource source)
   at MegaCrit.Sts2.Core.Modding.ModManager.ReadModsInDirRecursive(String path, ModSource source, List`1 newMods)
   at MegaCrit.Sts2.Core.Modding.ModManager.ReadModsInDirRecursive(String path, ModSource source, List`1 newMods)
   at MegaCrit.Sts2.Core.Modding.ModManager.ReadModsInDirRecursive(String path, ModSource source, List`1 newMods)
   at MegaCrit.Sts2.Core.Modding.ModManager.ReadModsInDirRecursive(String path, ModSource source, List`1 newMods)
   at MegaCrit.Sts2.Core.Modding.ModManager.ReadModsInDirRecursive(String path, ModSource source, List`1 newMods)
   at MegaCrit.Sts2.Core.Modding.ModManager.Initialize(IModManagerFileIo fileIo, ModSettings settings)
   at MegaCrit.Sts2.Core.Helpers.OneTimeInitialization.ExecuteVeryEarly()
   at MegaCrit.Sts2.Core.Nodes.NGame.GameStartup()
   at System.Runtime.CompilerServices.AsyncMethodBuilderCore.Start[TStateMachine](TStateMachine& stateMachine)
   at MegaCrit.Sts2.Core.Nodes.NGame.GameStartup()
   at MegaCrit.Sts2.Core.Nodes.NGame.GameStartupWrapper()
   at System.Runtime.CompilerServices.AsyncMethodBuilderCore.Start[TStateMachine](TStateMachine& stateMachine)
   at MegaCrit.Sts2.Core.Nodes.NGame.GameStartupWrapper()
   at MegaCrit.Sts2.Core.Nodes.NGame._EnterTree()
   at Godot.Node.InvokeGodotClassMethod(godot_string_name& method, NativeVariantPtrArgs args, godot_variant& ret)
   at Godot.CanvasItem.InvokeGodotClassMethod(godot_string_name& method, NativeVariantPtrArgs args, godot_variant& ret)
   at Godot.Control.InvokeGodotClassMethod(godot_string_name& method, NativeVariantPtrArgs args, godot_variant& ret)
   at MegaCrit.Sts2.Core.Nodes.NGame.InvokeGodotClassMethod(godot_string_name& method, NativeVariantPtrArgs args, godot_variant& ret)
   at Godot.Bridge.CSharpInstanceBridge.Call(IntPtr godotObjectGCHandle, godot_string_name* method, godot_variant** args, Int32 argCount, godot_variant_call_error* refCallError, godot_variant* ret)

[INFO] Found mod manifest file E:\SteamLibrary\steamapps\common\Slay the Spire 2\mods\TheQueen\TheQueen\localization\rus\potions.json
[ERROR] Mod manifest E:\SteamLibrary\steamapps\common\Slay the Spire 2\mods\TheQueen\TheQueen\localization\rus\potions.json is missing the 'id' field! This is not allowed. The mod will not be loaded.
   at MegaCrit.Sts2.Core.Modding.ModManager.ReadModManifest(String filename, ModSource source)
   at MegaCrit.Sts2.Core.Modding.ModManager.ReadModsInDirRecursive(String path, ModSource source, List`1 newMods)
   at MegaCrit.Sts2.Core.Modding.ModManager.ReadModsInDirRecursive(String path, ModSource source, List`1 newMods)
   at MegaCrit.Sts2.Core.Modding.ModManager.ReadModsInDirRecursive(String path, ModSource source, List`1 newMods)
   at MegaCrit.Sts2.Core.Modding.ModManager.ReadModsInDirRecursive(String path, ModSource source, List`1 newMods)
   at MegaCrit.Sts2.Core.Modding.ModManager.ReadModsInDirRecursive(String path, ModSource source, List`1 newMods)
   at MegaCrit.Sts2.Core.Modding.ModManager.Initialize(IModManagerFileIo fileIo, ModSettings settings)
   at MegaCrit.Sts2.Core.Helpers.OneTimeInitialization.ExecuteVeryEarly()
   at MegaCrit.Sts2.Core.Nodes.NGame.GameStartup()
   at System.Runtime.CompilerServices.AsyncMethodBuilderCore.Start[TStateMachine](TStateMachine& stateMachine)
   at MegaCrit.Sts2.Core.Nodes.NGame.GameStartup()
   at MegaCrit.Sts2.Core.Nodes.NGame.GameStartupWrapper()
   at System.Runtime.CompilerServices.AsyncMethodBuilderCore.Start[TStateMachine](TStateMachine& stateMachine)
   at MegaCrit.Sts2.Core.Nodes.NGame.GameStartupWrapper()
   at MegaCrit.Sts2.Core.Nodes.NGame._EnterTree()
   at Godot.Node.InvokeGodotClassMethod(godot_string_name& method, NativeVariantPtrArgs args, godot_variant& ret)
   at Godot.CanvasItem.InvokeGodotClassMethod(godot_string_name& method, NativeVariantPtrArgs args, godot_variant& ret)
   at Godot.Control.InvokeGodotClassMethod(godot_string_name& method, NativeVariantPtrArgs args, godot_variant& ret)
   at MegaCrit.Sts2.Core.Nodes.NGame.InvokeGodotClassMethod(godot_string_name& method, NativeVariantPtrArgs args, godot_variant& ret)
   at Godot.Bridge.CSharpInstanceBridge.Call(IntPtr godotObjectGCHandle, godot_string_name* method, godot_variant** args, Int32 argCount, godot_variant_call_error* refCallError, godot_variant* ret)

[INFO] Found mod manifest file E:\SteamLibrary\steamapps\common\Slay the Spire 2\mods\TheQueen\TheQueen\localization\rus\powers.json
[ERROR] Mod manifest E:\SteamLibrary\steamapps\common\Slay the Spire 2\mods\TheQueen\TheQueen\localization\rus\powers.json is missing the 'id' field! This is not allowed. The mod will not be loaded.
   at MegaCrit.Sts2.Core.Modding.ModManager.ReadModManifest(String filename, ModSource source)
   at MegaCrit.Sts2.Core.Modding.ModManager.ReadModsInDirRecursive(String path, ModSource source, List`1 newMods)
   at MegaCrit.Sts2.Core.Modding.ModManager.ReadModsInDirRecursive(String path, ModSource source, List`1 newMods)
   at MegaCrit.Sts2.Core.Modding.ModManager.ReadModsInDirRecursive(String path, ModSource source, List`1 newMods)
   at MegaCrit.Sts2.Core.Modding.ModManager.ReadModsInDirRecursive(String path, ModSource source, List`1 newMods)
   at MegaCrit.Sts2.Core.Modding.ModManager.ReadModsInDirRecursive(String path, ModSource source, List`1 newMods)
   at MegaCrit.Sts2.Core.Modding.ModManager.Initialize(IModManagerFileIo fileIo, ModSettings settings)
   at MegaCrit.Sts2.Core.Helpers.OneTimeInitialization.ExecuteVeryEarly()
   at MegaCrit.Sts2.Core.Nodes.NGame.GameStartup()
   at System.Runtime.CompilerServices.AsyncMethodBuilderCore.Start[TStateMachine](TStateMachine& stateMachine)
   at MegaCrit.Sts2.Core.Nodes.NGame.GameStartup()
   at MegaCrit.Sts2.Core.Nodes.NGame.GameStartupWrapper()
   at System.Runtime.CompilerServices.AsyncMethodBuilderCore.Start[TStateMachine](TStateMachine& stateMachine)
   at MegaCrit.Sts2.Core.Nodes.NGame.GameStartupWrapper()
   at MegaCrit.Sts2.Core.Nodes.NGame._EnterTree()
   at Godot.Node.InvokeGodotClassMethod(godot_string_name& method, NativeVariantPtrArgs args, godot_variant& ret)
   at Godot.CanvasItem.InvokeGodotClassMethod(godot_string_name& method, NativeVariantPtrArgs args, godot_variant& ret)
   at Godot.Control.InvokeGodotClassMethod(godot_string_name& method, NativeVariantPtrArgs args, godot_variant& ret)
   at MegaCrit.Sts2.Core.Nodes.NGame.InvokeGodotClassMethod(godot_string_name& method, NativeVariantPtrArgs args, godot_variant& ret)
   at Godot.Bridge.CSharpInstanceBridge.Call(IntPtr godotObjectGCHandle, godot_string_name* method, godot_variant** args, Int32 argCount, godot_variant_call_error* refCallError, godot_variant* ret)

[INFO] Found mod manifest file E:\SteamLibrary\steamapps\common\Slay the Spire 2\mods\TheQueen\TheQueen\localization\rus\relics.json
[ERROR] Mod manifest E:\SteamLibrary\steamapps\common\Slay the Spire 2\mods\TheQueen\TheQueen\localization\rus\relics.json is missing the 'id' field! This is not allowed. The mod will not be loaded.
   at MegaCrit.Sts2.Core.Modding.ModManager.ReadModManifest(String filename, ModSource source)
   at MegaCrit.Sts2.Core.Modding.ModManager.ReadModsInDirRecursive(String path, ModSource source, List`1 newMods)
   at MegaCrit.Sts2.Core.Modding.ModManager.ReadModsInDirRecursive(String path, ModSource source, List`1 newMods)
   at MegaCrit.Sts2.Core.Modding.ModManager.ReadModsInDirRecursive(String path, ModSource source, List`1 newMods)
   at MegaCrit.Sts2.Core.Modding.ModManager.ReadModsInDirRecursive(String path, ModSource source, List`1 newMods)
   at MegaCrit.Sts2.Core.Modding.ModManager.ReadModsInDirRecursive(String path, ModSource source, List`1 newMods)
   at MegaCrit.Sts2.Core.Modding.ModManager.Initialize(IModManagerFileIo fileIo, ModSettings settings)
   at MegaCrit.Sts2.Core.Helpers.OneTimeInitialization.ExecuteVeryEarly()
   at MegaCrit.Sts2.Core.Nodes.NGame.GameStartup()
   at System.Runtime.CompilerServices.AsyncMethodBuilderCore.Start[TStateMachine](TStateMachine& stateMachine)
   at MegaCrit.Sts2.Core.Nodes.NGame.GameStartup()
   at MegaCrit.Sts2.Core.Nodes.NGame.GameStartupWrapper()
   at System.Runtime.CompilerServices.AsyncMethodBuilderCore.Start[TStateMachine](TStateMachine& stateMachine)
   at MegaCrit.Sts2.Core.Nodes.NGame.GameStartupWrapper()
   at MegaCrit.Sts2.Core.Nodes.NGame._EnterTree()
   at Godot.Node.InvokeGodotClassMethod(godot_string_name& method, NativeVariantPtrArgs args, godot_variant& ret)
   at Godot.CanvasItem.InvokeGodotClassMethod(godot_string_name& method, NativeVariantPtrArgs args, godot_variant& ret)
   at Godot.Control.InvokeGodotClassMethod(godot_string_name& method, NativeVariantPtrArgs args, godot_variant& ret)
   at MegaCrit.Sts2.Core.Nodes.NGame.InvokeGodotClassMethod(godot_string_name& method, NativeVariantPtrArgs args, godot_variant& ret)
   at Godot.Bridge.CSharpInstanceBridge.Call(IntPtr godotObjectGCHandle, godot_string_name* method, godot_variant** args, Int32 argCount, godot_variant_call_error* refCallError, godot_variant* ret)

[INFO] Found mod manifest file E:\SteamLibrary\steamapps\common\Slay the Spire 2\mods\TheQueen\TheQueen\localization\rus\static_hover_tips.json
[ERROR] Mod manifest E:\SteamLibrary\steamapps\common\Slay the Spire 2\mods\TheQueen\TheQueen\localization\rus\static_hover_tips.json is missing the 'id' field! This is not allowed. The mod will not be loaded.
   at MegaCrit.Sts2.Core.Modding.ModManager.ReadModManifest(String filename, ModSource source)
   at MegaCrit.Sts2.Core.Modding.ModManager.ReadModsInDirRecursive(String path, ModSource source, List`1 newMods)
   at MegaCrit.Sts2.Core.Modding.ModManager.ReadModsInDirRecursive(String path, ModSource source, List`1 newMods)
   at MegaCrit.Sts2.Core.Modding.ModManager.ReadModsInDirRecursive(String path, ModSource source, List`1 newMods)
   at MegaCrit.Sts2.Core.Modding.ModManager.ReadModsInDirRecursive(String path, ModSource source, List`1 newMods)
   at MegaCrit.Sts2.Core.Modding.ModManager.ReadModsInDirRecursive(String path, ModSource source, List`1 newMods)
   at MegaCrit.Sts2.Core.Modding.ModManager.Initialize(IModManagerFileIo fileIo, ModSettings settings)
   at MegaCrit.Sts2.Core.Helpers.OneTimeInitialization.ExecuteVeryEarly()
   at MegaCrit.Sts2.Core.Nodes.NGame.GameStartup()
   at System.Runtime.CompilerServices.AsyncMethodBuilderCore.Start[TStateMachine](TStateMachine& stateMachine)
   at MegaCrit.Sts2.Core.Nodes.NGame.GameStartup()
   at MegaCrit.Sts2.Core.Nodes.NGame.GameStartupWrapper()
   at System.Runtime.CompilerServices.AsyncMethodBuilderCore.Start[TStateMachine](TStateMachine& stateMachine)
   at MegaCrit.Sts2.Core.Nodes.NGame.GameStartupWrapper()
   at MegaCrit.Sts2.Core.Nodes.NGame._EnterTree()
   at Godot.Node.InvokeGodotClassMethod(godot_string_name& method, NativeVariantPtrArgs args, godot_variant& ret)
   at Godot.CanvasItem.InvokeGodotClassMethod(godot_string_name& method, NativeVariantPtrArgs args, godot_variant& ret)
   at Godot.Control.InvokeGodotClassMethod(godot_string_name& method, NativeVariantPtrArgs args, godot_variant& ret)
   at MegaCrit.Sts2.Core.Nodes.NGame.InvokeGodotClassMethod(godot_string_name& method, NativeVariantPtrArgs args, godot_variant& ret)
   at Godot.Bridge.CSharpInstanceBridge.Call(IntPtr godotObjectGCHandle, godot_string_name* method, godot_variant** args, Int32 argCount, godot_variant_call_error* refCallError, godot_variant* ret)

[INFO] Found mod manifest file E:\SteamLibrary\steamapps\common\Slay the Spire 2\mods\TheQueen\TheQueen\localization\zhs\afflictions.json
[ERROR] Mod manifest E:\SteamLibrary\steamapps\common\Slay the Spire 2\mods\TheQueen\TheQueen\localization\zhs\afflictions.json is missing the 'id' field! This is not allowed. The mod will not be loaded.
   at MegaCrit.Sts2.Core.Modding.ModManager.ReadModManifest(String filename, ModSource source)
   at MegaCrit.Sts2.Core.Modding.ModManager.ReadModsInDirRecursive(String path, ModSource source, List`1 newMods)
   at MegaCrit.Sts2.Core.Modding.ModManager.ReadModsInDirRecursive(String path, ModSource source, List`1 newMods)
   at MegaCrit.Sts2.Core.Modding.ModManager.ReadModsInDirRecursive(String path, ModSource source, List`1 newMods)
   at MegaCrit.Sts2.Core.Modding.ModManager.ReadModsInDirRecursive(String path, ModSource source, List`1 newMods)
   at MegaCrit.Sts2.Core.Modding.ModManager.ReadModsInDirRecursive(String path, ModSource source, List`1 newMods)
   at MegaCrit.Sts2.Core.Modding.ModManager.Initialize(IModManagerFileIo fileIo, ModSettings settings)
   at MegaCrit.Sts2.Core.Helpers.OneTimeInitialization.ExecuteVeryEarly()
   at MegaCrit.Sts2.Core.Nodes.NGame.GameStartup()
   at System.Runtime.CompilerServices.AsyncMethodBuilderCore.Start[TStateMachine](TStateMachine& stateMachine)
   at MegaCrit.Sts2.Core.Nodes.NGame.GameStartup()
   at MegaCrit.Sts2.Core.Nodes.NGame.GameStartupWrapper()
   at System.Runtime.CompilerServices.AsyncMethodBuilderCore.Start[TStateMachine](TStateMachine& stateMachine)
   at MegaCrit.Sts2.Core.Nodes.NGame.GameStartupWrapper()
   at MegaCrit.Sts2.Core.Nodes.NGame._EnterTree()
   at Godot.Node.InvokeGodotClassMethod(godot_string_name& method, NativeVariantPtrArgs args, godot_variant& ret)
   at Godot.CanvasItem.InvokeGodotClassMethod(godot_string_name& method, NativeVariantPtrArgs args, godot_variant& ret)
   at Godot.Control.InvokeGodotClassMethod(godot_string_name& method, NativeVariantPtrArgs args, godot_variant& ret)
   at MegaCrit.Sts2.Core.Nodes.NGame.InvokeGodotClassMethod(godot_string_name& method, NativeVariantPtrArgs args, godot_variant& ret)
   at Godot.Bridge.CSharpInstanceBridge.Call(IntPtr godotObjectGCHandle, godot_string_name* method, godot_variant** args, Int32 argCount, godot_variant_call_error* refCallError, godot_variant* ret)

[INFO] Found mod manifest file E:\SteamLibrary\steamapps\common\Slay the Spire 2\mods\TheQueen\TheQueen\localization\zhs\ancients.json
[ERROR] Mod manifest E:\SteamLibrary\steamapps\common\Slay the Spire 2\mods\TheQueen\TheQueen\localization\zhs\ancients.json is missing the 'id' field! This is not allowed. The mod will not be loaded.
   at MegaCrit.Sts2.Core.Modding.ModManager.ReadModManifest(String filename, ModSource source)
   at MegaCrit.Sts2.Core.Modding.ModManager.ReadModsInDirRecursive(String path, ModSource source, List`1 newMods)
   at MegaCrit.Sts2.Core.Modding.ModManager.ReadModsInDirRecursive(String path, ModSource source, List`1 newMods)
   at MegaCrit.Sts2.Core.Modding.ModManager.ReadModsInDirRecursive(String path, ModSource source, List`1 newMods)
   at MegaCrit.Sts2.Core.Modding.ModManager.ReadModsInDirRecursive(String path, ModSource source, List`1 newMods)
   at MegaCrit.Sts2.Core.Modding.ModManager.ReadModsInDirRecursive(String path, ModSource source, List`1 newMods)
   at MegaCrit.Sts2.Core.Modding.ModManager.Initialize(IModManagerFileIo fileIo, ModSettings settings)
   at MegaCrit.Sts2.Core.Helpers.OneTimeInitialization.ExecuteVeryEarly()
   at MegaCrit.Sts2.Core.Nodes.NGame.GameStartup()
   at System.Runtime.CompilerServices.AsyncMethodBuilderCore.Start[TStateMachine](TStateMachine& stateMachine)
   at MegaCrit.Sts2.Core.Nodes.NGame.GameStartup()
   at MegaCrit.Sts2.Core.Nodes.NGame.GameStartupWrapper()
   at System.Runtime.CompilerServices.AsyncMethodBuilderCore.Start[TStateMachine](TStateMachine& stateMachine)
   at MegaCrit.Sts2.Core.Nodes.NGame.GameStartupWrapper()
   at MegaCrit.Sts2.Core.Nodes.NGame._EnterTree()
   at Godot.Node.InvokeGodotClassMethod(godot_string_name& method, NativeVariantPtrArgs args, godot_variant& ret)
   at Godot.CanvasItem.InvokeGodotClassMethod(godot_string_name& method, NativeVariantPtrArgs args, godot_variant& ret)
   at Godot.Control.InvokeGodotClassMethod(godot_string_name& method, NativeVariantPtrArgs args, godot_variant& ret)
   at MegaCrit.Sts2.Core.Nodes.NGame.InvokeGodotClassMethod(godot_string_name& method, NativeVariantPtrArgs args, godot_variant& ret)
   at Godot.Bridge.CSharpInstanceBridge.Call(IntPtr godotObjectGCHandle, godot_string_name* method, godot_variant** args, Int32 argCount, godot_variant_call_error* refCallError, godot_variant* ret)

[INFO] Found mod manifest file E:\SteamLibrary\steamapps\common\Slay the Spire 2\mods\TheQueen\TheQueen\localization\zhs\card_keywords.json
[ERROR] Mod manifest E:\SteamLibrary\steamapps\common\Slay the Spire 2\mods\TheQueen\TheQueen\localization\zhs\card_keywords.json is missing the 'id' field! This is not allowed. The mod will not be loaded.
   at MegaCrit.Sts2.Core.Modding.ModManager.ReadModManifest(String filename, ModSource source)
   at MegaCrit.Sts2.Core.Modding.ModManager.ReadModsInDirRecursive(String path, ModSource source, List`1 newMods)
   at MegaCrit.Sts2.Core.Modding.ModManager.ReadModsInDirRecursive(String path, ModSource source, List`1 newMods)
   at MegaCrit.Sts2.Core.Modding.ModManager.ReadModsInDirRecursive(String path, ModSource source, List`1 newMods)
   at MegaCrit.Sts2.Core.Modding.ModManager.ReadModsInDirRecursive(String path, ModSource source, List`1 newMods)
   at MegaCrit.Sts2.Core.Modding.ModManager.ReadModsInDirRecursive(String path, ModSource source, List`1 newMods)
   at MegaCrit.Sts2.Core.Modding.ModManager.Initialize(IModManagerFileIo fileIo, ModSettings settings)
   at MegaCrit.Sts2.Core.Helpers.OneTimeInitialization.ExecuteVeryEarly()
   at MegaCrit.Sts2.Core.Nodes.NGame.GameStartup()
   at System.Runtime.CompilerServices.AsyncMethodBuilderCore.Start[TStateMachine](TStateMachine& stateMachine)
   at MegaCrit.Sts2.Core.Nodes.NGame.GameStartup()
   at MegaCrit.Sts2.Core.Nodes.NGame.GameStartupWrapper()
   at System.Runtime.CompilerServices.AsyncMethodBuilderCore.Start[TStateMachine](TStateMachine& stateMachine)
   at MegaCrit.Sts2.Core.Nodes.NGame.GameStartupWrapper()
   at MegaCrit.Sts2.Core.Nodes.NGame._EnterTree()
   at Godot.Node.InvokeGodotClassMethod(godot_string_name& method, NativeVariantPtrArgs args, godot_variant& ret)
   at Godot.CanvasItem.InvokeGodotClassMethod(godot_string_name& method, NativeVariantPtrArgs args, godot_variant& ret)
   at Godot.Control.InvokeGodotClassMethod(godot_string_name& method, NativeVariantPtrArgs args, godot_variant& ret)
   at MegaCrit.Sts2.Core.Nodes.NGame.InvokeGodotClassMethod(godot_string_name& method, NativeVariantPtrArgs args, godot_variant& ret)
   at Godot.Bridge.CSharpInstanceBridge.Call(IntPtr godotObjectGCHandle, godot_string_name* method, godot_variant** args, Int32 argCount, godot_variant_call_error* refCallError, godot_variant* ret)

[INFO] Found mod manifest file E:\SteamLibrary\steamapps\common\Slay the Spire 2\mods\TheQueen\TheQueen\localization\zhs\card_library.json
[ERROR] Mod manifest E:\SteamLibrary\steamapps\common\Slay the Spire 2\mods\TheQueen\TheQueen\localization\zhs\card_library.json is missing the 'id' field! This is not allowed. The mod will not be loaded.
   at MegaCrit.Sts2.Core.Modding.ModManager.ReadModManifest(String filename, ModSource source)
   at MegaCrit.Sts2.Core.Modding.ModManager.ReadModsInDirRecursive(String path, ModSource source, List`1 newMods)
   at MegaCrit.Sts2.Core.Modding.ModManager.ReadModsInDirRecursive(String path, ModSource source, List`1 newMods)
   at MegaCrit.Sts2.Core.Modding.ModManager.ReadModsInDirRecursive(String path, ModSource source, List`1 newMods)
   at MegaCrit.Sts2.Core.Modding.ModManager.ReadModsInDirRecursive(String path, ModSource source, List`1 newMods)
   at MegaCrit.Sts2.Core.Modding.ModManager.ReadModsInDirRecursive(String path, ModSource source, List`1 newMods)
   at MegaCrit.Sts2.Core.Modding.ModManager.Initialize(IModManagerFileIo fileIo, ModSettings settings)
   at MegaCrit.Sts2.Core.Helpers.OneTimeInitialization.ExecuteVeryEarly()
   at MegaCrit.Sts2.Core.Nodes.NGame.GameStartup()
   at System.Runtime.CompilerServices.AsyncMethodBuilderCore.Start[TStateMachine](TStateMachine& stateMachine)
   at MegaCrit.Sts2.Core.Nodes.NGame.GameStartup()
   at MegaCrit.Sts2.Core.Nodes.NGame.GameStartupWrapper()
   at System.Runtime.CompilerServices.AsyncMethodBuilderCore.Start[TStateMachine](TStateMachine& stateMachine)
   at MegaCrit.Sts2.Core.Nodes.NGame.GameStartupWrapper()
   at MegaCrit.Sts2.Core.Nodes.NGame._EnterTree()
   at Godot.Node.InvokeGodotClassMethod(godot_string_name& method, NativeVariantPtrArgs args, godot_variant& ret)
   at Godot.CanvasItem.InvokeGodotClassMethod(godot_string_name& method, NativeVariantPtrArgs args, godot_variant& ret)
   at Godot.Control.InvokeGodotClassMethod(godot_string_name& method, NativeVariantPtrArgs args, godot_variant& ret)
   at MegaCrit.Sts2.Core.Nodes.NGame.InvokeGodotClassMethod(godot_string_name& method, NativeVariantPtrArgs args, godot_variant& ret)
   at Godot.Bridge.CSharpInstanceBridge.Call(IntPtr godotObjectGCHandle, godot_string_name* method, godot_variant** args, Int32 argCount, godot_variant_call_error* refCallError, godot_variant* ret)

[INFO] Found mod manifest file E:\SteamLibrary\steamapps\common\Slay the Spire 2\mods\TheQueen\TheQueen\localization\zhs\cards.json
[ERROR] Mod manifest E:\SteamLibrary\steamapps\common\Slay the Spire 2\mods\TheQueen\TheQueen\localization\zhs\cards.json is missing the 'id' field! This is not allowed. The mod will not be loaded.
   at MegaCrit.Sts2.Core.Modding.ModManager.ReadModManifest(String filename, ModSource source)
   at MegaCrit.Sts2.Core.Modding.ModManager.ReadModsInDirRecursive(String path, ModSource source, List`1 newMods)
   at MegaCrit.Sts2.Core.Modding.ModManager.ReadModsInDirRecursive(String path, ModSource source, List`1 newMods)
   at MegaCrit.Sts2.Core.Modding.ModManager.ReadModsInDirRecursive(String path, ModSource source, List`1 newMods)
   at MegaCrit.Sts2.Core.Modding.ModManager.ReadModsInDirRecursive(String path, ModSource source, List`1 newMods)
   at MegaCrit.Sts2.Core.Modding.ModManager.ReadModsInDirRecursive(String path, ModSource source, List`1 newMods)
   at MegaCrit.Sts2.Core.Modding.ModManager.Initialize(IModManagerFileIo fileIo, ModSettings settings)
   at MegaCrit.Sts2.Core.Helpers.OneTimeInitialization.ExecuteVeryEarly()
   at MegaCrit.Sts2.Core.Nodes.NGame.GameStartup()
   at System.Runtime.CompilerServices.AsyncMethodBuilderCore.Start[TStateMachine](TStateMachine& stateMachine)
   at MegaCrit.Sts2.Core.Nodes.NGame.GameStartup()
   at MegaCrit.Sts2.Core.Nodes.NGame.GameStartupWrapper()
   at System.Runtime.CompilerServices.AsyncMethodBuilderCore.Start[TStateMachine](TStateMachine& stateMachine)
   at MegaCrit.Sts2.Core.Nodes.NGame.GameStartupWrapper()
   at MegaCrit.Sts2.Core.Nodes.NGame._EnterTree()
   at Godot.Node.InvokeGodotClassMethod(godot_string_name& method, NativeVariantPtrArgs args, godot_variant& ret)
   at Godot.CanvasItem.InvokeGodotClassMethod(godot_string_name& method, NativeVariantPtrArgs args, godot_variant& ret)
   at Godot.Control.InvokeGodotClassMethod(godot_string_name& method, NativeVariantPtrArgs args, godot_variant& ret)
   at MegaCrit.Sts2.Core.Nodes.NGame.InvokeGodotClassMethod(godot_string_name& method, NativeVariantPtrArgs args, godot_variant& ret)
   at Godot.Bridge.CSharpInstanceBridge.Call(IntPtr godotObjectGCHandle, godot_string_name* method, godot_variant** args, Int32 argCount, godot_variant_call_error* refCallError, godot_variant* ret)

[INFO] Found mod manifest file E:\SteamLibrary\steamapps\common\Slay the Spire 2\mods\TheQueen\TheQueen\localization\zhs\characters.json
[ERROR] Mod manifest E:\SteamLibrary\steamapps\common\Slay the Spire 2\mods\TheQueen\TheQueen\localization\zhs\characters.json is missing the 'id' field! This is not allowed. The mod will not be loaded.
   at MegaCrit.Sts2.Core.Modding.ModManager.ReadModManifest(String filename, ModSource source)
   at MegaCrit.Sts2.Core.Modding.ModManager.ReadModsInDirRecursive(String path, ModSource source, List`1 newMods)
   at MegaCrit.Sts2.Core.Modding.ModManager.ReadModsInDirRecursive(String path, ModSource source, List`1 newMods)
   at MegaCrit.Sts2.Core.Modding.ModManager.ReadModsInDirRecursive(String path, ModSource source, List`1 newMods)
   at MegaCrit.Sts2.Core.Modding.ModManager.ReadModsInDirRecursive(String path, ModSource source, List`1 newMods)
   at MegaCrit.Sts2.Core.Modding.ModManager.ReadModsInDirRecursive(String path, ModSource source, List`1 newMods)
   at MegaCrit.Sts2.Core.Modding.ModManager.Initialize(IModManagerFileIo fileIo, ModSettings settings)
   at MegaCrit.Sts2.Core.Helpers.OneTimeInitialization.ExecuteVeryEarly()
   at MegaCrit.Sts2.Core.Nodes.NGame.GameStartup()
   at System.Runtime.CompilerServices.AsyncMethodBuilderCore.Start[TStateMachine](TStateMachine& stateMachine)
   at MegaCrit.Sts2.Core.Nodes.NGame.GameStartup()
   at MegaCrit.Sts2.Core.Nodes.NGame.GameStartupWrapper()
   at System.Runtime.CompilerServices.AsyncMethodBuilderCore.Start[TStateMachine](TStateMachine& stateMachine)
   at MegaCrit.Sts2.Core.Nodes.NGame.GameStartupWrapper()
   at MegaCrit.Sts2.Core.Nodes.NGame._EnterTree()
   at Godot.Node.InvokeGodotClassMethod(godot_string_name& method, NativeVariantPtrArgs args, godot_variant& ret)
   at Godot.CanvasItem.InvokeGodotClassMethod(godot_string_name& method, NativeVariantPtrArgs args, godot_variant& ret)
   at Godot.Control.InvokeGodotClassMethod(godot_string_name& method, NativeVariantPtrArgs args, godot_variant& ret)
   at MegaCrit.Sts2.Core.Nodes.NGame.InvokeGodotClassMethod(godot_string_name& method, NativeVariantPtrArgs args, godot_variant& ret)
   at Godot.Bridge.CSharpInstanceBridge.Call(IntPtr godotObjectGCHandle, godot_string_name* method, godot_variant** args, Int32 argCount, godot_variant_call_error* refCallError, godot_variant* ret)

[INFO] Found mod manifest file E:\SteamLibrary\steamapps\common\Slay the Spire 2\mods\TheQueen\TheQueen\localization\zhs\combat_messages.json
[ERROR] Mod manifest E:\SteamLibrary\steamapps\common\Slay the Spire 2\mods\TheQueen\TheQueen\localization\zhs\combat_messages.json is missing the 'id' field! This is not allowed. The mod will not be loaded.
   at MegaCrit.Sts2.Core.Modding.ModManager.ReadModManifest(String filename, ModSource source)
   at MegaCrit.Sts2.Core.Modding.ModManager.ReadModsInDirRecursive(String path, ModSource source, List`1 newMods)
   at MegaCrit.Sts2.Core.Modding.ModManager.ReadModsInDirRecursive(String path, ModSource source, List`1 newMods)
   at MegaCrit.Sts2.Core.Modding.ModManager.ReadModsInDirRecursive(String path, ModSource source, List`1 newMods)
   at MegaCrit.Sts2.Core.Modding.ModManager.ReadModsInDirRecursive(String path, ModSource source, List`1 newMods)
   at MegaCrit.Sts2.Core.Modding.ModManager.ReadModsInDirRecursive(String path, ModSource source, List`1 newMods)
   at MegaCrit.Sts2.Core.Modding.ModManager.Initialize(IModManagerFileIo fileIo, ModSettings settings)
   at MegaCrit.Sts2.Core.Helpers.OneTimeInitialization.ExecuteVeryEarly()
   at MegaCrit.Sts2.Core.Nodes.NGame.GameStartup()
   at System.Runtime.CompilerServices.AsyncMethodBuilderCore.Start[TStateMachine](TStateMachine& stateMachine)
   at MegaCrit.Sts2.Core.Nodes.NGame.GameStartup()
   at MegaCrit.Sts2.Core.Nodes.NGame.GameStartupWrapper()
   at System.Runtime.CompilerServices.AsyncMethodBuilderCore.Start[TStateMachine](TStateMachine& stateMachine)
   at MegaCrit.Sts2.Core.Nodes.NGame.GameStartupWrapper()
   at MegaCrit.Sts2.Core.Nodes.NGame._EnterTree()
   at Godot.Node.InvokeGodotClassMethod(godot_string_name& method, NativeVariantPtrArgs args, godot_variant& ret)
   at Godot.CanvasItem.InvokeGodotClassMethod(godot_string_name& method, NativeVariantPtrArgs args, godot_variant& ret)
   at Godot.Control.InvokeGodotClassMethod(godot_string_name& method, NativeVariantPtrArgs args, godot_variant& ret)
   at MegaCrit.Sts2.Core.Nodes.NGame.InvokeGodotClassMethod(godot_string_name& method, NativeVariantPtrArgs args, godot_variant& ret)
   at Godot.Bridge.CSharpInstanceBridge.Call(IntPtr godotObjectGCHandle, godot_string_name* method, godot_variant** args, Int32 argCount, godot_variant_call_error* refCallError, godot_variant* ret)

[INFO] Found mod manifest file E:\SteamLibrary\steamapps\common\Slay the Spire 2\mods\TheQueen\TheQueen\localization\zhs\enchantments.json
[ERROR] Mod manifest E:\SteamLibrary\steamapps\common\Slay the Spire 2\mods\TheQueen\TheQueen\localization\zhs\enchantments.json is missing the 'id' field! This is not allowed. The mod will not be loaded.
   at MegaCrit.Sts2.Core.Modding.ModManager.ReadModManifest(String filename, ModSource source)
   at MegaCrit.Sts2.Core.Modding.ModManager.ReadModsInDirRecursive(String path, ModSource source, List`1 newMods)
   at MegaCrit.Sts2.Core.Modding.ModManager.ReadModsInDirRecursive(String path, ModSource source, List`1 newMods)
   at MegaCrit.Sts2.Core.Modding.ModManager.ReadModsInDirRecursive(String path, ModSource source, List`1 newMods)
   at MegaCrit.Sts2.Core.Modding.ModManager.ReadModsInDirRecursive(String path, ModSource source, List`1 newMods)
   at MegaCrit.Sts2.Core.Modding.ModManager.ReadModsInDirRecursive(String path, ModSource source, List`1 newMods)
   at MegaCrit.Sts2.Core.Modding.ModManager.Initialize(IModManagerFileIo fileIo, ModSettings settings)
   at MegaCrit.Sts2.Core.Helpers.OneTimeInitialization.ExecuteVeryEarly()
   at MegaCrit.Sts2.Core.Nodes.NGame.GameStartup()
   at System.Runtime.CompilerServices.AsyncMethodBuilderCore.Start[TStateMachine](TStateMachine& stateMachine)
   at MegaCrit.Sts2.Core.Nodes.NGame.GameStartup()
   at MegaCrit.Sts2.Core.Nodes.NGame.GameStartupWrapper()
   at System.Runtime.CompilerServices.AsyncMethodBuilderCore.Start[TStateMachine](TStateMachine& stateMachine)
   at MegaCrit.Sts2.Core.Nodes.NGame.GameStartupWrapper()
   at MegaCrit.Sts2.Core.Nodes.NGame._EnterTree()
   at Godot.Node.InvokeGodotClassMethod(godot_string_name& method, NativeVariantPtrArgs args, godot_variant& ret)
   at Godot.CanvasItem.InvokeGodotClassMethod(godot_string_name& method, NativeVariantPtrArgs args, godot_variant& ret)
   at Godot.Control.InvokeGodotClassMethod(godot_string_name& method, NativeVariantPtrArgs args, godot_variant& ret)
   at MegaCrit.Sts2.Core.Nodes.NGame.InvokeGodotClassMethod(godot_string_name& method, NativeVariantPtrArgs args, godot_variant& ret)
   at Godot.Bridge.CSharpInstanceBridge.Call(IntPtr godotObjectGCHandle, godot_string_name* method, godot_variant** args, Int32 argCount, godot_variant_call_error* refCallError, godot_variant* ret)

[INFO] Found mod manifest file E:\SteamLibrary\steamapps\common\Slay the Spire 2\mods\TheQueen\TheQueen\localization\zhs\intents.json
[ERROR] Mod manifest E:\SteamLibrary\steamapps\common\Slay the Spire 2\mods\TheQueen\TheQueen\localization\zhs\intents.json is missing the 'id' field! This is not allowed. The mod will not be loaded.
   at MegaCrit.Sts2.Core.Modding.ModManager.ReadModManifest(String filename, ModSource source)
   at MegaCrit.Sts2.Core.Modding.ModManager.ReadModsInDirRecursive(String path, ModSource source, List`1 newMods)
   at MegaCrit.Sts2.Core.Modding.ModManager.ReadModsInDirRecursive(String path, ModSource source, List`1 newMods)
   at MegaCrit.Sts2.Core.Modding.ModManager.ReadModsInDirRecursive(String path, ModSource source, List`1 newMods)
   at MegaCrit.Sts2.Core.Modding.ModManager.ReadModsInDirRecursive(String path, ModSource source, List`1 newMods)
   at MegaCrit.Sts2.Core.Modding.ModManager.ReadModsInDirRecursive(String path, ModSource source, List`1 newMods)
   at MegaCrit.Sts2.Core.Modding.ModManager.Initialize(IModManagerFileIo fileIo, ModSettings settings)
   at MegaCrit.Sts2.Core.Helpers.OneTimeInitialization.ExecuteVeryEarly()
   at MegaCrit.Sts2.Core.Nodes.NGame.GameStartup()
   at System.Runtime.CompilerServices.AsyncMethodBuilderCore.Start[TStateMachine](TStateMachine& stateMachine)
   at MegaCrit.Sts2.Core.Nodes.NGame.GameStartup()
   at MegaCrit.Sts2.Core.Nodes.NGame.GameStartupWrapper()
   at System.Runtime.CompilerServices.AsyncMethodBuilderCore.Start[TStateMachine](TStateMachine& stateMachine)
   at MegaCrit.Sts2.Core.Nodes.NGame.GameStartupWrapper()
   at MegaCrit.Sts2.Core.Nodes.NGame._EnterTree()
   at Godot.Node.InvokeGodotClassMethod(godot_string_name& method, NativeVariantPtrArgs args, godot_variant& ret)
   at Godot.CanvasItem.InvokeGodotClassMethod(godot_string_name& method, NativeVariantPtrArgs args, godot_variant& ret)
   at Godot.Control.InvokeGodotClassMethod(godot_string_name& method, NativeVariantPtrArgs args, godot_variant& ret)
   at MegaCrit.Sts2.Core.Nodes.NGame.InvokeGodotClassMethod(godot_string_name& method, NativeVariantPtrArgs args, godot_variant& ret)
   at Godot.Bridge.CSharpInstanceBridge.Call(IntPtr godotObjectGCHandle, godot_string_name* method, godot_variant** args, Int32 argCount, godot_variant_call_error* refCallError, godot_variant* ret)

[INFO] Found mod manifest file E:\SteamLibrary\steamapps\common\Slay the Spire 2\mods\TheQueen\TheQueen\localization\zhs\mod_settings.json
[ERROR] Mod manifest E:\SteamLibrary\steamapps\common\Slay the Spire 2\mods\TheQueen\TheQueen\localization\zhs\mod_settings.json is missing the 'id' field! This is not allowed. The mod will not be loaded.
   at MegaCrit.Sts2.Core.Modding.ModManager.ReadModManifest(String filename, ModSource source)
   at MegaCrit.Sts2.Core.Modding.ModManager.ReadModsInDirRecursive(String path, ModSource source, List`1 newMods)
   at MegaCrit.Sts2.Core.Modding.ModManager.ReadModsInDirRecursive(String path, ModSource source, List`1 newMods)
   at MegaCrit.Sts2.Core.Modding.ModManager.ReadModsInDirRecursive(String path, ModSource source, List`1 newMods)
   at MegaCrit.Sts2.Core.Modding.ModManager.ReadModsInDirRecursive(String path, ModSource source, List`1 newMods)
   at MegaCrit.Sts2.Core.Modding.ModManager.ReadModsInDirRecursive(String path, ModSource source, List`1 newMods)
   at MegaCrit.Sts2.Core.Modding.ModManager.Initialize(IModManagerFileIo fileIo, ModSettings settings)
   at MegaCrit.Sts2.Core.Helpers.OneTimeInitialization.ExecuteVeryEarly()
   at MegaCrit.Sts2.Core.Nodes.NGame.GameStartup()
   at System.Runtime.CompilerServices.AsyncMethodBuilderCore.Start[TStateMachine](TStateMachine& stateMachine)
   at MegaCrit.Sts2.Core.Nodes.NGame.GameStartup()
   at MegaCrit.Sts2.Core.Nodes.NGame.GameStartupWrapper()
   at System.Runtime.CompilerServices.AsyncMethodBuilderCore.Start[TStateMachine](TStateMachine& stateMachine)
   at MegaCrit.Sts2.Core.Nodes.NGame.GameStartupWrapper()
   at MegaCrit.Sts2.Core.Nodes.NGame._EnterTree()
   at Godot.Node.InvokeGodotClassMethod(godot_string_name& method, NativeVariantPtrArgs args, godot_variant& ret)
   at Godot.CanvasItem.InvokeGodotClassMethod(godot_string_name& method, NativeVariantPtrArgs args, godot_variant& ret)
   at Godot.Control.InvokeGodotClassMethod(godot_string_name& method, NativeVariantPtrArgs args, godot_variant& ret)
   at MegaCrit.Sts2.Core.Nodes.NGame.InvokeGodotClassMethod(godot_string_name& method, NativeVariantPtrArgs args, godot_variant& ret)
   at Godot.Bridge.CSharpInstanceBridge.Call(IntPtr godotObjectGCHandle, godot_string_name* method, godot_variant** args, Int32 argCount, godot_variant_call_error* refCallError, godot_variant* ret)

[INFO] Found mod manifest file E:\SteamLibrary\steamapps\common\Slay the Spire 2\mods\TheQueen\TheQueen\localization\zhs\monsters.json
[ERROR] Mod manifest E:\SteamLibrary\steamapps\common\Slay the Spire 2\mods\TheQueen\TheQueen\localization\zhs\monsters.json is missing the 'id' field! This is not allowed. The mod will not be loaded.
   at MegaCrit.Sts2.Core.Modding.ModManager.ReadModManifest(String filename, ModSource source)
   at MegaCrit.Sts2.Core.Modding.ModManager.ReadModsInDirRecursive(String path, ModSource source, List`1 newMods)
   at MegaCrit.Sts2.Core.Modding.ModManager.ReadModsInDirRecursive(String path, ModSource source, List`1 newMods)
   at MegaCrit.Sts2.Core.Modding.ModManager.ReadModsInDirRecursive(String path, ModSource source, List`1 newMods)
   at MegaCrit.Sts2.Core.Modding.ModManager.ReadModsInDirRecursive(String path, ModSource source, List`1 newMods)
   at MegaCrit.Sts2.Core.Modding.ModManager.ReadModsInDirRecursive(String path, ModSource source, List`1 newMods)
   at MegaCrit.Sts2.Core.Modding.ModManager.Initialize(IModManagerFileIo fileIo, ModSettings settings)
   at MegaCrit.Sts2.Core.Helpers.OneTimeInitialization.ExecuteVeryEarly()
   at MegaCrit.Sts2.Core.Nodes.NGame.GameStartup()
   at System.Runtime.CompilerServices.AsyncMethodBuilderCore.Start[TStateMachine](TStateMachine& stateMachine)
   at MegaCrit.Sts2.Core.Nodes.NGame.GameStartup()
   at MegaCrit.Sts2.Core.Nodes.NGame.GameStartupWrapper()
   at System.Runtime.CompilerServices.AsyncMethodBuilderCore.Start[TStateMachine](TStateMachine& stateMachine)
   at MegaCrit.Sts2.Core.Nodes.NGame.GameStartupWrapper()
   at MegaCrit.Sts2.Core.Nodes.NGame._EnterTree()
   at Godot.Node.InvokeGodotClassMethod(godot_string_name& method, NativeVariantPtrArgs args, godot_variant& ret)
   at Godot.CanvasItem.InvokeGodotClassMethod(godot_string_name& method, NativeVariantPtrArgs args, godot_variant& ret)
   at Godot.Control.InvokeGodotClassMethod(godot_string_name& method, NativeVariantPtrArgs args, godot_variant& ret)
   at MegaCrit.Sts2.Core.Nodes.NGame.InvokeGodotClassMethod(godot_string_name& method, NativeVariantPtrArgs args, godot_variant& ret)
   at Godot.Bridge.CSharpInstanceBridge.Call(IntPtr godotObjectGCHandle, godot_string_name* method, godot_variant** args, Int32 argCount, godot_variant_call_error* refCallError, godot_variant* ret)

[INFO] Found mod manifest file E:\SteamLibrary\steamapps\common\Slay the Spire 2\mods\TheQueen\TheQueen\localization\zhs\potions.json
[ERROR] Mod manifest E:\SteamLibrary\steamapps\common\Slay the Spire 2\mods\TheQueen\TheQueen\localization\zhs\potions.json is missing the 'id' field! This is not allowed. The mod will not be loaded.
   at MegaCrit.Sts2.Core.Modding.ModManager.ReadModManifest(String filename, ModSource source)
   at MegaCrit.Sts2.Core.Modding.ModManager.ReadModsInDirRecursive(String path, ModSource source, List`1 newMods)
   at MegaCrit.Sts2.Core.Modding.ModManager.ReadModsInDirRecursive(String path, ModSource source, List`1 newMods)
   at MegaCrit.Sts2.Core.Modding.ModManager.ReadModsInDirRecursive(String path, ModSource source, List`1 newMods)
   at MegaCrit.Sts2.Core.Modding.ModManager.ReadModsInDirRecursive(String path, ModSource source, List`1 newMods)
   at MegaCrit.Sts2.Core.Modding.ModManager.ReadModsInDirRecursive(String path, ModSource source, List`1 newMods)
   at MegaCrit.Sts2.Core.Modding.ModManager.Initialize(IModManagerFileIo fileIo, ModSettings settings)
   at MegaCrit.Sts2.Core.Helpers.OneTimeInitialization.ExecuteVeryEarly()
   at MegaCrit.Sts2.Core.Nodes.NGame.GameStartup()
   at System.Runtime.CompilerServices.AsyncMethodBuilderCore.Start[TStateMachine](TStateMachine& stateMachine)
   at MegaCrit.Sts2.Core.Nodes.NGame.GameStartup()
   at MegaCrit.Sts2.Core.Nodes.NGame.GameStartupWrapper()
   at System.Runtime.CompilerServices.AsyncMethodBuilderCore.Start[TStateMachine](TStateMachine& stateMachine)
   at MegaCrit.Sts2.Core.Nodes.NGame.GameStartupWrapper()
   at MegaCrit.Sts2.Core.Nodes.NGame._EnterTree()
   at Godot.Node.InvokeGodotClassMethod(godot_string_name& method, NativeVariantPtrArgs args, godot_variant& ret)
   at Godot.CanvasItem.InvokeGodotClassMethod(godot_string_name& method, NativeVariantPtrArgs args, godot_variant& ret)
   at Godot.Control.InvokeGodotClassMethod(godot_string_name& method, NativeVariantPtrArgs args, godot_variant& ret)
   at MegaCrit.Sts2.Core.Nodes.NGame.InvokeGodotClassMethod(godot_string_name& method, NativeVariantPtrArgs args, godot_variant& ret)
   at Godot.Bridge.CSharpInstanceBridge.Call(IntPtr godotObjectGCHandle, godot_string_name* method, godot_variant** args, Int32 argCount, godot_variant_call_error* refCallError, godot_variant* ret)

[INFO] Found mod manifest file E:\SteamLibrary\steamapps\common\Slay the Spire 2\mods\TheQueen\TheQueen\localization\zhs\powers.json
[ERROR] Mod manifest E:\SteamLibrary\steamapps\common\Slay the Spire 2\mods\TheQueen\TheQueen\localization\zhs\powers.json is missing the 'id' field! This is not allowed. The mod will not be loaded.
   at MegaCrit.Sts2.Core.Modding.ModManager.ReadModManifest(String filename, ModSource source)
   at MegaCrit.Sts2.Core.Modding.ModManager.ReadModsInDirRecursive(String path, ModSource source, List`1 newMods)
   at MegaCrit.Sts2.Core.Modding.ModManager.ReadModsInDirRecursive(String path, ModSource source, List`1 newMods)
   at MegaCrit.Sts2.Core.Modding.ModManager.ReadModsInDirRecursive(String path, ModSource source, List`1 newMods)
   at MegaCrit.Sts2.Core.Modding.ModManager.ReadModsInDirRecursive(String path, ModSource source, List`1 newMods)
   at MegaCrit.Sts2.Core.Modding.ModManager.ReadModsInDirRecursive(String path, ModSource source, List`1 newMods)
   at MegaCrit.Sts2.Core.Modding.ModManager.Initialize(IModManagerFileIo fileIo, ModSettings settings)
   at MegaCrit.Sts2.Core.Helpers.OneTimeInitialization.ExecuteVeryEarly()
   at MegaCrit.Sts2.Core.Nodes.NGame.GameStartup()
   at System.Runtime.CompilerServices.AsyncMethodBuilderCore.Start[TStateMachine](TStateMachine& stateMachine)
   at MegaCrit.Sts2.Core.Nodes.NGame.GameStartup()
   at MegaCrit.Sts2.Core.Nodes.NGame.GameStartupWrapper()
   at System.Runtime.CompilerServices.AsyncMethodBuilderCore.Start[TStateMachine](TStateMachine& stateMachine)
   at MegaCrit.Sts2.Core.Nodes.NGame.GameStartupWrapper()
   at MegaCrit.Sts2.Core.Nodes.NGame._EnterTree()
   at Godot.Node.InvokeGodotClassMethod(godot_string_name& method, NativeVariantPtrArgs args, godot_variant& ret)
   at Godot.CanvasItem.InvokeGodotClassMethod(godot_string_name& method, NativeVariantPtrArgs args, godot_variant& ret)
   at Godot.Control.InvokeGodotClassMethod(godot_string_name& method, NativeVariantPtrArgs args, godot_variant& ret)
   at MegaCrit.Sts2.Core.Nodes.NGame.InvokeGodotClassMethod(godot_string_name& method, NativeVariantPtrArgs args, godot_variant& ret)
   at Godot.Bridge.CSharpInstanceBridge.Call(IntPtr godotObjectGCHandle, godot_string_name* method, godot_variant** args, Int32 argCount, godot_variant_call_error* refCallError, godot_variant* ret)

[INFO] Found mod manifest file E:\SteamLibrary\steamapps\common\Slay the Spire 2\mods\TheQueen\TheQueen\localization\zhs\relics.json
[ERROR] Mod manifest E:\SteamLibrary\steamapps\common\Slay the Spire 2\mods\TheQueen\TheQueen\localization\zhs\relics.json is missing the 'id' field! This is not allowed. The mod will not be loaded.
   at MegaCrit.Sts2.Core.Modding.ModManager.ReadModManifest(String filename, ModSource source)
   at MegaCrit.Sts2.Core.Modding.ModManager.ReadModsInDirRecursive(String path, ModSource source, List`1 newMods)
   at MegaCrit.Sts2.Core.Modding.ModManager.ReadModsInDirRecursive(String path, ModSource source, List`1 newMods)
   at MegaCrit.Sts2.Core.Modding.ModManager.ReadModsInDirRecursive(String path, ModSource source, List`1 newMods)
   at MegaCrit.Sts2.Core.Modding.ModManager.ReadModsInDirRecursive(String path, ModSource source, List`1 newMods)
   at MegaCrit.Sts2.Core.Modding.ModManager.ReadModsInDirRecursive(String path, ModSource source, List`1 newMods)
   at MegaCrit.Sts2.Core.Modding.ModManager.Initialize(IModManagerFileIo fileIo, ModSettings settings)
   at MegaCrit.Sts2.Core.Helpers.OneTimeInitialization.ExecuteVeryEarly()
   at MegaCrit.Sts2.Core.Nodes.NGame.GameStartup()
   at System.Runtime.CompilerServices.AsyncMethodBuilderCore.Start[TStateMachine](TStateMachine& stateMachine)
   at MegaCrit.Sts2.Core.Nodes.NGame.GameStartup()
   at MegaCrit.Sts2.Core.Nodes.NGame.GameStartupWrapper()
   at System.Runtime.CompilerServices.AsyncMethodBuilderCore.Start[TStateMachine](TStateMachine& stateMachine)
   at MegaCrit.Sts2.Core.Nodes.NGame.GameStartupWrapper()
   at MegaCrit.Sts2.Core.Nodes.NGame._EnterTree()
   at Godot.Node.InvokeGodotClassMethod(godot_string_name& method, NativeVariantPtrArgs args, godot_variant& ret)
   at Godot.CanvasItem.InvokeGodotClassMethod(godot_string_name& method, NativeVariantPtrArgs args, godot_variant& ret)
   at Godot.Control.InvokeGodotClassMethod(godot_string_name& method, NativeVariantPtrArgs args, godot_variant& ret)
   at MegaCrit.Sts2.Core.Nodes.NGame.InvokeGodotClassMethod(godot_string_name& method, NativeVariantPtrArgs args, godot_variant& ret)
   at Godot.Bridge.CSharpInstanceBridge.Call(IntPtr godotObjectGCHandle, godot_string_name* method, godot_variant** args, Int32 argCount, godot_variant_call_error* refCallError, godot_variant* ret)

[INFO] Found mod manifest file E:\SteamLibrary\steamapps\common\Slay the Spire 2\mods\TheQueen\TheQueen\localization\zhs\static_hover_tips.json
[ERROR] Mod manifest E:\SteamLibrary\steamapps\common\Slay the Spire 2\mods\TheQueen\TheQueen\localization\zhs\static_hover_tips.json is missing the 'id' field! This is not allowed. The mod will not be loaded.
   at MegaCrit.Sts2.Core.Modding.ModManager.ReadModManifest(String filename, ModSource source)
   at MegaCrit.Sts2.Core.Modding.ModManager.ReadModsInDirRecursive(String path, ModSource source, List`1 newMods)
   at MegaCrit.Sts2.Core.Modding.ModManager.ReadModsInDirRecursive(String path, ModSource source, List`1 newMods)
   at MegaCrit.Sts2.Core.Modding.ModManager.ReadModsInDirRecursive(String path, ModSource source, List`1 newMods)
   at MegaCrit.Sts2.Core.Modding.ModManager.ReadModsInDirRecursive(String path, ModSource source, List`1 newMods)
   at MegaCrit.Sts2.Core.Modding.ModManager.ReadModsInDirRecursive(String path, ModSource source, List`1 newMods)
   at MegaCrit.Sts2.Core.Modding.ModManager.Initialize(IModManagerFileIo fileIo, ModSettings settings)
   at MegaCrit.Sts2.Core.Helpers.OneTimeInitialization.ExecuteVeryEarly()
   at MegaCrit.Sts2.Core.Nodes.NGame.GameStartup()
   at System.Runtime.CompilerServices.AsyncMethodBuilderCore.Start[TStateMachine](TStateMachine& stateMachine)
   at MegaCrit.Sts2.Core.Nodes.NGame.GameStartup()
   at MegaCrit.Sts2.Core.Nodes.NGame.GameStartupWrapper()
   at System.Runtime.CompilerServices.AsyncMethodBuilderCore.Start[TStateMachine](TStateMachine& stateMachine)
   at MegaCrit.Sts2.Core.Nodes.NGame.GameStartupWrapper()
   at MegaCrit.Sts2.Core.Nodes.NGame._EnterTree()
   at Godot.Node.InvokeGodotClassMethod(godot_string_name& method, NativeVariantPtrArgs args, godot_variant& ret)
   at Godot.CanvasItem.InvokeGodotClassMethod(godot_string_name& method, NativeVariantPtrArgs args, godot_variant& ret)
   at Godot.Control.InvokeGodotClassMethod(godot_string_name& method, NativeVariantPtrArgs args, godot_variant& ret)
   at MegaCrit.Sts2.Core.Nodes.NGame.InvokeGodotClassMethod(godot_string_name& method, NativeVariantPtrArgs args, godot_variant& ret)
   at Godot.Bridge.CSharpInstanceBridge.Call(IntPtr godotObjectGCHandle, godot_string_name* method, godot_variant** args, Int32 argCount, godot_variant_call_error* refCallError, godot_variant* ret)

[INFO] Found mod manifest file E:\SteamLibrary\steamapps\common\Slay the Spire 2\mods\欢乐时光\CalypsosHappyHour.json
[INFO] Found mod manifest file E:\SteamLibrary\steamapps\common\Slay the Spire 2\mods\联机大厅0.4.0\lobby-defaults.json
[ERROR] Mod manifest E:\SteamLibrary\steamapps\common\Slay the Spire 2\mods\联机大厅0.4.0\lobby-defaults.json is missing the 'id' field! This is not allowed. The mod will not be loaded.
   at MegaCrit.Sts2.Core.Modding.ModManager.ReadModManifest(String filename, ModSource source)
   at MegaCrit.Sts2.Core.Modding.ModManager.ReadModsInDirRecursive(String path, ModSource source, List`1 newMods)
   at MegaCrit.Sts2.Core.Modding.ModManager.ReadModsInDirRecursive(String path, ModSource source, List`1 newMods)
   at MegaCrit.Sts2.Core.Modding.ModManager.Initialize(IModManagerFileIo fileIo, ModSettings settings)
   at MegaCrit.Sts2.Core.Helpers.OneTimeInitialization.ExecuteVeryEarly()
   at MegaCrit.Sts2.Core.Nodes.NGame.GameStartup()
   at System.Runtime.CompilerServices.AsyncMethodBuilderCore.Start[TStateMachine](TStateMachine& stateMachine)
   at MegaCrit.Sts2.Core.Nodes.NGame.GameStartup()
   at MegaCrit.Sts2.Core.Nodes.NGame.GameStartupWrapper()
   at System.Runtime.CompilerServices.AsyncMethodBuilderCore.Start[TStateMachine](TStateMachine& stateMachine)
   at MegaCrit.Sts2.Core.Nodes.NGame.GameStartupWrapper()
   at MegaCrit.Sts2.Core.Nodes.NGame._EnterTree()
   at Godot.Node.InvokeGodotClassMethod(godot_string_name& method, NativeVariantPtrArgs args, godot_variant& ret)
   at Godot.CanvasItem.InvokeGodotClassMethod(godot_string_name& method, NativeVariantPtrArgs args, godot_variant& ret)
   at Godot.Control.InvokeGodotClassMethod(godot_string_name& method, NativeVariantPtrArgs args, godot_variant& ret)
   at MegaCrit.Sts2.Core.Nodes.NGame.InvokeGodotClassMethod(godot_string_name& method, NativeVariantPtrArgs args, godot_variant& ret)
   at Godot.Bridge.CSharpInstanceBridge.Call(IntPtr godotObjectGCHandle, godot_string_name* method, godot_variant** args, Int32 argCount, godot_variant_call_error* refCallError, godot_variant* ret)

[INFO] Found mod manifest file E:\SteamLibrary\steamapps\common\Slay the Spire 2\mods\联机大厅0.4.0\sts2_lan_connect.json
[INFO] Mods have been re-sorted because we detected a change or dependency order was broken. New sorting order:
[INFO]   0: RitsuLib (STS2 0.103.2 compat) (STS2-RitsuLib)
[INFO]   1: 海克斯符文 (HextechRunes)
[INFO]   2: TheQueen (TheQueen)
[INFO]   3: STS2 LAN Connect (sts2_lan_connect)
[INFO]   4: 基石符文 (KeystoneRunes)
[INFO]   5: 无尽模式 (EndlessMode)
[INFO]   6: Calypso'sHappyHour / 卡里普索的欢乐时光 (CalypsosHappyHour)
[INFO] Loading assembly DLL E:\SteamLibrary\steamapps\common\Slay the Spire 2\mods\STS2-RitsuLib\STS2-RitsuLib.dll
[INFO] Calling initializer method of type STS2RitsuLib.RitsuLibFramework for STS2-RitsuLib, Version=0.4.20.0, Culture=neutral, PublicKeyToken=null
[INFO] [com.ritsukage.sts2-RitsuLib] Framework ID: com.ritsukage.sts2-RitsuLib
[INFO] [com.ritsukage.sts2-RitsuLib] Framework Name: RitsuLib
[INFO] [com.ritsukage.sts2-RitsuLib] Version: 0.4.20 [compat branch: 0.103.2]
[INFO] [com.ritsukage.sts2-RitsuLib] Initializing shared framework...
[INFO] [com.ritsukage.sts2-RitsuLib] [Config] Debug compatibility master is disabled. Sub-flags (only when master on): LocTable=True, UnlockEpoch=True, AncientArchitect=True. Mod Steam cloud mirror: disabled. Config file: user://steam/76561199401820476/mod_data/com.ritsukage.sts2-RitsuLib/settings.json
[INFO] [com.ritsukage.sts2-RitsuLib] [DebugLogViewer] Local debug log viewer listening at http://127.0.0.1:18742/?token=c36c08916cf557d7b7a39633952f59d0
[INFO] [com.ritsukage.sts2-RitsuLib] [Godot] RitsuGodot node factories initialized.
[INFO] [com.ritsukage.sts2-RitsuLib] [SmartFormat] Registered Formatter: STS2RitsuLib.Combat.SecondaryResources.SecondaryResourceIconsFormatter (order=0).
[INFO] [com.ritsukage.sts2-RitsuLib] [Patcher - framework core] Applying 373 patches...
[INFO] [com.ritsukage.sts2-RitsuLib] [Patcher - framework core] Patch application complete: 373 applied, 0 ignored, 0 failed, 373 total
[INFO] [com.ritsukage.sts2-RitsuLib] [Patcher - framework core] All patches applied successfully
[INFO] [com.ritsukage.sts2-RitsuLib] [Patcher - settings ui] Applying 7 patches...
[INFO] [com.ritsukage.sts2-RitsuLib] [Patcher - settings ui] Patch application complete: 7 applied, 0 ignored, 0 failed, 7 total
[INFO] [com.ritsukage.sts2-RitsuLib] [Patcher - settings ui] All patches applied successfully
[INFO] [com.ritsukage.sts2-RitsuLib] [Patcher - content assets] Applying 110 patches...
[INFO] [com.ritsukage.sts2-RitsuLib] [Patcher - content assets] Patch application complete: 110 applied, 0 ignored, 0 failed, 110 total
[INFO] [com.ritsukage.sts2-RitsuLib] [Patcher - content assets] All patches applied successfully
[INFO] [com.ritsukage.sts2-RitsuLib] [Patcher - character assets] Applying 47 patches...
[INFO] [com.ritsukage.sts2-RitsuLib] [Patcher - character assets] Patch application complete: 47 applied, 0 ignored, 0 failed, 47 total
[INFO] [com.ritsukage.sts2-RitsuLib] [Patcher - character assets] All patches applied successfully
[INFO] [com.ritsukage.sts2-RitsuLib] [Patcher - content registry] Applying 24 patches...
[INFO] [com.ritsukage.sts2-RitsuLib] [Patcher - content registry] Patch application complete: 24 applied, 0 ignored, 0 failed, 24 total
[INFO] [com.ritsukage.sts2-RitsuLib] [Patcher - content registry] All patches applied successfully
[INFO] [com.ritsukage.sts2-RitsuLib] [Patcher - persistence] Applying 3 patches...
[INFO] [com.ritsukage.sts2-RitsuLib] [Patcher - persistence] Patch application complete: 3 applied, 0 ignored, 0 failed, 3 total
[INFO] [com.ritsukage.sts2-RitsuLib] [Patcher - persistence] All patches applied successfully
[INFO] [com.ritsukage.sts2-RitsuLib] [Patcher - unlocks] Applying 23 patches...
[INFO] [com.ritsukage.sts2-RitsuLib] [Patcher - unlocks] Patch application complete: 23 applied, 0 ignored, 0 failed, 23 total
[INFO] [com.ritsukage.sts2-RitsuLib] [Patcher - unlocks] All patches applied successfully
[INFO] [com.ritsukage.sts2-RitsuLib] Shared framework initialization complete.
[INFO] Finished mod initialization for 'RitsuLib (STS2 0.103.2 compat)' (STS2-RitsuLib).
[INFO] Loading assembly DLL E:\SteamLibrary\steamapps\common\Slay the Spire 2\mods\HextechRunes\HextechRunes.dll
[INFO] Loading Godot PCK E:\SteamLibrary\steamapps\common\Slay the Spire 2\mods\HextechRunes\HextechRunes.pck
[INFO] Calling initializer method of type HextechRunes.ModEntry for HextechRunes, Version=1.0.0.0, Culture=neutral, PublicKeyToken=null
[INFO] [HextechRunes][Mayhem] SavedPropertiesTypeCache NetIdBitSize updated: old=6 new=16 propertyNames=98
[INFO] [HextechRunes][Mayhem] Relic visibility toggle loaded: hide_relics=False.
[INFO] [HextechRunes] Loaded for Slay the Spire 2 0.103.3.
[INFO] Finished mod initialization for '海克斯符文' (HextechRunes).
[INFO] Loading assembly DLL E:\SteamLibrary\steamapps\common\Slay the Spire 2\mods\TheQueen\TheQueen.dll
[INFO] Loading Godot PCK E:\SteamLibrary\steamapps\common\Slay the Spire 2\mods\TheQueen\TheQueen.pck
[INFO] Calling initializer method of type ComicChess.TheQueen.Entry for TheQueen, Version=1.0.0.0, Culture=neutral, PublicKeyToken=null
[INFO] [sts2.comicchess.thequeen] [Content] Registered card library compendium shared pool filter 'enemy' -> EnemyCardPool
[INFO] [com.ritsukage.sts2-RitsuLib] [mod_settings] Merged from PCK: res://TheQueen/localization/mod_settings/zhs.json (5 entries, 5 new)
[INFO] [com.ritsukage.sts2-RitsuLib] [mod_settings] Total: 5 entries from 1 source(s)
[INFO] [com.ritsukage.sts2-RitsuLib] [mod_settings] Successfully reloaded translations for language 'zhs' (5 entries)
[INFO] [sts2.comicchess.thequeen] [Patcher - the-queen] Applying 56 patches...
[INFO] [sts2.comicchess.thequeen] [Patcher - the-queen] Patch application complete: 56 applied, 0 ignored, 0 failed, 56 total
[INFO] [sts2.comicchess.thequeen] [Patcher - the-queen] All patches applied successfully
[INFO] Finished mod initialization for 'TheQueen' (TheQueen).
[INFO] Loading assembly DLL E:\SteamLibrary\steamapps\common\Slay the Spire 2\mods\联机大厅0.4.0\sts2_lan_connect.dll
[INFO] Loading Godot PCK E:\SteamLibrary\steamapps\common\Slay the Spire 2\mods\联机大厅0.4.0\sts2_lan_connect.pck
[INFO] Calling initializer method of type Sts2LanConnect.Scripts.Entry for sts2_lan_connect, Version=0.4.0.0, Culture=neutral, PublicKeyToken=null
[INFO] sts2_lan_connect init: platform=Microsoft Windows 10.0.26200, arch=X64, isAndroid=False, framework=.NET 9.0.7
[INFO] sts2_lan_connect external_mod_detection: rmpLoaded=False rmpLimit=n/a, sts2UnlimitedLoaded=False unlimitedLimit=n/a
[INFO] sts2_lan_connect transpiler [TranspileLobbyPlayerSerialize]: replaced 1 bit-width operand(s) 2 -> dynamic GetActiveSlotIdBitWidth for WriteInt
[INFO] sts2_lan_connect transpiler [TranspileLobbyPlayerDeserialize]: replaced 1 bit-width operand(s) 2 -> dynamic GetActiveSlotIdBitWidth for ReadInt
[INFO] sts2_lan_connect transpiler [TranspileJoinResponseSerialize]: replaced 1 bit-width operand(s) 3 -> dynamic GetActiveLobbyListBitWidth for WriteList
[INFO] sts2_lan_connect transpiler [TranspileJoinResponseDeserialize]: replaced 1 bit-width operand(s) 3 -> dynamic GetActiveLobbyListBitWidth for ReadList
[INFO] sts2_lan_connect transpiler [TranspileBeginRunSerialize]: replaced 1 bit-width operand(s) 3 -> dynamic GetActiveLobbyListBitWidth for WriteList
[INFO] sts2_lan_connect transpiler [TranspileBeginRunDeserialize]: replaced 1 bit-width operand(s) 3 -> dynamic GetActiveLobbyListBitWidth for ReadList
[INFO] sts2_lan_connect serialization: patches applied=6, failed=0. activeProfile=extended_8p, slotId=dynamic, lobbyList=dynamic
[INFO] sts2_lan_connect multiplayer compatibility ready. effectiveMaxPlayers=8 legacy4pSlotBits=8 matrix=compatibilityProfile=test_relaxed, connectionStrategy=relay-only, effectiveMaxPlayers=8, publishedProtocolProfile=extended_8p
[INFO] sts2_lan_connect gameplay: difficulty scaling patches applied.
[INFO] sts2_lan_connect gameplay: rest site patches applied.
[INFO] sts2_lan_connect gameplay: merchant patches applied.
[ERROR] sts2_lan_connect gameplay: Treasure patches failed: InvalidProgramException: Common Language Runtime detected an invalid program.
   at Sts2LanConnect.Scripts.LanConnectGameplayPatches.TryApplyGroup(String groupName, Action apply)
   at Sts2LanConnect.Scripts.LanConnectGameplayPatches.Initialize()
   at Sts2LanConnect.Scripts.Entry.Init()
   at System.RuntimeMethodHandle.InvokeMethod(Object target, Void** arguments, Signature sig, Boolean isConstructor)
   at System.Reflection.MethodBaseInvoker.InvokeWithNoArgs(Object obj, BindingFlags invokeAttr)
   at System.Reflection.RuntimeMethodInfo.Invoke(Object obj, BindingFlags invokeAttr, Binder binder, Object[] parameters, CultureInfo culture)
   at System.Reflection.MethodBase.Invoke(Object obj, Object[] parameters)
   at MegaCrit.Sts2.Core.Modding.ModManager.CallModInitializer(Type initializerType)
   at MegaCrit.Sts2.Core.Modding.ModManager.TryLoadMod(Mod mod)
   at MegaCrit.Sts2.Core.Modding.ModManager.Initialize(IModManagerFileIo fileIo, ModSettings settings)
   at MegaCrit.Sts2.Core.Helpers.OneTimeInitialization.ExecuteVeryEarly()
   at MegaCrit.Sts2.Core.Nodes.NGame.GameStartup()
   at System.Runtime.CompilerServices.AsyncMethodBuilderCore.Start[TStateMachine](TStateMachine& stateMachine)
   at MegaCrit.Sts2.Core.Nodes.NGame.GameStartup()
   at MegaCrit.Sts2.Core.Nodes.NGame.GameStartupWrapper()
   at System.Runtime.CompilerServices.AsyncMethodBuilderCore.Start[TStateMachine](TStateMachine& stateMachine)
   at MegaCrit.Sts2.Core.Nodes.NGame.GameStartupWrapper()
   at MegaCrit.Sts2.Core.Nodes.NGame._EnterTree()
   at Godot.Node.InvokeGodotClassMethod(godot_string_name& method, NativeVariantPtrArgs args, godot_variant& ret)
   at Godot.CanvasItem.InvokeGodotClassMethod(godot_string_name& method, NativeVariantPtrArgs args, godot_variant& ret)
   at Godot.Control.InvokeGodotClassMethod(godot_string_name& method, NativeVariantPtrArgs args, godot_variant& ret)
   at MegaCrit.Sts2.Core.Nodes.NGame.InvokeGodotClassMethod(godot_string_name& method, NativeVariantPtrArgs args, godot_variant& ret)
   at Godot.Bridge.CSharpInstanceBridge.Call(IntPtr godotObjectGCHandle, godot_string_name* method, godot_variant** args, Int32 argCount, godot_variant_call_error* refCallError, godot_variant* ret)

[INFO] sts2_lan_connect gameplay: capacity: patched StartENetHost.
[INFO] sts2_lan_connect gameplay: capacity: patched StartSteamHost.
[INFO] sts2_lan_connect gameplay: capacity: patched StartRunLobby.ctor.
[INFO] sts2_lan_connect gameplay: capacity: patched OnConnectedToClientAsHost.
[INFO] sts2_lan_connect gameplay: capacity: patched HandleClientLobbyJoinRequestMessage.
[INFO] sts2_lan_connect gameplay: lobby capacity patches applied=5, skipped=0, failed=0.
[INFO] sts2_lan_connect gameplay: patch groups applied=4, failed=1.
[INFO] sts2_lan_connect initialized with ready hooks.
[INFO] Finished mod initialization for 'STS2 LAN Connect' (sts2_lan_connect).
[INFO] Loading assembly DLL E:\SteamLibrary\steamapps\common\Slay the Spire 2\mods\KeystoneRunes\KeystoneRunes.dll
[INFO] Loading Godot PCK E:\SteamLibrary\steamapps\common\Slay the Spire 2\mods\KeystoneRunes\KeystoneRunes.pck
[INFO] Calling initializer method of type KeystoneRunes.ModEntry for KeystoneRunes, Version=1.0.0.0, Culture=neutral, PublicKeyToken=null
[INFO] [KeystoneRunes] SavedPropertiesTypeCache NetIdBitSize unchanged: bitSize=16 propertyNames=118
[INFO] [KeystoneRunes] Loaded for Slay the Spire 2 0.103.3.
[INFO] Finished mod initialization for '基石符文' (KeystoneRunes).
[INFO] Loading assembly DLL E:\SteamLibrary\steamapps\common\Slay the Spire 2\mods\EndlessMode\EndlessMode.dll
[INFO] Loading Godot PCK E:\SteamLibrary\steamapps\common\Slay the Spire 2\mods\EndlessMode\EndlessMode.pck
[INFO] Calling initializer method of type EndlessMode.ModEntry for EndlessMode, Version=1.0.0.0, Culture=neutral, PublicKeyToken=null
[INFO] [EndlessMode] Loaded.
[INFO] Finished mod initialization for '无尽模式' (EndlessMode).
[INFO] Loading assembly DLL E:\SteamLibrary\steamapps\common\Slay the Spire 2\mods\欢乐时光\CalypsosHappyHour.dll
[INFO] Loading Godot PCK E:\SteamLibrary\steamapps\common\Slay the Spire 2\mods\欢乐时光\CalypsosHappyHour.pck
[INFO] Calling initializer method of type CalypsosHappyHour.MainFile for CalypsosHappyHour, Version=1.0.0.0, Culture=neutral, PublicKeyToken=null
[INFO] Finished mod initialization for 'Calypso'sHappyHour / 卡里普索的欢乐时光' (CalypsosHappyHour).
[INFO] [com.ritsukage.sts2-RitsuLib] 
=== RitsuLib Mod Debug Information ===
Host Version: v0.103.3
RitsuLib Version: 0.4.20 [compat branch: 0.103.2]
Loaded Mods: 7
Registered Mods: 7
Mod List:
  * RitsuLib (STS2 0.103.2 compat) [STS2-RitsuLib] (0.4.20)
  * 海克斯符文 [HextechRunes] (0.7.2)
  * TheQueen (1.1.1)
  * STS2 LAN Connect [sts2_lan_connect] (0.4.0)
  * 基石符文 [KeystoneRunes] (0.3.4)
  * 无尽模式 [EndlessMode] (0.2.6)
  * Calypso'sHappyHour / 卡里普索的欢乐时光 [CalypsosHappyHour] (v1.1.3)

[INFO]  --- RUNNING MODDED! --- Loaded 7 mods (7 total)
[INFO] Syncing cloud save files to the local save directory
[WARN] Asset not cached: res://scenes/cards/card.tscn
[WARN] Asset not cached: res://scenes/cards/holders/grid_card_holder.tscn
[INFO] AtlasManager: Loaded ui_atlas with 102 sprites
[INFO] AtlasManager: Loaded compressed with 45 sprites
[INFO] [TheQueen] [Content] Registered card: AcidGoop (id=THE_QUEEN_CARD_ACID_GOOP) -> EnemyCardPool
[INFO] [TheQueen] [Content] Registered card: AdmissionTicket (id=THE_QUEEN_CARD_ADMISSION_TICKET) -> TokenCardPool
[INFO] [TheQueen] [Content] Registered card: AdvancedGas (id=THE_QUEEN_CARD_ADVANCED_GAS) -> EnemyCardPool
[INFO] [TheQueen] [Content] Registered card: AllSlippery (id=THE_QUEEN_CARD_ALL_SLIPPERY) -> EnemyCardPool
[INFO] [TheQueen] [Content] Registered card: AllSoulSlash (id=THE_QUEEN_CARD_ALL_SOUL_SLASH) -> QueenCardPool
[INFO] [TheQueen] [Content] Registered card: AmalgamArmyBreak (id=THE_QUEEN_CARD_AMALGAM_ARMY_BREAK) -> QueenCardPool
[INFO] [TheQueen] [Content] Registered card: AshenWall (id=THE_QUEEN_CARD_ASHEN_WALL) -> QueenCardPool
[INFO] [TheQueen] [Content] Registered card: Astrolabe (id=THE_QUEEN_CARD_ASTROLABE) -> QueenCardPool
[INFO] [TheQueen] [Content] Registered card: Awaken (id=THE_QUEEN_CARD_AWAKEN) -> QueenCardPool
[INFO] [TheQueen] [Content] Registered card: AwakenFear (id=THE_QUEEN_CARD_AWAKEN_FEAR) -> TokenCardPool
[INFO] [TheQueen] [Content] Registered card: AwakenPain (id=THE_QUEEN_CARD_AWAKEN_PAIN) -> TokenCardPool
[INFO] [TheQueen] [Content] Registered card: BackAttack (id=THE_QUEEN_CARD_BACK_ATTACK) -> EnemyCardPool
[INFO] [TheQueen] [Content] Registered card: BeastCry (id=THE_QUEEN_CARD_BEAST_CRY) -> EnemyCardPool
[INFO] [TheQueen] [Content] Registered card: Beckon (id=THE_QUEEN_CARD_BECKON) -> EnemyCardPool
[INFO] [TheQueen] [Content] Registered card: BeetleCharge (id=THE_QUEEN_CARD_BEETLE_CHARGE) -> EnemyCardPool
[INFO] [TheQueen] [Content] Registered card: BindCard (id=THE_QUEEN_CARD_BIND_CARD) -> QueenCardPool
[INFO] [TheQueen] [Content] Registered card: Bite (id=THE_QUEEN_CARD_BITE) -> EnemyCardPool
[INFO] [TheQueen] [Content] Registered relic: BrokenMagicMirrorRelic (id=THE_QUEEN_RELIC_BROKEN_MAGIC_MIRROR_RELIC) -> QueenRelicPool
[INFO] [TheQueen] [Content] Registered card: Buff (id=THE_QUEEN_CARD_BUFF) -> EnemyCardPool
[INFO] [TheQueen] [Content] Registered card: BurnBrightForMe (id=THE_QUEEN_CARD_BURN_BRIGHT_FOR_ME) -> QueenCardPool
[INFO] [TheQueen] [Content] Registered card: Burrow (id=THE_QUEEN_CARD_BURROW) -> EnemyCardPool
[INFO] [TheQueen] [Content] Registered card: Butt (id=THE_QUEEN_CARD_BUTT) -> EnemyCardPool
[INFO] [TheQueen] [Content] Registered card: CarefulPick (id=THE_QUEEN_CARD_CAREFUL_PICK) -> QueenCardPool
[INFO] [TheQueen] [Content] Registered card: Cataclysm (id=THE_QUEEN_CARD_CATACLYSM) -> QueenCardPool
[INFO] [TheQueen] [Content] Registered card: ChainsPrison (id=THE_QUEEN_CARD_CHAINS_PRISON) -> QueenCardPool
[INFO] [TheQueen] [Content] Registered card: Clamp (id=THE_QUEEN_CARD_CLAMP) -> EnemyCardPool
[INFO] [TheQueen] [Content] Registered card: CloseDoor (id=THE_QUEEN_CARD_CLOSE_DOOR) -> EnemyCardPool
[INFO] [TheQueen] [Content] Registered card: Constrict (id=THE_QUEEN_CARD_CONSTRICT) -> EnemyCardPool
[INFO] [TheQueen] [Content] Registered card: ContinueIntent (id=THE_QUEEN_CARD_CONTINUE_INTENT) -> TokenCardPool
[INFO] [TheQueen] [Content] Registered card: CorpseSlugHunger (id=THE_QUEEN_CARD_CORPSE_SLUG_HUNGER) -> EnemyCardPool
[INFO] [TheQueen] [Content] Registered card: CrabRage (id=THE_QUEEN_CARD_CRAB_RAGE) -> EnemyCardPool
[INFO] [TheQueen] [Content] Registered card: CurlUp (id=THE_QUEEN_CARD_CURL_UP) -> EnemyCardPool
[INFO] [TheQueen] [Content] Registered card: CurseOfKnowledge (id=THE_QUEEN_CARD_CURSE_OF_KNOWLEDGE) -> EnemyCardPool
[INFO] [TheQueen] [Content] Registered card: Dampen (id=THE_QUEEN_CARD_DAMPEN) -> EnemyCardPool
[INFO] [TheQueen] [Content] Registered card: DarkVeil (id=THE_QUEEN_CARD_DARK_VEIL) -> QueenCardPool
[INFO] [TheQueen] [Content] Registered potion: DeathElixir (id=THE_QUEEN_POTION_DEATH_ELIXIR) -> QueenPotionPool
[INFO] [TheQueen] [Content] Registered card: DeathTorrent (id=THE_QUEEN_CARD_DEATH_TORRENT) -> QueenCardPool
[INFO] [TheQueen] [Content] Registered card: DebilitatingSmog (id=THE_QUEEN_CARD_DEBILITATING_SMOG) -> EnemyCardPool
[INFO] [TheQueen] [Content] Registered card: Declaration (id=THE_QUEEN_CARD_DECLARATION) -> QueenCardPool
[INFO] [TheQueen] [Content] Registered card: DefendQueen (id=THE_QUEEN_CARD_DEFEND_QUEEN) -> QueenCardPool
[INFO] [TheQueen] [Content] Registered card: DelegateLabor (id=THE_QUEEN_CARD_DELEGATE_LABOR) -> TokenCardPool
[INFO] [TheQueen] [Content] Registered card: Devour (id=THE_QUEEN_CARD_DEVOUR) -> TokenCardPool
[INFO] [TheQueen] [Content] Registered card: DiffuseCharge (id=THE_QUEEN_CARD_DIFFUSE_CHARGE) -> TokenCardPool
[INFO] [TheQueen] [Content] Registered card: Disintegration (id=THE_QUEEN_CARD_DISINTEGRATION) -> TokenCardPool
[INFO] [TheQueen] [Content] Registered card: Distract (id=THE_QUEEN_CARD_DISTRACT) -> TokenCardPool
[INFO] [TheQueen] [Content] Registered card: DormantRebirth (id=THE_QUEEN_CARD_DORMANT_REBIRTH) -> QueenCardPool
[INFO] [TheQueen] [Content] Registered card: DoubleBlast (id=THE_QUEEN_CARD_DOUBLE_BLAST) -> EnemyCardPool
[INFO] [TheQueen] [Content] Registered card: DrainLife (id=THE_QUEEN_CARD_DRAIN_LIFE) -> EnemyCardPool
[INFO] [TheQueen] [Content] Registered card: DropStrike (id=THE_QUEEN_CARD_DROP_STRIKE) -> QueenCardPool
[INFO] [TheQueen] [Content] Registered potion: EcosphereBottle (id=THE_QUEEN_POTION_ECOSPHERE_BOTTLE) -> QueenPotionPool
[INFO] [TheQueen] [Content] Registered card: EmergencyEvasion (id=THE_QUEEN_CARD_EMERGENCY_EVASION) -> QueenCardPool
[INFO] [TheQueen] [Content] Registered shared card pool: EnemyCardPool (id=THE_QUEEN_CARD_POOL_ENEMY_CARD_POOL)
[INFO] [TheQueen] [Content] Registered card: EnergyOrb (id=THE_QUEEN_CARD_ENERGY_ORB) -> EnemyCardPool
[INFO] [TheQueen] [Content] Registered card: EnjoyDinner (id=THE_QUEEN_CARD_ENJOY_DINNER) -> QueenCardPool
[INFO] [TheQueen] [Content] Registered card: EveningStar (id=THE_QUEEN_CARD_EVENING_STAR) -> TokenCardPool
[INFO] [TheQueen] [Content] Registered card: EvolutionTheory (id=THE_QUEEN_CARD_EVOLUTION_THEORY) -> QueenCardPool
[INFO] [TheQueen] [Content] Registered card: Execution (id=THE_QUEEN_CARD_EXECUTION) -> QueenCardPool
[INFO] [TheQueen] [Content] Registered card: Explode (id=THE_QUEEN_CARD_EXPLODE) -> TokenCardPool
[INFO] [TheQueen] [Content] Registered card: Fabricate (id=THE_QUEEN_CARD_FABRICATE) -> EnemyCardPool
[INFO] [TheQueen] [Content] Registered card: Feeding (id=THE_QUEEN_CARD_FEEDING) -> QueenCardPool
[INFO] [TheQueen] [Content] Registered card: FeedingBone (id=THE_QUEEN_CARD_FEEDING_BONE) -> TokenCardPool
[INFO] [TheQueen] [Content] Registered card: FeedingFlesh (id=THE_QUEEN_CARD_FEEDING_FLESH) -> TokenCardPool
[INFO] [TheQueen] [Content] Registered card: FightForMe (id=THE_QUEEN_CARD_FIGHT_FOR_ME) -> QueenCardPool
[INFO] [TheQueen] [Content] Registered card: FinalChant (id=THE_QUEEN_CARD_FINAL_CHANT) -> TokenCardPool
[INFO] [TheQueen] [Content] Registered card: FireWall (id=THE_QUEEN_CARD_FIRE_WALL) -> QueenCardPool
[INFO] [TheQueen] [Content] Registered card: FirstChant (id=THE_QUEEN_CARD_FIRST_CHANT) -> TokenCardPool
[INFO] [TheQueen] [Content] Registered relic: FirstGiftRelic (id=THE_QUEEN_RELIC_FIRST_GIFT_RELIC) -> QueenRelicPool
[INFO] [TheQueen] [Content] Registered card: Flail (id=THE_QUEEN_CARD_FLAIL) -> EnemyCardPool
[INFO] [TheQueen] [Content] Registered card: Flamethrower (id=THE_QUEEN_CARD_FLAMETHROWER) -> EnemyCardPool
[INFO] [TheQueen] [Content] Registered card: Flee (id=THE_QUEEN_CARD_FLEE) -> EnemyCardPool
[INFO] [TheQueen] [Content] Registered card: ForbiddenIncantation (id=THE_QUEEN_CARD_FORBIDDEN_INCANTATION) -> EnemyCardPool
[INFO] [TheQueen] [Content] Registered card: FrailSpores (id=THE_QUEEN_CARD_FRAIL_SPORES) -> EnemyCardPool
[INFO] [TheQueen] [Content] Registered card: FranticTug (id=THE_QUEEN_CARD_FRANTIC_TUG) -> TokenCardPool
[INFO] [TheQueen] [Content] Registered card: FrenziedBite (id=THE_QUEEN_CARD_FRENZIED_BITE) -> QueenCardPool
[INFO] [TheQueen] [Content] Registered card: Galvanic (id=THE_QUEEN_CARD_GALVANIC) -> EnemyCardPool
[INFO] [TheQueen] [Content] Registered card: Gaze (id=THE_QUEEN_CARD_GAZE) -> QueenCardPool
[INFO] [TheQueen] [Content] Registered card: GemCharge (id=THE_QUEEN_CARD_GEM_CHARGE) -> QueenCardPool
[INFO] [TheQueen] [Content] Registered card: GemFlame (id=THE_QUEEN_CARD_GEM_FLAME) -> QueenCardPool
[INFO] [TheQueen] [Content] Registered card: GemShield (id=THE_QUEEN_CARD_GEM_SHIELD) -> QueenCardPool
[INFO] [TheQueen] [Content] Registered card: GemWhirl (id=THE_QUEEN_CARD_GEM_WHIRL) -> QueenCardPool
[INFO] [TheQueen] [Content] Registered card: Gimme (id=THE_QUEEN_CARD_GIMME) -> EnemyCardPool
[INFO] [TheQueen] [Content] Registered card: GluttonousFeast (id=THE_QUEEN_CARD_GLUTTONOUS_FEAST) -> QueenCardPool
[INFO] [TheQueen] [Content] Registered relic: GoldenFingerRelic (id=THE_QUEEN_RELIC_GOLDEN_FINGER_RELIC) -> QueenRelicPool
[INFO] [TheQueen] [Content] Registered card: Goop (id=THE_QUEEN_CARD_GOOP) -> EnemyCardPool
[INFO] [TheQueen] [Content] Registered card: GrantDefense (id=THE_QUEEN_CARD_GRANT_DEFENSE) -> QueenCardPool
[INFO] [TheQueen] [Content] Registered card: GrantOffense (id=THE_QUEEN_CARD_GRANT_OFFENSE) -> QueenCardPool
[INFO] [TheQueen] [Content] Registered card: GraspingVines (id=THE_QUEEN_CARD_GRASPING_VINES) -> EnemyCardPool
[INFO] [TheQueen] [Content] Registered card: GremlinStab (id=THE_QUEEN_CARD_GREMLIN_STAB) -> EnemyCardPool
[INFO] [TheQueen] [Content] Registered card: Guard (id=THE_QUEEN_CARD_GUARD) -> TokenCardPool
[INFO] [TheQueen] [Content] Registered card: HandOfRefusal (id=THE_QUEEN_CARD_HAND_OF_REFUSAL) -> TokenCardPool
[INFO] [TheQueen] [Content] Registered card: HandOfSeizure (id=THE_QUEEN_CARD_HAND_OF_SEIZURE) -> TokenCardPool
[INFO] [TheQueen] [Content] Registered card: HardToKill (id=THE_QUEEN_CARD_HARD_TO_KILL) -> EnemyCardPool
[INFO] [TheQueen] [Content] Registered card: HardenedShell (id=THE_QUEEN_CARD_HARDENED_SHELL) -> EnemyCardPool
[INFO] [TheQueen] [Content] Registered card: Haunt (id=THE_QUEEN_CARD_HAUNT) -> EnemyCardPool
[INFO] [TheQueen] [Content] Registered card: Headbutt (id=THE_QUEEN_CARD_HEADBUTT) -> EnemyCardPool
[INFO] [TheQueen] [Content] Registered card: Hex (id=THE_QUEEN_CARD_HEX) -> EnemyCardPool
[INFO] [TheQueen] [Content] Registered card: Hounds (id=THE_QUEEN_CARD_HOUNDS) -> EnemyCardPool
[INFO] [TheQueen] [Content] Registered card: HundredHandsBanquet (id=THE_QUEEN_CARD_HUNDRED_HANDS_BANQUET) -> QueenCardPool
[INFO] [TheQueen] [Content] Registered card: Hunger (id=THE_QUEEN_CARD_HUNGER) -> QueenCardPool
[INFO] [TheQueen] [Content] Registered card: Illusion (id=THE_QUEEN_CARD_ILLUSION) -> EnemyCardPool
[INFO] [TheQueen] [Content] Registered card: Illusion2 (id=THE_QUEEN_CARD_ILLUSION2) -> EnemyCardPool
[INFO] [TheQueen] [Content] Registered card: Incantation (id=THE_QUEEN_CARD_INCANTATION) -> EnemyCardPool
[INFO] [TheQueen] [Content] Registered card: Joyless (id=THE_QUEEN_CARD_JOYLESS) -> QueenCardPool
[INFO] [TheQueen] [Content] Registered card: Killshot (id=THE_QUEEN_CARD_KILLSHOT) -> EnemyCardPool
[INFO] [TheQueen] [Content] Registered card: LampDrive (id=THE_QUEEN_CARD_LAMP_DRIVE) -> QueenCardPool
[INFO] [TheQueen] [Content] Registered potion: LampInABottle (id=THE_QUEEN_POTION_LAMP_IN_A_BOTTLE) -> QueenPotionPool
[INFO] [TheQueen] [Content] Registered card: Lash (id=THE_QUEEN_CARD_LASH) -> EnemyCardPool
[INFO] [TheQueen] [Content] Registered card: LayEggs (id=THE_QUEEN_CARD_LAY_EGGS) -> EnemyCardPool
[INFO] [TheQueen] [Content] Registered card: LiquifyGround (id=THE_QUEEN_CARD_LIQUIFY_GROUND) -> EnemyCardPool
[INFO] [TheQueen] [Content] Registered card: LocalMaterials (id=THE_QUEEN_CARD_LOCAL_MATERIALS) -> QueenCardPool
[INFO] [TheQueen] [Content] Registered potion: MagicMirrorShard (id=THE_QUEEN_POTION_MAGIC_MIRROR_SHARD) -> QueenPotionPool
[INFO] [TheQueen] [Content] Registered potion: MagicMirrorShard (id=THE_QUEEN_POTION_MAGIC_MIRROR_SHARD) -> TokenPotionPool
[INFO] [TheQueen] [Content] Registered card: MagicPigment (id=THE_QUEEN_CARD_MAGIC_PIGMENT) -> QueenCardPool
[INFO] [TheQueen] [Content] Registered card: MagicTime (id=THE_QUEEN_CARD_MAGIC_TIME) -> QueenCardPool
[INFO] [TheQueen] [Content] Registered card: Mandragora (id=THE_QUEEN_CARD_MANDRAGORA) -> QueenCardPool
[INFO] [TheQueen] [Content] Registered card: Marionette (id=THE_QUEEN_CARD_MARIONETTE) -> QueenCardPool
[INFO] [TheQueen] [Content] Registered card: Miasma (id=THE_QUEEN_CARD_MIASMA) -> EnemyCardPool
[INFO] [TheQueen] [Content] Registered card: MiasmaStrike (id=THE_QUEEN_CARD_MIASMA_STRIKE) -> QueenCardPool
[INFO] [TheQueen] [Content] Registered card: MindClarity (id=THE_QUEEN_CARD_MIND_CLARITY) -> TokenCardPool
[INFO] [TheQueen] [Content] Registered card: MindControl (id=THE_QUEEN_CARD_MIND_CONTROL) -> QueenCardPool
[INFO] [TheQueen] [Content] Registered card: MindYourManners (id=THE_QUEEN_CARD_MIND_YOUR_MANNERS) -> QueenCardPool
[INFO] [TheQueen] [Content] Registered card: MorningStar (id=THE_QUEEN_CARD_MORNING_STAR) -> TokenCardPool
[INFO] [TheQueen] [Content] Registered card: MysticChant (id=THE_QUEEN_CARD_MYSTIC_CHANT) -> QueenCardPool
[INFO] [TheQueen] [Content] Registered card: Nibble (id=THE_QUEEN_CARD_NIBBLE) -> TokenCardPool
[INFO] [TheQueen] [Content] Registered relic: NightLightRelic (id=THE_QUEEN_RELIC_NIGHT_LIGHT_RELIC) -> QueenRelicPool
[INFO] [TheQueen] [Content] Registered card: Noise (id=THE_QUEEN_CARD_NOISE) -> TokenCardPool
[INFO] [TheQueen] [Content] Registered card: OilSpray (id=THE_QUEEN_CARD_OIL_SPRAY) -> EnemyCardPool
[INFO] [TheQueen] [Content] Registered relic: OminousCurseRelic (id=THE_QUEEN_RELIC_OMINOUS_CURSE_RELIC) -> QueenRelicPool
[INFO] [TheQueen] [Content] Registered card: OpenGallery (id=THE_QUEEN_CARD_OPEN_GALLERY) -> QueenCardPool
[INFO] [TheQueen] [Content] Registered card: OppressivePresence (id=THE_QUEEN_CARD_OPPRESSIVE_PRESENCE) -> QueenCardPool
[INFO] [TheQueen] [Content] Registered card: PaperCuts (id=THE_QUEEN_CARD_PAPER_CUTS) -> EnemyCardPool
[INFO] [TheQueen] [Content] Registered relic: PaperCutsRelic (id=THE_QUEEN_RELIC_PAPER_CUTS_RELIC) -> EventRelicPool
[INFO] [TheQueen] [Content] Registered card: PathOfPain (id=THE_QUEEN_CARD_PATH_OF_PAIN) -> QueenCardPool
[INFO] [TheQueen] [Content] Registered relic: PeachHeartWoodenSwordRelic (id=THE_QUEEN_RELIC_PEACH_HEART_WOODEN_SWORD_RELIC) -> QueenRelicPool
[INFO] [TheQueen] [Content] Registered card: Peep (id=THE_QUEEN_CARD_PEEP) -> QueenCardPool
[INFO] [TheQueen] [Content] Registered card: PheromoneSpit (id=THE_QUEEN_CARD_PHEROMONE_SPIT) -> EnemyCardPool
[INFO] [TheQueen] [Content] Registered card: PiercingCharge (id=THE_QUEEN_CARD_PIERCING_CHARGE) -> TokenCardPool
[INFO] [TheQueen] [Content] Registered card: Plating (id=THE_QUEEN_CARD_PLATING) -> EnemyCardPool
[INFO] [TheQueen] [Content] Registered card: PlayWith (id=THE_QUEEN_CARD_PLAY_WITH) -> QueenCardPool
[INFO] [TheQueen] [Content] Registered card: PowerDance (id=THE_QUEEN_CARD_POWER_DANCE) -> TokenCardPool
[INFO] [TheQueen] [Content] Registered card: PredatoryAssimilation (id=THE_QUEEN_CARD_PREDATORY_ASSIMILATION) -> QueenCardPool
[INFO] [TheQueen] [Content] Registered card: PrismaticArt (id=THE_QUEEN_CARD_PRISMATIC_ART) -> QueenCardPool
[INFO] [TheQueen] [Content] Registered card: ProtrudingSpikes (id=THE_QUEEN_CARD_PROTRUDING_SPIKES) -> EnemyCardPool
[INFO] [TheQueen] [Content] Registered card: Psychokinesis (id=THE_QUEEN_CARD_PSYCHOKINESIS) -> QueenCardPool
[INFO] [TheQueen] [Content] Registered card: PulseStrike (id=THE_QUEEN_CARD_PULSE_STRIKE) -> QueenCardPool
[INFO] [TheQueen] [Content] Registered card: PunchOff (id=THE_QUEEN_CARD_PUNCH_OFF) -> EnemyCardPool
[INFO] [TheQueen] [Content] Registered card: PurificationRite (id=THE_QUEEN_CARD_PURIFICATION_RITE) -> QueenCardPool
[INFO] [TheQueen] [Content] Registered character: QueenCharacter (id=THE_QUEEN_CHARACTER_QUEEN_CHARACTER)
[INFO] [TheQueen] [Content] Registered relic: QueensGraceRelic (id=THE_QUEEN_RELIC_QUEENS_GRACE_RELIC) -> QueenRelicPool
[INFO] [TheQueen] [Content] Registered card: QuickAdaptation (id=THE_QUEEN_CARD_QUICK_ADAPTATION) -> QueenCardPool
[INFO] [TheQueen] [Content] Registered card: Raid (id=THE_QUEEN_CARD_RAID) -> QueenCardPool
[INFO] [TheQueen] [Content] Registered card: Rampart (id=THE_QUEEN_CARD_RAMPART) -> EnemyCardPool
[INFO] [TheQueen] [Content] Registered card: Reattach (id=THE_QUEEN_CARD_REATTACH) -> EnemyCardPool
[INFO] [TheQueen] [Content] Registered card: Rejuvenate (id=THE_QUEEN_CARD_REJUVENATE) -> TokenCardPool
[INFO] [TheQueen] [Content] Registered card: Release (id=THE_QUEEN_CARD_RELEASE) -> QueenCardPool
[INFO] [TheQueen] [Content] Registered card: ReloadFire (id=THE_QUEEN_CARD_RELOAD_FIRE) -> EnemyCardPool
[INFO] [TheQueen] [Content] Registered card: Reminisce (id=THE_QUEEN_CARD_REMINISCE) -> QueenCardPool
[INFO] [TheQueen] [Content] Registered card: RenounceIntent (id=THE_QUEEN_CARD_RENOUNCE_INTENT) -> TokenCardPool
[INFO] [TheQueen] [Content] Registered card: ReturnToSilence (id=THE_QUEEN_CARD_RETURN_TO_SILENCE) -> QueenCardPool
[INFO] [TheQueen] [Content] Registered relic: RevelationCupRelic (id=THE_QUEEN_RELIC_REVELATION_CUP_RELIC) -> QueenRelicPool
[INFO] [TheQueen] [Content] Registered card: Rift (id=THE_QUEEN_CARD_RIFT) -> QueenCardPool
[INFO] [TheQueen] [Content] Registered card: Roar (id=THE_QUEEN_CARD_ROAR) -> EnemyCardPool
[INFO] [TheQueen] [Content] Registered card: RoarClaw (id=THE_QUEEN_CARD_ROAR_CLAW) -> EnemyCardPool
[INFO] [TheQueen] [Content] Registered card: RollOut (id=THE_QUEEN_CARD_ROLL_OUT) -> EnemyCardPool
[INFO] [TheQueen] [Content] Registered card: RuinousArt (id=THE_QUEEN_CARD_RUINOUS_ART) -> QueenCardPool
[INFO] [TheQueen] [Content] Registered card: Salvage (id=THE_QUEEN_CARD_SALVAGE) -> QueenCardPool
[INFO] [TheQueen] [Content] Registered card: Schizophrenia (id=THE_QUEEN_CARD_SCHIZOPHRENIA) -> QueenCardPool
[INFO] [TheQueen] [Content] Registered card: Scratch (id=THE_QUEEN_CARD_SCRATCH) -> QueenCardPool
[INFO] [TheQueen] [Content] Registered card: Screech (id=THE_QUEEN_CARD_SCREECH) -> EnemyCardPool
[INFO] [TheQueen] [Content] Registered card: SecondChant (id=THE_QUEEN_CARD_SECOND_CHANT) -> TokenCardPool
[INFO] [TheQueen] [Content] Registered card: SelfDestruct (id=THE_QUEEN_CARD_SELF_DESTRUCT) -> QueenCardPool
[INFO] [TheQueen] [Content] Registered card: Shriek (id=THE_QUEEN_CARD_SHRIEK) -> EnemyCardPool
[INFO] [TheQueen] [Content] Registered card: Shrinker (id=THE_QUEEN_CARD_SHRINKER) -> EnemyCardPool
[INFO] [TheQueen] [Content] Registered relic: SilverBraceletRelic (id=THE_QUEEN_RELIC_SILVER_BRACELET_RELIC) -> QueenRelicPool
[INFO] [TheQueen] [Content] Registered card: Siphon (id=THE_QUEEN_CARD_SIPHON) -> QueenCardPool
[INFO] [TheQueen] [Content] Registered card: Skittish (id=THE_QUEEN_CARD_SKITTISH) -> EnemyCardPool
[INFO] [TheQueen] [Content] Registered card: Slam (id=THE_QUEEN_CARD_SLAM) -> TokenCardPool
[INFO] [TheQueen] [Content] Registered card: Slippery (id=THE_QUEEN_CARD_SLIPPERY) -> EnemyCardPool
[INFO] [TheQueen] [Content] Registered card: Soar (id=THE_QUEEN_CARD_SOAR) -> EnemyCardPool
[INFO] [TheQueen] [Content] Registered card: SoulBeam (id=THE_QUEEN_CARD_SOUL_BEAM) -> QueenCardPool
[INFO] [TheQueen] [Content] Registered card: SoulCalmCasket (id=THE_QUEEN_CARD_SOUL_CALM_CASKET) -> QueenCardPool
[INFO] [TheQueen] [Content] Registered card: SoulDefend (id=THE_QUEEN_CARD_SOUL_DEFEND) -> TokenCardPool
[INFO] [TheQueen] [Content] Registered card: SoulLockCasket (id=THE_QUEEN_CARD_SOUL_LOCK_CASKET) -> QueenCardPool
[INFO] [TheQueen] [Content] Registered card: SoulMold (id=THE_QUEEN_CARD_SOUL_MOLD) -> QueenCardPool
[INFO] [TheQueen] [Content] Registered card: SoulResonance (id=THE_QUEEN_CARD_SOUL_RESONANCE) -> QueenCardPool
[INFO] [TheQueen] [Content] Registered card: SoulSiphon (id=THE_QUEEN_CARD_SOUL_SIPHON) -> EnemyCardPool
[INFO] [TheQueen] [Content] Registered card: SoulStrike (id=THE_QUEEN_CARD_SOUL_STRIKE) -> TokenCardPool
[INFO] [TheQueen] [Content] Registered card: Spiken (id=THE_QUEEN_CARD_SPIKEN) -> EnemyCardPool
[INFO] [TheQueen] [Content] Registered card: SpinningKick (id=THE_QUEEN_CARD_SPINNING_KICK) -> EnemyCardPool
[INFO] [TheQueen] [Content] Registered card: SqueezeBlood (id=THE_QUEEN_CARD_SQUEEZE_BLOOD) -> QueenCardPool
[INFO] [TheQueen] [Content] Registered card: Stab (id=THE_QUEEN_CARD_STAB) -> TokenCardPool
[INFO] [TheQueen] [Content] Registered card: SteamEruption (id=THE_QUEEN_CARD_STEAM_ERUPTION) -> EnemyCardPool
[INFO] [TheQueen] [Content] Registered card: StickyShot (id=THE_QUEEN_CARD_STICKY_SHOT) -> EnemyCardPool
[INFO] [TheQueen] [Content] Registered card: Stock (id=THE_QUEEN_CARD_STOCK) -> EnemyCardPool
[INFO] [TheQueen] [Content] Registered card: StrikeQueen (id=THE_QUEEN_CARD_STRIKE_QUEEN) -> QueenCardPool
[INFO] [TheQueen] [Content] Registered card: StrongAdaptability (id=THE_QUEEN_CARD_STRONG_ADAPTABILITY) -> QueenCardPool
[INFO] [TheQueen] [Content] Registered card: SubmitToMe (id=THE_QUEEN_CARD_SUBMIT_TO_ME) -> QueenCardPool
[INFO] [TheQueen] [Content] Registered card: Suck (id=THE_QUEEN_CARD_SUCK) -> EnemyCardPool
[INFO] [TheQueen] [Content] Registered card: SummonSoul (id=THE_QUEEN_CARD_SUMMON_SOUL) -> QueenCardPool
[INFO] [TheQueen] [Content] Registered card: Swing (id=THE_QUEEN_CARD_SWING) -> EnemyCardPool
[INFO] [TheQueen] [Content] Registered card: Swipe (id=THE_QUEEN_CARD_SWIPE) -> EnemyCardPool
[INFO] [TheQueen] [Content] Registered card: SwitchSide (id=THE_QUEEN_CARD_SWITCH_SIDE) -> TokenCardPool
[INFO] [TheQueen] [Content] Registered card: Tackle (id=THE_QUEEN_CARD_TACKLE) -> TokenCardPool
[INFO] [TheQueen] [Content] Registered card: TacticalDirective (id=THE_QUEEN_CARD_TACTICAL_DIRECTIVE) -> QueenCardPool
[INFO] [TheQueen] [Content] Registered affliction: Tainted (id=THE_QUEEN_AFFLICTION_TAINTED)
[INFO] [TheQueen] [Content] Registered card: TakeOver (id=THE_QUEEN_CARD_TAKE_OVER) -> TokenCardPool
[INFO] [TheQueen] [Content] Registered card: Taste (id=THE_QUEEN_CARD_TASTE) -> QueenCardPool
[INFO] [TheQueen] [Content] Registered card: TearSpace (id=THE_QUEEN_CARD_TEAR_SPACE) -> QueenCardPool
[INFO] [TheQueen] [Content] Registered card: Tender (id=THE_QUEEN_CARD_TENDER) -> EnemyCardPool
[INFO] [TheQueen] [Content] Registered card: TerminusForm (id=THE_QUEEN_CARD_TERMINUS_FORM) -> QueenCardPool
[INFO] [TheQueen] [Content] Registered card: Territorial (id=THE_QUEEN_CARD_TERRITORIAL) -> EnemyCardPool
[INFO] [TheQueen] [Content] Registered card: TestSubject (id=THE_QUEEN_CARD_TEST_SUBJECT) -> EnemyCardPool
[INFO] [TheQueen] [Content] Registered card: TheKins (id=THE_QUEEN_CARD_THE_KINS) -> EnemyCardPool
[INFO] [TheQueen] [Content] Registered card: TimeTrick (id=THE_QUEEN_CARD_TIME_TRICK) -> QueenCardPool
[INFO] [TheQueen] [Content] Registered card: ToughEgg (id=THE_QUEEN_CARD_TOUGH_EGG) -> TokenCardPool
[INFO] [TheQueen] [Content] Registered card: ToxicCard (id=THE_QUEEN_CARD_TOXIC_CARD) -> EnemyCardPool
[INFO] [TheQueen] [Content] Registered card: ToxicSpit (id=THE_QUEEN_CARD_TOXIC_SPIT) -> EnemyCardPool
[INFO] [TheQueen] [Content] Registered card: TreasurePavilion (id=THE_QUEEN_CARD_TREASURE_PAVILION) -> QueenCardPool
[INFO] [TheQueen] [Content] Registered card: UnfinishedCalamity (id=THE_QUEEN_CARD_UNFINISHED_CALAMITY) -> QueenCardPool
[INFO] [TheQueen] [Content] Registered card: Unload (id=THE_QUEEN_CARD_UNLOAD) -> EnemyCardPool
[INFO] [TheQueen] [Content] Registered card: Vanguard (id=THE_QUEEN_CARD_VANGUARD) -> QueenCardPool
[INFO] [TheQueen] [Content] Registered card: VitalSpark (id=THE_QUEEN_CARD_VITAL_SPARK) -> EnemyCardPool
[INFO] [TheQueen] [Content] Registered card: VomitIcho (id=THE_QUEEN_CARD_VOMIT_ICHO) -> EnemyCardPool
[INFO] [TheQueen] [Content] Registered card: Willful (id=THE_QUEEN_CARD_WILLFUL) -> QueenCardPool
[INFO] [TheQueen] [Content] Registered card: WishFameAndFortune (id=THE_QUEEN_CARD_WISH_FAME_AND_FORTUNE) -> TokenCardPool
[INFO] [TheQueen] [Content] Registered card: WishLongevity (id=THE_QUEEN_CARD_WISH_LONGEVITY) -> TokenCardPool
[INFO] [TheQueen] [Content] Registered card: WishMountainStrength (id=THE_QUEEN_CARD_WISH_MOUNTAIN_STRENGTH) -> TokenCardPool
[INFO] [TheQueen] [Content] Registered card: WishVer2 (id=THE_QUEEN_CARD_WISH_VER2) -> QueenCardPool
[INFO] [TheQueen] [Content] Registered card: WitheringPresence (id=THE_QUEEN_CARD_WITHERING_PRESENCE) -> EnemyCardPool
[INFO] [TheQueen] [Content] Registered card: Wriggle (id=THE_QUEEN_CARD_WRIGGLE) -> EnemyCardPool
[INFO] [TheQueen] [Content] Registered card: YouAreMine (id=THE_QUEEN_CARD_YOU_ARE_MINE) -> QueenCardPool
[INFO] [TheQueen] [Content] Registered card: YourJoueneyEndsHere (id=THE_QUEEN_CARD_YOUR_JOUENEY_ENDS_HERE) -> EnemyCardPool
[INFO] [TheQueen] [Content] Registered card: Zap (id=THE_QUEEN_CARD_ZAP) -> TokenCardPool
[INFO] [TheQueen] [Content] Registered starter card: DefendQueen (id=THE_QUEEN_CARD_DEFEND_QUEEN) x4 -> QueenCharacter
[INFO] [TheQueen] [Content] Registered starter relic: FirstGiftRelic (id=THE_QUEEN_RELIC_FIRST_GIFT_RELIC) x1 -> QueenCharacter
[INFO] [TheQueen] [Content] Registered starter card: SoulLockCasket (id=THE_QUEEN_CARD_SOUL_LOCK_CASKET) x1 -> QueenCharacter
[INFO] [TheQueen] [Content] Registered starter card: StrikeQueen (id=THE_QUEEN_CARD_STRIKE_QUEEN) x4 -> QueenCharacter
[INFO] [TheQueen] [Content] Registered starter card: SummonSoul (id=THE_QUEEN_CARD_SUMMON_SOUL) x1 -> QueenCharacter
[INFO] [com.ritsukage.sts2-RitsuLib] [AutoRegister] Processed assembly 'TheQueen': 240 operation(s), 240 succeeded, 0 failed.
[INFO] [sts2.comicchess.thequeen] [Keywords] Registered keyword: STS2_COMICCHESS_THEQUEEN_KEYWORD_FADE (CardKeyword=0x6C54AFEA)
[INFO] [sts2.comicchess.thequeen] [Keywords] Registered keyword: STS2_COMICCHESS_THEQUEEN_KEYWORD_AMALGAM_COMPOSITE (CardKeyword=0x663AE641)
[INFO] [sts2.comicchess.thequeen] [Keywords] Registered keyword: STS2_COMICCHESS_THEQUEEN_KEYWORD_AMALGAM_COMPOSITE1 (CardKeyword=0x6EA9C0A2)
[INFO] [sts2.comicchess.thequeen] [Keywords] Registered keyword: STS2_COMICCHESS_THEQUEEN_KEYWORD_AMALGAM_COMPOSITE2 (CardKeyword=0x6A21D2EB)
[INFO] [sts2.comicchess.thequeen] [Keywords] Registered keyword: STS2_COMICCHESS_THEQUEEN_KEYWORD_AMALGAM_COMPOSITE3 (CardKeyword=0x66452ED8)
[INFO] [sts2.comicchess.thequeen] [ContentPack] Applied 4 deferred registration step(s).
[INFO] [com.ritsukage.sts2-RitsuLib] [ContentPack] Flushed 1 deferred content pack(s).
[INFO] [com.ritsukage.sts2-RitsuLib] [SavedProperties] Injected 15 mod model type(s); property net IDs: 118 -> 120, bit size 7.
[INFO] Loading locale path=res://localization/eng
[INFO] Found loc table from mod: eng afflictions.json. Merging with base loc table
[INFO] Found loc table from mod: eng ancients.json. Merging with base loc table
[INFO] Found loc table from mod: eng card_keywords.json. Merging with base loc table
[INFO] Found loc table from mod: eng card_keywords.json. Merging with base loc table
[INFO] Found loc table from mod: eng card_library.json. Merging with base loc table
[INFO] Found loc table from mod: eng cards.json. Merging with base loc table
[INFO] Found loc table from mod: eng cards.json. Merging with base loc table
[INFO] Found loc table from mod: eng cards.json. Merging with base loc table
[INFO] Found loc table from mod: eng cards.json. Merging with base loc table
[INFO] Found loc table from mod: eng characters.json. Merging with base loc table
[INFO] Found loc table from mod: eng combat_messages.json. Merging with base loc table
[INFO] Found loc table from mod: eng enchantments.json. Merging with base loc table
[INFO] Found loc table from mod: eng events.json. Merging with base loc table
[INFO] Found loc table from mod: eng intents.json. Merging with base loc table
[INFO] Found loc table from mod: eng modifiers.json. Merging with base loc table
[INFO] Found loc table from mod: eng monsters.json. Merging with base loc table
[INFO] Found loc table from mod: eng potions.json. Merging with base loc table
[INFO] Found loc table from mod: eng powers.json. Merging with base loc table
[INFO] Found loc table from mod: eng powers.json. Merging with base loc table
[INFO] Found loc table from mod: eng powers.json. Merging with base loc table
[INFO] Found loc table from mod: eng relic_collection.json. Merging with base loc table
[INFO] Found loc table from mod: eng relic_collection.json. Merging with base loc table
[INFO] Found loc table from mod: eng relics.json. Merging with base loc table
[INFO] Found loc table from mod: eng relics.json. Merging with base loc table
[INFO] Found loc table from mod: eng relics.json. Merging with base loc table
[INFO] Found loc table from mod: eng relics.json. Merging with base loc table
[INFO] Found loc table from mod: eng rest_site_ui.json. Merging with base loc table
[INFO] Found loc table from mod: eng static_hover_tips.json. Merging with base loc table
[INFO] Loading locale path=res://localization/zhs
[INFO] Found loc table from mod: zhs afflictions.json. Merging with base loc table
[INFO] Found loc table from mod: zhs ancients.json. Merging with base loc table
[INFO] Found loc table from mod: zhs card_keywords.json. Merging with base loc table
[INFO] Found loc table from mod: zhs card_keywords.json. Merging with base loc table
[INFO] Found loc table from mod: zhs card_library.json. Merging with base loc table
[INFO] Found loc table from mod: zhs cards.json. Merging with base loc table
[INFO] Found loc table from mod: zhs cards.json. Merging with base loc table
[INFO] Found loc table from mod: zhs cards.json. Merging with base loc table
[INFO] Found loc table from mod: zhs cards.json. Merging with base loc table
[INFO] Found loc table from mod: zhs characters.json. Merging with base loc table
[INFO] Found loc table from mod: zhs combat_messages.json. Merging with base loc table
[INFO] Found loc table from mod: zhs enchantments.json. Merging with base loc table
[INFO] Found loc table from mod: zhs events.json. Merging with base loc table
[INFO] Found loc table from mod: zhs intents.json. Merging with base loc table
[INFO] Found loc table from mod: zhs modifiers.json. Merging with base loc table
[INFO] Found loc table from mod: zhs monsters.json. Merging with base loc table
[INFO] Found loc table from mod: zhs potions.json. Merging with base loc table
[INFO] Found loc table from mod: zhs powers.json. Merging with base loc table
[INFO] Found loc table from mod: zhs powers.json. Merging with base loc table
[INFO] Found loc table from mod: zhs powers.json. Merging with base loc table
[INFO] Found loc table from mod: zhs relic_collection.json. Merging with base loc table
[INFO] Found loc table from mod: zhs relic_collection.json. Merging with base loc table
[INFO] Found loc table from mod: zhs relics.json. Merging with base loc table
[INFO] Found loc table from mod: zhs relics.json. Merging with base loc table
[INFO] Found loc table from mod: zhs relics.json. Merging with base loc table
[INFO] Found loc table from mod: zhs relics.json. Merging with base loc table
[INFO] Found loc table from mod: zhs rest_site_ui.json. Merging with base loc table
[INFO] Found loc table from mod: zhs static_hover_tips.json. Merging with base loc table
[INFO] [sts2.comicchess.thequeen] [Content] Content registration is now frozen (Init).
[INFO] [TheQueen] [Content] Content registration is now frozen (Init).
[INFO] [sts2.comicchess.thequeen] [Keywords] Keyword registration is now frozen (Init).
[INFO] [TheQueen] [Keywords] Keyword registration is now frozen (Init).
[INFO] [sts2.comicchess.thequeen] [CardTags] Card tag registration is now frozen (Init).
[INFO] [TheQueen] [CardTags] Card tag registration is now frozen (Init).
[INFO] [sts2.comicchess.thequeen] [CardPiles] Pile registration is now frozen (Init).
[INFO] [com.ritsukage.sts2-RitsuLib] [Patcher - content registry] Applying 25 dynamic patch(es)...
[INFO] [com.ritsukage.sts2-RitsuLib] [Patcher - content registry] Dynamic patch application complete: 25/25 succeeded
[INFO] [com.ritsukage.sts2-RitsuLib] [Content] Dynamic act content patching initialized for 5 act type(s).
[INFO] [com.ritsukage.sts2-RitsuLib] [Patcher - content registry] Applying 17 dynamic patch(es)...
[INFO] [com.ritsukage.sts2-RitsuLib] [Patcher - content registry] Dynamic patch application complete: 17/17 succeeded
[INFO] [com.ritsukage.sts2-RitsuLib] [Content] Dynamic character starter patching initialized for 9 character type(s).
[INFO] [CalypsosHappyHour] Registered custom CardKeyword 'PERMABORROW' = 807586079, locKey = 'CALYPSOSHAPPYHOUR-PERMABORROW'
[INFO] [CalypsosHappyHour] Registered custom CardKeyword 'CROWDFUND' = 1187723674, locKey = 'CALYPSOSHAPPYHOUR-CROWDFUND'
[WARN] Two AbstractModels ComicChess.TheQueen.Buff and ComicChess.TheQueen.Buff from mod TheQueen share an ID! This might break multiplayer.
[INFO] ModelIdSerializationCache initialized. Categories: 19 Entries: 2372 Epochs: 57 Hash: 2836497480
[Sentry.GDExtension] Initialized: env=playtesters, release=v0.103.3
[INFO] Profile-scoped data path initialized: user://steam/76561199401820476/modded/profile1
[INFO] [com.ritsukage.sts2-RitsuLib] [Persistence] ProfileManager initialized with profile ID: 1
[INFO] [com.ritsukage.sts2-RitsuLib] [Saves] Progress mirror merged into loaded progress
[INFO] [com.ritsukage.sts2-RitsuLib] [Saves] Preserving unavailable progress records: characters=4, cards=175, encounters=8, enemies=8, ancients=4, discoveries=506, epochs=15
[INFO] [com.ritsukage.sts2-RitsuLib] [Saves] Suppressed 721 expected progress validation warning(s) for unavailable preserved records
[INFO] [Sentry.NET] Is running modded
[INFO] [Sentry.NET] Shutting down because event reporting is disabled.
[INFO] [Sentry.NET] Shutting down
[Sentry.GDExtension] Shutting down
[INFO] AtlasManager: Loaded controller_atlas with 112 sprites
[INFO] [com.ritsukage.sts2-RitsuLib] [Content] Character timeline: CHARACTER.THE_QUEEN_CHARACTER_QUEEN_CHARACTER RequiresEpochAndTimeline=False
[INFO] Limiting background FPS to 30
sts2_lan_connect save_diag: source=runtime_ready, hasRunSave=false, load=no_multiplayer_run_save, profile=1, mpSavePath=user://steam/76561199401820476/modded/profile1\saves\current_run_mp.save, mpSaveUpdatedAt=<missing>, activeHostedRoom=False, activeRoomId=<none>, lobby=http://106.75.7.210:8787
[INFO] sts2_lan_connect lobby runtime ready.
[INFO] Applying display settings...
  FULLSCREEN: True
  ASPECT_RATIO: (SixteenByNine)
  TARGET_DISPLAY: (0)
  WINDOW_SIZE: (1920, 1080)
  POSITION: (-1, -1)
[INFO] [Display] Min size: (64, 64) Max size: (16384, 16384)
[INFO] Window changed! New size: (1920, 1055)
[INFO] [Display] Setting FULLSCREEN on Display: 1 of 1
[INFO] Restored foreground FPS
[INFO] Window changed! New size: (1936, 1102)
[INFO] Window changed! New size: (1920, 1080)
[INFO] VSync: Adaptive
[INFO] SteamStatsManager: Global stats received (found=True), architect damage = 263502261403
[INFO] SteamStatsManager: User stats received
[INFO] === Godot OS Debug Information ===
Timestamp: 06/15/2026 22:06:53
OS: Windows
OS Version: 10.0.26200
Distribution Name: Windows
Device Model: HP Pavilion Laptop 13-bb1xxx
Is Debug Build: False
Is Sandboxed: False
Executable Path: E:/SteamLibrary/steamapps/common/Slay the Spire 2/SlayTheSpire2.exe
Data Directory: C:/Users/HP/AppData/Roaming
User Data Directory: C:/Users/HP/AppData/Roaming/SlayTheSpire2
Command Line Args: 
User Command Line Args: 
OS Locale: zh_CN
OS Language: zh
Game Locale: zh_CN
Is UserFS Persistent: True
Is Stdout Verbose: False
Is Low Processor Usage Mode: False
Architecture: x86_64
Engine Version: 4.5.1-m.9 (custom_build)
Is Editor: False
Release Version: v0.103.3
Release Commit: 460a0ece
Release Date: 05/29/2026 20:36:05
Processor Count: 8
Processor Name: 11th Gen Intel(R) Core(TM) i5-1155G7 @ 2.50GHz
Main assembly hash: -1584622192
Rendering device name: Intel(R) Iris(R) Xe Graphics
  Graphics adapter 0: Intel(R) Iris(R) Xe Graphics
  version: 30.0.101.0
  Graphics adapter 1: Microsoft Basic Render Driver
  version: 10.0.26100.0
Screen info (primary 0):
  Index 0: Size: (1920, 1080) Orientation: Landscape Scale: 1 DPI: 120 Refresh Rate: 60.04947
Video Memory Used: 0.0B
Memory Info:
  physical: 15.8GB
  free: 5.4GB
  available: 21.3GB
  stack: 8.0MB
  Static Memory Usage: 0.0B
  Static Memory Peak Usage: 0.0B
Important Environment Variables:
  PATH: C:\WINDOWS\system32;C:\WINDOWS;C:\WINDOWS\System32\Wbem;C:\WINDOWS\System32\WindowsPowerShell\v1.0\;C:\WINDOWS\System32\OpenSSH\;C:\Users\HP\AppData\Local\Microsoft\WindowsApps;
  GODOT_ROOT_DIR: 
  HOME: 
  DYLD_LIBRARY_PATH: 
  LD_LIBRARY_PATH: 

[INFO] Preloading 'IntroLogo' assets... count=3 vfx=0
[INFO] Preloading 'IntroLogo' Complete: assets=3 time_elapsed=68ms
[INFO] Preloading 'MainMenuEssentials' assets... count=5 vfx=0
[INFO] Preloading 'MainMenuEssentials' Complete: assets=5 time_elapsed=388ms
[WARN] Asset not cached: res://debug_audio/SOTE_Logo_Echoing_ShortTail.mp3
[INFO] [com.ritsukage.sts2-RitsuLib] [RitsuLib-ModSettings] Merged from embedded: STS2RitsuLib.Settings.Localization.ModSettingsUi.zhs.json (553 entries, 553 new)
[INFO] [com.ritsukage.sts2-RitsuLib] [RitsuLib-ModSettings] Total: 553 entries from 1 source(s)
[INFO] [com.ritsukage.sts2-RitsuLib] [RitsuLib-ModSettings] Successfully reloaded translations for language 'zhs' (553 entries)
[INFO] [com.ritsukage.sts2-RitsuLib] [RitsuLib-ModSettings] Subscribed to locale change notifications
[WARN] Asset not cached: res://themes/settings_screen_line_header.tres
[WARN] Asset not cached: res://images/ui/reward_screen/reward_skip_button.png
[WARN] Asset not cached: res://scenes/ui/selection_reticle.tscn
[INFO] [Startup] Time to main menu (Godot ticks): 22042ms
[INFO] [HextechRunes][Mayhem] Update checker UI attached: attempt=1 template=MegaLabel:/root/Game/RootSceneContainer/MainMenu/ModdedWarning host=NMainMenu:/root/Game/RootSceneContainer/MainMenu root=Window:/root noticeIndex=7.
[INFO] [HextechRunes][RuneConfig] Main menu config button attached.
[INFO] [Startup] Time to main menu: 22,222ms
[INFO] [Startup] Resource stats (main menu loaded (essential)): StaticMem=0B, VRAM=419.3MB, Objects=8,859, Resources=680, Nodes=1,644, CachedAssets=13
[INFO] AtlasManager: Loaded epoch_atlas with 57 sprites
[INFO] AtlasManager: Loaded relic_atlas with 341 sprites
[INFO] AtlasManager: Loaded relic_outline_atlas with 341 sprites
[INFO] AtlasManager: Loaded power_atlas with 266 sprites
[INFO] AtlasManager: Loaded card_atlas with 864 sprites
[INFO] AtlasManager: Loaded potion_atlas with 63 sprites
[INFO] AtlasManager: Loaded potion_outline_atlas with 63 sprites
[INFO] AtlasManager: Loaded stats_screen_atlas with 16 sprites
[INFO] AtlasManager: Loaded intent_atlas with 310 sprites
[INFO] AtlasManager: Loaded era_atlas with 27 sprites
[INFO] [HextechRunes][Integrity] Connected to Natsuki official HextechRunes server: endpoint=http://39.96.216.77/latest-version.json latest=0.7.3 current=0.7.2
[WARN] [HextechRunes][Integrity] Official build fingerprint mismatch: version=0.7.2 target=0.103.3 dll=expected:654cca1f2338 actual:9d152978a8eb; pck=expected:9a613f1544e9 actual:801e3e07f8fd
[INFO] [HextechRunes][Mayhem] Update check succeeded: latest=0.7.3, current=0.7.2
[WARN] [com.ritsukage.sts2-RitsuLib] [Assets] Missing resource path for BindingOathPreventerPower<BINDING_OATH_PREVENTER_POWER>.CustomIconPath: 'res://TheQueen/images/powers/binding_oath_preventer.png'. Falling back to the base asset.
[WARN] [com.ritsukage.sts2-RitsuLib] [Assets] Missing resource path for BindingOathPreventerPower<BINDING_OATH_PREVENTER_POWER>.CustomBigIconPath: 'res://TheQueen/images/powers/big/binding_oath_preventer.png'. Falling back to the base asset.
[WARN] [com.ritsukage.sts2-RitsuLib] [Assets] Missing resource path for EmptyCupPendingPower<EMPTY_CUP_PENDING_POWER>.CustomIconPath: 'res://TheQueen/images/powers/empty_cup_pending.png'. Falling back to the base asset.
[WARN] [com.ritsukage.sts2-RitsuLib] [Assets] Missing resource path for EmptyCupPendingPower<EMPTY_CUP_PENDING_POWER>.CustomBigIconPath: 'res://TheQueen/images/powers/big/empty_cup_pending.png'. Falling back to the base asset.
[WARN] [com.ritsukage.sts2-RitsuLib] [Assets] Missing resource path for MagicMirrorShardPendingPower<MAGIC_MIRROR_SHARD_PENDING_POWER>.CustomIconPath: 'res://TheQueen/images/powers/magic_mirror_shard_pending.png'. Falling back to the base asset.
[WARN] [com.ritsukage.sts2-RitsuLib] [Assets] Missing resource path for MagicMirrorShardPendingPower<MAGIC_MIRROR_SHARD_PENDING_POWER>.CustomBigIconPath: 'res://TheQueen/images/powers/big/magic_mirror_shard_pending.png'. Falling back to the base asset.
[WARN] [com.ritsukage.sts2-RitsuLib] [Assets] Missing resource path for NoisePendingPower<NOISE_PENDING_POWER>.CustomIconPath: 'res://TheQueen/images/powers/noise_pending.png'. Falling back to the base asset.
[WARN] [com.ritsukage.sts2-RitsuLib] [Assets] Missing resource path for NoisePendingPower<NOISE_PENDING_POWER>.CustomBigIconPath: 'res://TheQueen/images/powers/big/noise_pending.png'. Falling back to the base asset.
[WARN] [com.ritsukage.sts2-RitsuLib] [Assets] Missing resource path for QueenWitheringPresencePower<QUEEN_WITHERING_PRESENCE_POWER>.CustomIconPath: 'res://images/atlases/power_atlas.sprites/withering_presence_power.tres'. Falling back to the base asset.
[WARN] [com.ritsukage.sts2-RitsuLib] [Assets] Missing resource path for QueenWitheringPresencePower<QUEEN_WITHERING_PRESENCE_POWER>.CustomBigIconPath: 'res://images/powers/withering_presence_power.png'. Falling back to the base asset.
[WARN] [com.ritsukage.sts2-RitsuLib] [Assets] Missing resource path for TaintedPower<TAINTED_POWER>.CustomIconPath: 'res://TheQueen/images/powers/tainted.png'. Falling back to the base asset.
[WARN] [com.ritsukage.sts2-RitsuLib] [Assets] Missing resource path for TaintedPower<TAINTED_POWER>.CustomBigIconPath: 'res://TheQueen/images/powers/big/tainted.png'. Falling back to the base asset.
[INFO] [com.ritsukage.sts2-RitsuLib] [Compat] External framework presence refreshed (deferred initialization completed).
[INFO] [com.ritsukage.sts2-RitsuLib] [Patcher - framework core] Applying 13 dynamic patch(es)...
[INFO] [com.ritsukage.sts2-RitsuLib] [Patcher - framework core] Dynamic patch application complete: 13/13 succeeded
[INFO] [com.ritsukage.sts2-RitsuLib] [MaxHandSize] RitsuLib hand-size patch set installed (compat 0.103.2 profile).
[INFO] Unloading 6 missed cache assets
[INFO] [com.ritsukage.sts2-RitsuLib] [Telemetry] Registered applicant 'com.ritsukage.sts2-RitsuLib' -> https://ritsulib-telemetry.ritsukage.com/v1/ingest (3 request(s)).
[INFO] [com.ritsukage.sts2-RitsuLib] [Telemetry] Captured persistent startup telemetry snapshot.
[INFO] [com.ritsukage.sts2-RitsuLib] [Telemetry] Refreshed startup mod inventory snapshot (MainMenuReadyEvent).
[INFO] [com.ritsukage.sts2-RitsuLib] [Telemetry] Replaying startup event 'session_start' to applicant 'com.ritsukage.sts2-RitsuLib'.
[INFO] [com.ritsukage.sts2-RitsuLib] [Telemetry] Queued event 'session_start' for applicant 'com.ritsukage.sts2-RitsuLib'. Queue size: 1.
[INFO] [com.ritsukage.sts2-RitsuLib] [Telemetry] Sending 1 queued event(s) for applicant 'com.ritsukage.sts2-RitsuLib' via http_json.
[INFO] [com.ritsukage.sts2-RitsuLib] [Telemetry] Replaying startup event 'mod_inventory' to applicant 'com.ritsukage.sts2-RitsuLib'.
[INFO] [com.ritsukage.sts2-RitsuLib] [Telemetry] Queued event 'mod_inventory' for applicant 'com.ritsukage.sts2-RitsuLib'. Queue size: 2.
[INFO] [com.ritsukage.sts2-RitsuLib] [Telemetry] Flush skipped for 'com.ritsukage.sts2-RitsuLib': another send is already in progress.
[INFO] [com.ritsukage.sts2-RitsuLib] [Telemetry] No pending first-run consent prompt; flushing authorized startup telemetry.
[INFO] [com.ritsukage.sts2-RitsuLib] [Telemetry] Flush skipped for 'com.ritsukage.sts2-RitsuLib': another send is already in progress.
[INFO] [com.ritsukage.sts2-RitsuLib] 
=== RitsuLib Startup Audit: launch to main menu ===
  settingsStore: 134.7 ms
  debugLogViewer: 14.1 ms
  modSettingsBootstrap: 39.7 ms
  telemetryBootstrap: 2.9 ms
  mobileSteamRuntime: 0.1 ms
  imageResourceLoader: 1.8 ms
  godotNodeFactories: 2.6 ms
  modTypeDiscoveryBuiltIns: 0.3 ms
  secondaryResourceLocalization: 4.1 ms
  secondaryResourceCloneBridge: 1.7 ms
  frameworkBuiltIns: 0.3 ms (inclusive 10.9 ms)
  registerPatches: 87.7 ms
  patchAll.Core(373): 2301.0 ms
  patchAll.SettingsUi(7): 36.9 ms
  patchAll.ContentAssets(110): 183.3 ms
  patchAll.CharacterAssets(47): 163.8 ms
  patchAll.ContentRegistry(24): 70.2 ms
  patchAll.Persistence(3): 5.2 ms
  patchAll.Unlocks(23): 63.8 ms
  patchAll: 2.0 ms (inclusive 2826.2 ms)
  modDataInterop: 3.2 ms
  runtimeServices: 6.3 ms
  modTypeDiscovery.runOnce: 199.6 ms
  flushDeferredContentPacks: 10.2 ms
  modelDb.validateCollisions: 1.5 ms
  modelDb.injectDynamicModels: 2.8 ms
  modelDb.warmResolvedCaches: 3.1 ms
  modelDb.validateBaseLibDynamicEnums: 1.5 ms
  modelDb.warmResolvedCaches: 0.0 ms
  ---
  RitsuLib exclusive self-time total: 3344.4 ms
[INFO] Preloading 'Common' assets... count=687 vfx=86
[INFO] [Startup] Resource stats (main menu loaded (complete)): StaticMem=0B, VRAM=718.1MB, Objects=8,657, Resources=679, Nodes=1,642, CachedAssets=5
[INFO] [com.ritsukage.sts2-RitsuLib] [Telemetry] Sent 1 event(s) for applicant 'com.ritsukage.sts2-RitsuLib'. Remaining queue size: 1.
[INFO] [com.ritsukage.sts2-RitsuLib] [Telemetry] Sending 1 queued event(s) for applicant 'com.ritsukage.sts2-RitsuLib' via http_json.
[INFO] [com.ritsukage.sts2-RitsuLib] [Telemetry] Sent 1 event(s) for applicant 'com.ritsukage.sts2-RitsuLib'. Remaining queue size: 0.
[INFO] [com.ritsukage.sts2-RitsuLib] [Telemetry] Flush skipped for 'com.ritsukage.sts2-RitsuLib': queue is empty.
[INFO] [com.ritsukage.sts2-RitsuLib] [Persistence] [runtime_reflection_spine_profile_auto] Using default values: File not found
[WARN] Asset not cached: res://scenes/screens/multiplayer_submenu.tscn
ERROR: Condition "!is_inside_tree()" is true. Returning: Rect2()
   at: get_viewport_rect (scene/main/canvas_item.cpp:1092)
   C# backtrace (most recent call first):
       [0] Godot.Rect2 Godot.CanvasItem.GetViewportRect()
       [1] void Sts2LanConnect.Scripts.LanConnectLobbyOverlay.ApplyResponsiveLayout()
       [2] void Sts2LanConnect.Scripts.LanConnectLobbyOverlay.BuildUi()
       [3] void Sts2LanConnect.Scripts.LanConnectLobbyOverlay.Initialize(MegaCrit.Sts2.Core.Nodes.Screens.MainMenu.NMultiplayerSubmenu, MegaCrit.Sts2.Core.Nodes.Screens.MainMenu.NSubmenuButton, MegaCrit.Sts2.Core.Nodes.Screens.MainMenu.NSubmenuStack, Godot.Control)
       [4] void Sts2LanConnect.Scripts.MultiplayerSubmenuPatches.EnsureLobbyEntry(MegaCrit.Sts2.Core.Nodes.Screens.MainMenu.NMultiplayerSubmenu)
       [5] void Sts2LanConnect.Scripts.MultiplayerSubmenuPatches.TryEnsureLobbyEntry(MegaCrit.Sts2.Core.Nodes.Screens.MainMenu.NMultiplayerSubmenu, string)
       [6] void Sts2LanConnect.Scripts.MultiplayerSubmenuPatches+<>c__DisplayClass4_0.<ScheduleEnsureLobbyEntry>b__3()
       [7] void Godot.Callable.<From>g__Trampoline|1_0(object, Godot.NativeInterop.NativeVariantPtrArgs, Godot.NativeInterop.godot_variant&)
       [8] void Godot.DelegateUtils.InvokeWithVariantArgs(nint, System.Void*, Godot.NativeInterop.godot_variant**, int, Godot.NativeInterop.godot_variant*)
sts2_lan_connect overlay: hide requested
[INFO] sts2_lan_connect injected lobby entry via ready_postfix; joinButton=/root/Game/RootSceneContainer/MainMenu/Submenus/MultiplayerSubmenu/ButtonContainer/JoinButton, parentType=Godot.HBoxContainer
[INFO] Preloading 'Common' Complete: assets=773 time_elapsed=5,008ms
sts2_lan_connect overlay: show requested
sts2_lan_connect overlay: action state -> refresh=False;action=False;hasRunSave=False;hasActiveRoom=False;hasLobbyEndpoint=True;rooms=0;selected=<none>;create=enabled;join=当前没有可加入的房间。
sts2_lan_connect lobby api: configured client source=override, baseUrl=http://103.39.66.147:8787, wsUrl=ws://103.39.66.147:8787/control, registryBaseUrl=http://47.111.146.69:18787, hasLobbyReadAccessToken=False, hasCreateRoomToken=True, matrix=compatibilityProfile=test_relaxed, connectionStrategy=relay-only, effectiveMaxPlayers=8, publishedProtocolProfile=extended_8p
sts2_lan_connect lobby api: GET http://103.39.66.147:8787/health via override (no-payload) config=source=override, baseUrl=http://103.39.66.147:8787, wsUrl=ws://103.39.66.147:8787/control, registryBaseUrl=http://47.111.146.69:18787, hasLobbyReadAccessToken=False, hasCreateRoomToken=True, matrix=compatibilityProfile=test_relaxed, connectionStrategy=relay-only, effectiveMaxPlayers=8, publishedProtocolProfile=extended_8p
sts2_lan_connect overlay: refresh started
sts2_lan_connect overlay: status -> 正在刷新大厅列表...
sts2_lan_connect overlay: action state -> refresh=True;action=False;hasRunSave=False;hasActiveRoom=False;hasLobbyEndpoint=True;rooms=0;selected=<none>;create=enabled;join=当前没有可加入的房间。
sts2_lan_connect lobby api: configured client source=override, baseUrl=http://103.39.66.147:8787, wsUrl=ws://103.39.66.147:8787/control, registryBaseUrl=http://47.111.146.69:18787, hasLobbyReadAccessToken=False, hasCreateRoomToken=True, matrix=compatibilityProfile=test_relaxed, connectionStrategy=relay-only, effectiveMaxPlayers=8, publishedProtocolProfile=extended_8p
sts2_lan_connect lobby api: GET http://103.39.66.147:8787/probe via override (probe) config=source=override, baseUrl=http://103.39.66.147:8787, wsUrl=ws://103.39.66.147:8787/control, registryBaseUrl=http://47.111.146.69:18787, hasLobbyReadAccessToken=False, hasCreateRoomToken=True, matrix=compatibilityProfile=test_relaxed, connectionStrategy=relay-only, effectiveMaxPlayers=8, publishedProtocolProfile=extended_8p
sts2_lan_connect lobby api: GET http://103.39.66.147:8787/announcements via override (no-payload) config=source=override, baseUrl=http://103.39.66.147:8787, wsUrl=ws://103.39.66.147:8787/control, registryBaseUrl=http://47.111.146.69:18787, hasLobbyReadAccessToken=False, hasCreateRoomToken=True, matrix=compatibilityProfile=test_relaxed, connectionStrategy=relay-only, effectiveMaxPlayers=8, publishedProtocolProfile=extended_8p
sts2_lan_connect lobby api: GET http://103.39.66.147:8787/rooms via override (no-payload) config=source=override, baseUrl=http://103.39.66.147:8787, wsUrl=ws://103.39.66.147:8787/control, registryBaseUrl=http://47.111.146.69:18787, hasLobbyReadAccessToken=False, hasCreateRoomToken=True, matrix=compatibilityProfile=test_relaxed, connectionStrategy=relay-only, effectiveMaxPlayers=8, publishedProtocolProfile=extended_8p
sts2_lan_connect lobby api: GET http://103.39.66.147:8787/health -> 200
sts2_lan_connect overlay: connectivity check passed, proceeding with refresh
sts2_lan_connect lobby api: GET http://103.39.66.147:8787/announcements -> 200
sts2_lan_connect lobby api: GET http://103.39.66.147:8787/probe -> 200 probeRttMs=91
sts2_lan_connect lobby api: GET http://103.39.66.147:8787/rooms -> 200
sts2_lan_connect overlay: announcements applied count=1
sts2_lan_connect overlay: refresh completed with 77 rooms, probeRttMs=91
sts2_lan_connect overlay: status -> 
sts2_lan_connect overlay: refresh finished
sts2_lan_connect overlay: action state -> refresh=False;action=False;hasRunSave=False;hasActiveRoom=False;hasLobbyEndpoint=True;rooms=77;selected=b16e3ae1-cbcf-456a-a8a9-cae687bb7e26;create=enabled;join=enabled
sts2_lan_connect overlay: inline button '>' pressed
sts2_lan_connect overlay: action state -> refresh=False;action=False;hasRunSave=False;hasActiveRoom=False;hasLobbyEndpoint=True;rooms=77;selected=f0ea8003-d814-483d-a021-88c4c2f7fbc8;create=enabled;join=enabled
sts2_lan_connect overlay: inline button '>' pressed
sts2_lan_connect overlay: action state -> refresh=False;action=False;hasRunSave=False;hasActiveRoom=False;hasLobbyEndpoint=True;rooms=77;selected=cb79e6d0-5f08-4c0b-84a6-f5bf64f480cb;create=enabled;join=该房间已经开始游戏。
sts2_lan_connect overlay: inline button '<' pressed
sts2_lan_connect overlay: action state -> refresh=False;action=False;hasRunSave=False;hasActiveRoom=False;hasLobbyEndpoint=True;rooms=77;selected=f0ea8003-d814-483d-a021-88c4c2f7fbc8;create=enabled;join=enabled
sts2_lan_connect overlay: inline button '<' pressed
sts2_lan_connect overlay: action state -> refresh=False;action=False;hasRunSave=False;hasActiveRoom=False;hasLobbyEndpoint=True;rooms=77;selected=b16e3ae1-cbcf-456a-a8a9-cae687bb7e26;create=enabled;join=enabled
sts2_lan_connect overlay: destructive toolbar icon button pressed
sts2_lan_connect overlay: hide requested
sts2_lan_connect overlay: show requested
sts2_lan_connect lobby api: configured client source=override, baseUrl=http://106.75.7.210:8787, wsUrl=ws://106.75.7.210:8787/control, registryBaseUrl=http://47.111.146.69:18787, hasLobbyReadAccessToken=False, hasCreateRoomToken=True, matrix=compatibilityProfile=test_relaxed, connectionStrategy=relay-only, effectiveMaxPlayers=8, publishedProtocolProfile=extended_8p
sts2_lan_connect lobby api: GET http://106.75.7.210:8787/health via override (no-payload) config=source=override, baseUrl=http://106.75.7.210:8787, wsUrl=ws://106.75.7.210:8787/control, registryBaseUrl=http://47.111.146.69:18787, hasLobbyReadAccessToken=False, hasCreateRoomToken=True, matrix=compatibilityProfile=test_relaxed, connectionStrategy=relay-only, effectiveMaxPlayers=8, publishedProtocolProfile=extended_8p
sts2_lan_connect lobby api: GET http://106.75.7.210:8787/health -> 200
sts2_lan_connect overlay: connectivity check passed, proceeding with refresh
sts2_lan_connect overlay: refresh started
sts2_lan_connect overlay: action state -> refresh=True;action=False;hasRunSave=False;hasActiveRoom=False;hasLobbyEndpoint=True;rooms=77;selected=b16e3ae1-cbcf-456a-a8a9-cae687bb7e26;create=enabled;join=enabled
sts2_lan_connect lobby api: configured client source=override, baseUrl=http://106.75.7.210:8787, wsUrl=ws://106.75.7.210:8787/control, registryBaseUrl=http://47.111.146.69:18787, hasLobbyReadAccessToken=False, hasCreateRoomToken=True, matrix=compatibilityProfile=test_relaxed, connectionStrategy=relay-only, effectiveMaxPlayers=8, publishedProtocolProfile=extended_8p
sts2_lan_connect lobby api: GET http://106.75.7.210:8787/probe via override (probe) config=source=override, baseUrl=http://106.75.7.210:8787, wsUrl=ws://106.75.7.210:8787/control, registryBaseUrl=http://47.111.146.69:18787, hasLobbyReadAccessToken=False, hasCreateRoomToken=True, matrix=compatibilityProfile=test_relaxed, connectionStrategy=relay-only, effectiveMaxPlayers=8, publishedProtocolProfile=extended_8p
sts2_lan_connect lobby api: GET http://106.75.7.210:8787/announcements via override (no-payload) config=source=override, baseUrl=http://106.75.7.210:8787, wsUrl=ws://106.75.7.210:8787/control, registryBaseUrl=http://47.111.146.69:18787, hasLobbyReadAccessToken=False, hasCreateRoomToken=True, matrix=compatibilityProfile=test_relaxed, connectionStrategy=relay-only, effectiveMaxPlayers=8, publishedProtocolProfile=extended_8p
sts2_lan_connect lobby api: GET http://106.75.7.210:8787/rooms via override (no-payload) config=source=override, baseUrl=http://106.75.7.210:8787, wsUrl=ws://106.75.7.210:8787/control, registryBaseUrl=http://47.111.146.69:18787, hasLobbyReadAccessToken=False, hasCreateRoomToken=True, matrix=compatibilityProfile=test_relaxed, connectionStrategy=relay-only, effectiveMaxPlayers=8, publishedProtocolProfile=extended_8p
sts2_lan_connect lobby api: GET http://106.75.7.210:8787/announcements -> 200
sts2_lan_connect lobby api: GET http://106.75.7.210:8787/probe -> 200 probeRttMs=79
sts2_lan_connect lobby api: GET http://106.75.7.210:8787/rooms -> 200
sts2_lan_connect overlay: announcements applied count=1
sts2_lan_connect overlay: refresh completed with 70 rooms, probeRttMs=79
sts2_lan_connect overlay: refresh finished
sts2_lan_connect overlay: action state -> refresh=False;action=False;hasRunSave=False;hasActiveRoom=False;hasLobbyEndpoint=True;rooms=70;selected=5b72d08b-a1bc-4feb-8d2b-46b8a9620e09;create=enabled;join=enabled
sts2_lan_connect overlay: inline button '>' pressed
sts2_lan_connect overlay: action state -> refresh=False;action=False;hasRunSave=False;hasActiveRoom=False;hasLobbyEndpoint=True;rooms=70;selected=f6f1315f-0811-4d13-93f8-b7ca1aacffc7;create=enabled;join=enabled
sts2_lan_connect overlay: inline button '>' pressed
sts2_lan_connect overlay: action state -> refresh=False;action=False;hasRunSave=False;hasActiveRoom=False;hasLobbyEndpoint=True;rooms=70;selected=11f25e38-8cf9-4f12-a5fb-187e432e0130;create=enabled;join=enabled
sts2_lan_connect overlay: inline button '<' pressed
sts2_lan_connect overlay: action state -> refresh=False;action=False;hasRunSave=False;hasActiveRoom=False;hasLobbyEndpoint=True;rooms=70;selected=f6f1315f-0811-4d13-93f8-b7ca1aacffc7;create=enabled;join=enabled
sts2_lan_connect overlay: selected room roomId=fe4db728-575f-47b5-af62-5731d70cdc82, roomName='我蠕动'
sts2_lan_connect overlay: action state -> refresh=False;action=False;hasRunSave=False;hasActiveRoom=False;hasLobbyEndpoint=True;rooms=70;selected=fe4db728-575f-47b5-af62-5731d70cdc82;create=enabled;join=enabled
sts2_lan_connect overlay: action button 'JOIN' pressed
sts2_lan_connect overlay: join requested roomId=fe4db728-575f-47b5-af62-5731d70cdc82, roomName='我蠕动', requiresPassword=False, desiredSavePlayerNetId=<none>, roomCompatibility=roomId=fe4db728-575f-47b5-af62-5731d70cdc82, maxPlayers=8, roomProtocol=extended_8p, expectedProtocol=extended_8p, protocolAligned=True, relayState=ready, version=v0.103.3, modVersion=0.4.0, matrix=compatibilityProfile=test_relaxed, connectionStrategy=relay-only, effectiveMaxPlayers=8, publishedProtocolProfile=extended_8p
sts2_lan_connect overlay: action state -> refresh=False;action=True;hasRunSave=False;hasActiveRoom=False;hasLobbyEndpoint=True;rooms=70;selected=fe4db728-575f-47b5-af62-5731d70cdc82;create=当前已有房间操作在进行。;join=当前已有房间操作在进行。
sts2_lan_connect overlay: status -> 正在请求加入 我蠕动...
sts2_lan_connect overlay: progress dialog shown -> 正在加入房间 | 正在向大厅申请进入 我蠕动
sts2_lan_connect lobby api: configured client source=override, baseUrl=http://106.75.7.210:8787, wsUrl=ws://106.75.7.210:8787/control, registryBaseUrl=http://47.111.146.69:18787, hasLobbyReadAccessToken=False, hasCreateRoomToken=True, matrix=compatibilityProfile=test_relaxed, connectionStrategy=relay-only, effectiveMaxPlayers=8, publishedProtocolProfile=extended_8p
sts2_lan_connect lobby api: POST http://106.75.7.210:8787/rooms/fe4db728-575f-47b5-af62-5731d70cdc82/join via override (join player='自由由由丶', passwordSet=False, desiredSavePlayerNetId=<none>) config=source=override, baseUrl=http://106.75.7.210:8787, wsUrl=ws://106.75.7.210:8787/control, registryBaseUrl=http://47.111.146.69:18787, hasLobbyReadAccessToken=False, hasCreateRoomToken=True, matrix=compatibilityProfile=test_relaxed, connectionStrategy=relay-only, effectiveMaxPlayers=8, publishedProtocolProfile=extended_8p
sts2_lan_connect lobby api: POST http://106.75.7.210:8787/rooms/fe4db728-575f-47b5-af62-5731d70cdc82/join -> 200
sts2_lan_connect overlay: progress dialog updated -> 正在建立联机连接 | 大厅已响应，正在连接 我蠕动
[INFO] sts2_lan_connect join_flow: no saved-run slot selected for room fe4db728-575f-47b5-af62-5731d70cdc82; falling back to random netId=7809998716293597462
[INFO] sts2_lan_connect join_flow: policy=compatibilityProfile=test_relaxed, connectionStrategy=relay-only, effectiveMaxPlayers=8, publishedProtocolProfile=extended_8p roomCompatibility=roomId=fe4db728-575f-47b5-af62-5731d70cdc82, maxPlayers=8, roomProtocol=extended_8p, expectedProtocol=extended_8p, protocolAligned=True, relayState=ready, version=v0.103.3, modVersion=0.4.0 strategy=direct-first directCandidates=2 relayAllowed=True
sts2_lan_connect overlay: progress dialog updated -> 正在建立联机连接 | 正在通过公网候选地址连接房主 (1/3)
[INFO] sts2_lan_connect attempting lobby join via 39.144.59.42:33771 (public) using netId=7809998716293597462.
[INFO] [LanConnectManagedJoinFlow] Beginning managed join with initializer MegaCrit.Sts2.Core.Multiplayer.Connection.ENetClientConnectionInitializer relaxedCompatibility=True
[INFO] Limiting background FPS to 30
[ERROR] [ENetClient] Connection timed out!
   at System.Threading.ExecutionContext.RunInternal(ExecutionContext executionContext, ContextCallback callback, Object state)
   at System.Runtime.CompilerServices.AsyncTaskMethodBuilder`1.AsyncStateMachineBox`1.MoveNext(Thread threadPoolThread)
   at Godot.GodotSynchronizationContext.ExecutePendingContinuations()
   at Godot.Bridge.ScriptManagerBridge.FrameCallback()

[INFO] [LanConnectManagedJoinFlow] Connection failed before handshake: DisconnectionReason Timeout False
[WARN] sts2_lan_connect lobby join candidate 39.144.59.42:33771 failed: DisconnectionReason Timeout False
sts2_lan_connect lobby api: configured client source=override, baseUrl=http://106.75.7.210:8787, wsUrl=ws://106.75.7.210:8787/control, registryBaseUrl=http://47.111.146.69:18787, hasLobbyReadAccessToken=False, hasCreateRoomToken=True, matrix=compatibilityProfile=test_relaxed, connectionStrategy=relay-only, effectiveMaxPlayers=8, publishedProtocolProfile=extended_8p
sts2_lan_connect lobby api: POST http://106.75.7.210:8787/rooms/fe4db728-575f-47b5-af62-5731d70cdc82/connection-events via override (connection-event phase=direct_timeout, candidate=public, endpoint=39.144.59.42:33771) config=source=override, baseUrl=http://106.75.7.210:8787, wsUrl=ws://106.75.7.210:8787/control, registryBaseUrl=http://47.111.146.69:18787, hasLobbyReadAccessToken=False, hasCreateRoomToken=True, matrix=compatibilityProfile=test_relaxed, connectionStrategy=relay-only, effectiveMaxPlayers=8, publishedProtocolProfile=extended_8p
sts2_lan_connect overlay: progress dialog updated -> 正在建立联机连接 | 当前连接未成功，正在尝试下一个地址 (2/3)
sts2_lan_connect overlay: progress dialog updated -> 正在建立联机连接 | 正在通过中继候选地址连接房主 (2/3)
[INFO] sts2_lan_connect attempting lobby join via 106.75.7.210:39045 (relay) using netId=7809998716293597462.
[INFO] [LanConnectManagedJoinFlow] Beginning managed join with initializer MegaCrit.Sts2.Core.Multiplayer.Connection.ENetClientConnectionInitializer relaxedCompatibility=True
sts2_lan_connect lobby api: POST http://106.75.7.210:8787/rooms/fe4db728-575f-47b5-af62-5731d70cdc82/connection-events -> 202
[INFO] [ENetClient] Sending handshake with net ID 7809998716293597462
[INFO] [LanConnectManagedJoinFlow] Initializer connection completed, awaiting initial game info message.
[INFO] [NetMessageBus] Received message MegaCrit.Sts2.Core.Multiplayer.Messages.Lobby.InitialGameInfoMessage, sending to 1 handlers
[WARN] [LanConnectManagedJoinFlow] Ignoring mod list mismatch because relaxed profile is enabled. MissingOnLocal=TheQueen-1.1 MissingOnHost=TheQueen-1.1.1
[WARN] [LanConnectManagedJoinFlow] Ignoring ModelDb hash mismatch because relaxed profile is enabled. Host=1353269978 Local=3427307096
[INFO] [LanConnectManagedJoinFlow] Got initial game info message. Version=v0.103.3 Hash=1353269978 Mode=Standard State=InLobby
[INFO] [LanConnectManagedJoinFlow] Sending ClientLobbyJoinRequestMessage and waiting for response.
[INFO] [NetMessageBus] Received message ClientLobbyJoinResponseMessage Players: 2 Ascension: 10, sending to 1 handlers
[INFO] [LanConnectManagedJoinFlow] Received ClientLobbyJoinResponseMessage: ClientLobbyJoinResponseMessage Players: 2 Ascension: 10
sts2_lan_connect lobby api: configured client source=override, baseUrl=http://106.75.7.210:8787, wsUrl=ws://106.75.7.210:8787/control, registryBaseUrl=http://47.111.146.69:18787, hasLobbyReadAccessToken=False, hasCreateRoomToken=True, matrix=compatibilityProfile=test_relaxed, connectionStrategy=relay-only, effectiveMaxPlayers=8, publishedProtocolProfile=extended_8p
sts2_lan_connect lobby api: POST http://106.75.7.210:8787/rooms/fe4db728-575f-47b5-af62-5731d70cdc82/connection-events via override (connection-event phase=relay_success, candidate=relay, endpoint=106.75.7.210:39045) config=source=override, baseUrl=http://106.75.7.210:8787, wsUrl=ws://106.75.7.210:8787/control, registryBaseUrl=http://47.111.146.69:18787, hasLobbyReadAccessToken=False, hasCreateRoomToken=True, matrix=compatibilityProfile=test_relaxed, connectionStrategy=relay-only, effectiveMaxPlayers=8, publishedProtocolProfile=extended_8p
sts2_lan_connect overlay: progress dialog updated -> 正在建立联机连接 | 连接成功，正在进入联机界面
[INFO] [com.ritsukage.sts2-RitsuLib] [Sidecar] Session bound epoch=1, netType=Client, netId=7809998716293597462
[INFO] Max ascension changed to 0
[INFO] Max ascension changed to 10
[WARN] Asset not cached: res://scenes/ui/remote_lobby_player.tscn
[INFO] sts2_lan_connect remote_lobby_player: registered source=ready_postfix netId=1
[INFO] sts2_lan_connect remote_lobby_player: registered source=ready_postfix netId=7809998716293597462
sts2_lan_connect lobby api: configured client source=override, baseUrl=http://106.75.7.210:8787, wsUrl=ws://106.75.7.210:8787/control, registryBaseUrl=http://47.111.146.69:18787, hasLobbyReadAccessToken=False, hasCreateRoomToken=True, matrix=compatibilityProfile=test_relaxed, connectionStrategy=relay-only, effectiveMaxPlayers=8, publishedProtocolProfile=extended_8p
sts2_lan_connect lobby runtime: connecting client control channel roomId=fe4db728-575f-47b5-af62-5731d70cdc82
sts2_lan_connect overlay: progress dialog updated -> 正在进入房间 | 已连接 我蠕动，正在切换到联机界面
sts2_lan_connect overlay: status -> 已加入 我蠕动。
sts2_lan_connect overlay: hide requested
sts2_lan_connect overlay: action state -> refresh=False;action=False;hasRunSave=False;hasActiveRoom=False;hasLobbyEndpoint=True;rooms=70;selected=fe4db728-575f-47b5-af62-5731d70cdc82;create=enabled;join=当前选中的是你自己托管的房间。
[INFO] [com.ritsukage.sts2-RitsuLib] [Sidecar] Peer reachability changed peer=1, Unknown->Supported, reason=route:native_trailer, epoch=1
sts2_lan_connect lobby api: POST http://106.75.7.210:8787/rooms/fe4db728-575f-47b5-af62-5731d70cdc82/connection-events -> 202
sts2_lan_connect lobby runtime: client control channel connected roomId=fe4db728-575f-47b5-af62-5731d70cdc82
[INFO] Restored foreground FPS
[INFO] Limiting background FPS to 30
[DEBUG] [NetQualityTracker] Connection statistics at 14:08:07:
[DEBUG] [NetQualityTracker] 	1 - Ping: 143.0938. Packet Loss: 0.
[WARN] Asset not cached: res://scenes/ui/multiplayer/remote_mouse_cursor.tscn
[DEBUG] [NetQualityTracker] Connection statistics at 14:08:27:
[DEBUG] [NetQualityTracker] 	1 - Ping: 136.13992. Packet Loss: 0.
[DEBUG] [NetQualityTracker] Connection statistics at 14:08:47:
[DEBUG] [NetQualityTracker] 	1 - Ping: 137.55386. Packet Loss: 0.
[DEBUG] [ENetClient] Received disconnection packet with reason: Quit
[INFO] [StartRunLobby] Disconnected from host, reason: Quit
[INFO] [StartRunLobby] Disconnected from host, reason: Quit
[INFO] Restored foreground FPS
ERROR: System.InvalidOperationException: The type is not supported for conversion to/from Variant: 'System.Object'
   at Godot.NativeInterop.VariantUtils.GenericConversion`1.ToVariant(T& from)
   at Godot.Callable.<From>g__Trampoline|11_0[TResult](Object delegateObj, NativeVariantPtrArgs args, godot_variant& ret)
   at Godot.DelegateUtils.InvokeWithVariantArgs(IntPtr delegateGCHandle, Void* trampoline, godot_variant** args, Int32 argc, godot_variant* outRet)
   at: void Godot.NativeInterop.ExceptionUtils.LogException(System.Exception) (:0)
   C# backtrace (most recent call first):
       [0] void Godot.GD.PushError(string)
       [1] void Godot.NativeInterop.ExceptionUtils.LogException(System.Exception)
       [2] void Godot.DelegateUtils.InvokeWithVariantArgs(nint, System.Void*, Godot.NativeInterop.godot_variant**, int, Godot.NativeInterop.godot_variant*)
[WARN] Asset not cached: res://scenes/relics/relic_basic_holder.tscn
[INFO] [HextechRunes][RuneConfig] Saved player rune config: disabled=0
sts2_lan_connect overlay: show requested
sts2_lan_connect overlay: action state -> refresh=False;action=False;hasRunSave=False;hasActiveRoom=False;hasLobbyEndpoint=True;rooms=70;selected=fe4db728-575f-47b5-af62-5731d70cdc82;create=enabled;join=enabled
sts2_lan_connect lobby api: configured client source=override, baseUrl=http://106.75.7.210:8787, wsUrl=ws://106.75.7.210:8787/control, registryBaseUrl=http://47.111.146.69:18787, hasLobbyReadAccessToken=False, hasCreateRoomToken=True, matrix=compatibilityProfile=test_relaxed, connectionStrategy=relay-only, effectiveMaxPlayers=8, publishedProtocolProfile=extended_8p
sts2_lan_connect lobby api: GET http://106.75.7.210:8787/health via override (no-payload) config=source=override, baseUrl=http://106.75.7.210:8787, wsUrl=ws://106.75.7.210:8787/control, registryBaseUrl=http://47.111.146.69:18787, hasLobbyReadAccessToken=False, hasCreateRoomToken=True, matrix=compatibilityProfile=test_relaxed, connectionStrategy=relay-only, effectiveMaxPlayers=8, publishedProtocolProfile=extended_8p
sts2_lan_connect overlay: refresh started
sts2_lan_connect overlay: action state -> refresh=True;action=False;hasRunSave=False;hasActiveRoom=False;hasLobbyEndpoint=True;rooms=70;selected=fe4db728-575f-47b5-af62-5731d70cdc82;create=enabled;join=enabled
sts2_lan_connect lobby api: configured client source=override, baseUrl=http://106.75.7.210:8787, wsUrl=ws://106.75.7.210:8787/control, registryBaseUrl=http://47.111.146.69:18787, hasLobbyReadAccessToken=False, hasCreateRoomToken=True, matrix=compatibilityProfile=test_relaxed, connectionStrategy=relay-only, effectiveMaxPlayers=8, publishedProtocolProfile=extended_8p
sts2_lan_connect lobby api: GET http://106.75.7.210:8787/probe via override (probe) config=source=override, baseUrl=http://106.75.7.210:8787, wsUrl=ws://106.75.7.210:8787/control, registryBaseUrl=http://47.111.146.69:18787, hasLobbyReadAccessToken=False, hasCreateRoomToken=True, matrix=compatibilityProfile=test_relaxed, connectionStrategy=relay-only, effectiveMaxPlayers=8, publishedProtocolProfile=extended_8p
sts2_lan_connect lobby api: GET http://106.75.7.210:8787/announcements via override (no-payload) config=source=override, baseUrl=http://106.75.7.210:8787, wsUrl=ws://106.75.7.210:8787/control, registryBaseUrl=http://47.111.146.69:18787, hasLobbyReadAccessToken=False, hasCreateRoomToken=True, matrix=compatibilityProfile=test_relaxed, connectionStrategy=relay-only, effectiveMaxPlayers=8, publishedProtocolProfile=extended_8p
sts2_lan_connect lobby api: GET http://106.75.7.210:8787/rooms via override (no-payload) config=source=override, baseUrl=http://106.75.7.210:8787, wsUrl=ws://106.75.7.210:8787/control, registryBaseUrl=http://47.111.146.69:18787, hasLobbyReadAccessToken=False, hasCreateRoomToken=True, matrix=compatibilityProfile=test_relaxed, connectionStrategy=relay-only, effectiveMaxPlayers=8, publishedProtocolProfile=extended_8p
sts2_lan_connect lobby api: GET http://106.75.7.210:8787/announcements -> 200
sts2_lan_connect lobby api: GET http://106.75.7.210:8787/health -> 200
sts2_lan_connect overlay: connectivity check passed, proceeding with refresh
sts2_lan_connect lobby api: GET http://106.75.7.210:8787/probe -> 200 probeRttMs=83
sts2_lan_connect lobby api: GET http://106.75.7.210:8787/rooms -> 200
sts2_lan_connect overlay: announcements applied count=1
sts2_lan_connect overlay: refresh completed with 76 rooms, probeRttMs=83
sts2_lan_connect overlay: status -> 
sts2_lan_connect overlay: refresh finished
sts2_lan_connect overlay: action state -> refresh=False;action=False;hasRunSave=False;hasActiveRoom=False;hasLobbyEndpoint=True;rooms=76;selected=054d1490-a4b8-489f-98ba-d49bbae615d7;create=enabled;join=enabled
[INFO] Limiting background FPS to 30
sts2_lan_connect overlay: refresh started
sts2_lan_connect overlay: action state -> refresh=True;action=False;hasRunSave=False;hasActiveRoom=False;hasLobbyEndpoint=True;rooms=76;selected=054d1490-a4b8-489f-98ba-d49bbae615d7;create=enabled;join=enabled
sts2_lan_connect lobby api: configured client source=override, baseUrl=http://106.75.7.210:8787, wsUrl=ws://106.75.7.210:8787/control, registryBaseUrl=http://47.111.146.69:18787, hasLobbyReadAccessToken=False, hasCreateRoomToken=True, matrix=compatibilityProfile=test_relaxed, connectionStrategy=relay-only, effectiveMaxPlayers=8, publishedProtocolProfile=extended_8p
sts2_lan_connect lobby api: GET http://106.75.7.210:8787/probe via override (probe) config=source=override, baseUrl=http://106.75.7.210:8787, wsUrl=ws://106.75.7.210:8787/control, registryBaseUrl=http://47.111.146.69:18787, hasLobbyReadAccessToken=False, hasCreateRoomToken=True, matrix=compatibilityProfile=test_relaxed, connectionStrategy=relay-only, effectiveMaxPlayers=8, publishedProtocolProfile=extended_8p
sts2_lan_connect lobby api: GET http://106.75.7.210:8787/announcements via override (no-payload) config=source=override, baseUrl=http://106.75.7.210:8787, wsUrl=ws://106.75.7.210:8787/control, registryBaseUrl=http://47.111.146.69:18787, hasLobbyReadAccessToken=False, hasCreateRoomToken=True, matrix=compatibilityProfile=test_relaxed, connectionStrategy=relay-only, effectiveMaxPlayers=8, publishedProtocolProfile=extended_8p
sts2_lan_connect lobby api: GET http://106.75.7.210:8787/rooms via override (no-payload) config=source=override, baseUrl=http://106.75.7.210:8787, wsUrl=ws://106.75.7.210:8787/control, registryBaseUrl=http://47.111.146.69:18787, hasLobbyReadAccessToken=False, hasCreateRoomToken=True, matrix=compatibilityProfile=test_relaxed, connectionStrategy=relay-only, effectiveMaxPlayers=8, publishedProtocolProfile=extended_8p
sts2_lan_connect lobby api: GET http://106.75.7.210:8787/probe -> 200 probeRttMs=100
sts2_lan_connect lobby api: GET http://106.75.7.210:8787/announcements -> 200
sts2_lan_connect lobby api: GET http://106.75.7.210:8787/rooms -> 200
sts2_lan_connect overlay: announcements applied count=1
sts2_lan_connect overlay: refresh completed with 76 rooms, probeRttMs=100
sts2_lan_connect overlay: refresh finished
sts2_lan_connect overlay: action state -> refresh=False;action=False;hasRunSave=False;hasActiveRoom=False;hasLobbyEndpoint=True;rooms=76;selected=054d1490-a4b8-489f-98ba-d49bbae615d7;create=enabled;join=enabled
sts2_lan_connect overlay: refresh started
sts2_lan_connect overlay: action state -> refresh=True;action=False;hasRunSave=False;hasActiveRoom=False;hasLobbyEndpoint=True;rooms=76;selected=054d1490-a4b8-489f-98ba-d49bbae615d7;create=enabled;join=enabled
sts2_lan_connect lobby api: configured client source=override, baseUrl=http://106.75.7.210:8787, wsUrl=ws://106.75.7.210:8787/control, registryBaseUrl=http://47.111.146.69:18787, hasLobbyReadAccessToken=False, hasCreateRoomToken=True, matrix=compatibilityProfile=test_relaxed, connectionStrategy=relay-only, effectiveMaxPlayers=8, publishedProtocolProfile=extended_8p
sts2_lan_connect lobby api: GET http://106.75.7.210:8787/probe via override (probe) config=source=override, baseUrl=http://106.75.7.210:8787, wsUrl=ws://106.75.7.210:8787/control, registryBaseUrl=http://47.111.146.69:18787, hasLobbyReadAccessToken=False, hasCreateRoomToken=True, matrix=compatibilityProfile=test_relaxed, connectionStrategy=relay-only, effectiveMaxPlayers=8, publishedProtocolProfile=extended_8p
sts2_lan_connect lobby api: GET http://106.75.7.210:8787/announcements via override (no-payload) config=source=override, baseUrl=http://106.75.7.210:8787, wsUrl=ws://106.75.7.210:8787/control, registryBaseUrl=http://47.111.146.69:18787, hasLobbyReadAccessToken=False, hasCreateRoomToken=True, matrix=compatibilityProfile=test_relaxed, connectionStrategy=relay-only, effectiveMaxPlayers=8, publishedProtocolProfile=extended_8p
sts2_lan_connect lobby api: GET http://106.75.7.210:8787/rooms via override (no-payload) config=source=override, baseUrl=http://106.75.7.210:8787, wsUrl=ws://106.75.7.210:8787/control, registryBaseUrl=http://47.111.146.69:18787, hasLobbyReadAccessToken=False, hasCreateRoomToken=True, matrix=compatibilityProfile=test_relaxed, connectionStrategy=relay-only, effectiveMaxPlayers=8, publishedProtocolProfile=extended_8p
sts2_lan_connect lobby api: GET http://106.75.7.210:8787/probe -> 200 probeRttMs=133
sts2_lan_connect lobby api: GET http://106.75.7.210:8787/announcements -> 200
sts2_lan_connect lobby api: GET http://106.75.7.210:8787/rooms -> 200
sts2_lan_connect overlay: announcements applied count=1
sts2_lan_connect overlay: refresh completed with 77 rooms, probeRttMs=133
sts2_lan_connect overlay: refresh finished
sts2_lan_connect overlay: action state -> refresh=False;action=False;hasRunSave=False;hasActiveRoom=False;hasLobbyEndpoint=True;rooms=77;selected=054d1490-a4b8-489f-98ba-d49bbae615d7;create=enabled;join=enabled
sts2_lan_connect overlay: refresh started
sts2_lan_connect overlay: action state -> refresh=True;action=False;hasRunSave=False;hasActiveRoom=False;hasLobbyEndpoint=True;rooms=77;selected=054d1490-a4b8-489f-98ba-d49bbae615d7;create=enabled;join=enabled
sts2_lan_connect lobby api: configured client source=override, baseUrl=http://106.75.7.210:8787, wsUrl=ws://106.75.7.210:8787/control, registryBaseUrl=http://47.111.146.69:18787, hasLobbyReadAccessToken=False, hasCreateRoomToken=True, matrix=compatibilityProfile=test_relaxed, connectionStrategy=relay-only, effectiveMaxPlayers=8, publishedProtocolProfile=extended_8p
sts2_lan_connect lobby api: GET http://106.75.7.210:8787/probe via override (probe) config=source=override, baseUrl=http://106.75.7.210:8787, wsUrl=ws://106.75.7.210:8787/control, registryBaseUrl=http://47.111.146.69:18787, hasLobbyReadAccessToken=False, hasCreateRoomToken=True, matrix=compatibilityProfile=test_relaxed, connectionStrategy=relay-only, effectiveMaxPlayers=8, publishedProtocolProfile=extended_8p
sts2_lan_connect lobby api: GET http://106.75.7.210:8787/announcements via override (no-payload) config=source=override, baseUrl=http://106.75.7.210:8787, wsUrl=ws://106.75.7.210:8787/control, registryBaseUrl=http://47.111.146.69:18787, hasLobbyReadAccessToken=False, hasCreateRoomToken=True, matrix=compatibilityProfile=test_relaxed, connectionStrategy=relay-only, effectiveMaxPlayers=8, publishedProtocolProfile=extended_8p
sts2_lan_connect lobby api: GET http://106.75.7.210:8787/rooms via override (no-payload) config=source=override, baseUrl=http://106.75.7.210:8787, wsUrl=ws://106.75.7.210:8787/control, registryBaseUrl=http://47.111.146.69:18787, hasLobbyReadAccessToken=False, hasCreateRoomToken=True, matrix=compatibilityProfile=test_relaxed, connectionStrategy=relay-only, effectiveMaxPlayers=8, publishedProtocolProfile=extended_8p
sts2_lan_connect lobby api: GET http://106.75.7.210:8787/probe -> 200 probeRttMs=100
sts2_lan_connect lobby api: GET http://106.75.7.210:8787/announcements -> 200
sts2_lan_connect lobby api: GET http://106.75.7.210:8787/rooms -> 200
sts2_lan_connect overlay: announcements applied count=1
sts2_lan_connect overlay: refresh completed with 77 rooms, probeRttMs=100
sts2_lan_connect overlay: refresh finished
sts2_lan_connect overlay: action state -> refresh=False;action=False;hasRunSave=False;hasActiveRoom=False;hasLobbyEndpoint=True;rooms=77;selected=054d1490-a4b8-489f-98ba-d49bbae615d7;create=enabled;join=enabled
sts2_lan_connect overlay: refresh started
sts2_lan_connect overlay: action state -> refresh=True;action=False;hasRunSave=False;hasActiveRoom=False;hasLobbyEndpoint=True;rooms=77;selected=054d1490-a4b8-489f-98ba-d49bbae615d7;create=enabled;join=enabled
sts2_lan_connect lobby api: configured client source=override, baseUrl=http://106.75.7.210:8787, wsUrl=ws://106.75.7.210:8787/control, registryBaseUrl=http://47.111.146.69:18787, hasLobbyReadAccessToken=False, hasCreateRoomToken=True, matrix=compatibilityProfile=test_relaxed, connectionStrategy=relay-only, effectiveMaxPlayers=8, publishedProtocolProfile=extended_8p
sts2_lan_connect lobby api: GET http://106.75.7.210:8787/probe via override (probe) config=source=override, baseUrl=http://106.75.7.210:8787, wsUrl=ws://106.75.7.210:8787/control, registryBaseUrl=http://47.111.146.69:18787, hasLobbyReadAccessToken=False, hasCreateRoomToken=True, matrix=compatibilityProfile=test_relaxed, connectionStrategy=relay-only, effectiveMaxPlayers=8, publishedProtocolProfile=extended_8p
sts2_lan_connect lobby api: GET http://106.75.7.210:8787/announcements via override (no-payload) config=source=override, baseUrl=http://106.75.7.210:8787, wsUrl=ws://106.75.7.210:8787/control, registryBaseUrl=http://47.111.146.69:18787, hasLobbyReadAccessToken=False, hasCreateRoomToken=True, matrix=compatibilityProfile=test_relaxed, connectionStrategy=relay-only, effectiveMaxPlayers=8, publishedProtocolProfile=extended_8p
sts2_lan_connect lobby api: GET http://106.75.7.210:8787/rooms via override (no-payload) config=source=override, baseUrl=http://106.75.7.210:8787, wsUrl=ws://106.75.7.210:8787/control, registryBaseUrl=http://47.111.146.69:18787, hasLobbyReadAccessToken=False, hasCreateRoomToken=True, matrix=compatibilityProfile=test_relaxed, connectionStrategy=relay-only, effectiveMaxPlayers=8, publishedProtocolProfile=extended_8p
sts2_lan_connect lobby api: GET http://106.75.7.210:8787/probe -> 200 probeRttMs=95
sts2_lan_connect lobby api: GET http://106.75.7.210:8787/announcements -> 200
sts2_lan_connect lobby api: GET http://106.75.7.210:8787/rooms -> 200
sts2_lan_connect overlay: announcements applied count=1
sts2_lan_connect overlay: refresh completed with 77 rooms, probeRttMs=95
sts2_lan_connect overlay: refresh finished
sts2_lan_connect overlay: action state -> refresh=False;action=False;hasRunSave=False;hasActiveRoom=False;hasLobbyEndpoint=True;rooms=77;selected=054d1490-a4b8-489f-98ba-d49bbae615d7;create=enabled;join=enabled
sts2_lan_connect overlay: refresh started
sts2_lan_connect overlay: action state -> refresh=True;action=False;hasRunSave=False;hasActiveRoom=False;hasLobbyEndpoint=True;rooms=77;selected=054d1490-a4b8-489f-98ba-d49bbae615d7;create=enabled;join=enabled
sts2_lan_connect lobby api: configured client source=override, baseUrl=http://106.75.7.210:8787, wsUrl=ws://106.75.7.210:8787/control, registryBaseUrl=http://47.111.146.69:18787, hasLobbyReadAccessToken=False, hasCreateRoomToken=True, matrix=compatibilityProfile=test_relaxed, connectionStrategy=relay-only, effectiveMaxPlayers=8, publishedProtocolProfile=extended_8p
sts2_lan_connect lobby api: GET http://106.75.7.210:8787/probe via override (probe) config=source=override, baseUrl=http://106.75.7.210:8787, wsUrl=ws://106.75.7.210:8787/control, registryBaseUrl=http://47.111.146.69:18787, hasLobbyReadAccessToken=False, hasCreateRoomToken=True, matrix=compatibilityProfile=test_relaxed, connectionStrategy=relay-only, effectiveMaxPlayers=8, publishedProtocolProfile=extended_8p
sts2_lan_connect lobby api: GET http://106.75.7.210:8787/announcements via override (no-payload) config=source=override, baseUrl=http://106.75.7.210:8787, wsUrl=ws://106.75.7.210:8787/control, registryBaseUrl=http://47.111.146.69:18787, hasLobbyReadAccessToken=False, hasCreateRoomToken=True, matrix=compatibilityProfile=test_relaxed, connectionStrategy=relay-only, effectiveMaxPlayers=8, publishedProtocolProfile=extended_8p
sts2_lan_connect lobby api: GET http://106.75.7.210:8787/rooms via override (no-payload) config=source=override, baseUrl=http://106.75.7.210:8787, wsUrl=ws://106.75.7.210:8787/control, registryBaseUrl=http://47.111.146.69:18787, hasLobbyReadAccessToken=False, hasCreateRoomToken=True, matrix=compatibilityProfile=test_relaxed, connectionStrategy=relay-only, effectiveMaxPlayers=8, publishedProtocolProfile=extended_8p
sts2_lan_connect lobby api: GET http://106.75.7.210:8787/announcements -> 200
sts2_lan_connect lobby api: GET http://106.75.7.210:8787/probe -> 200 probeRttMs=103
sts2_lan_connect lobby api: GET http://106.75.7.210:8787/rooms -> 200
sts2_lan_connect overlay: announcements applied count=1
sts2_lan_connect overlay: refresh completed with 77 rooms, probeRttMs=103
sts2_lan_connect overlay: refresh finished
sts2_lan_connect overlay: action state -> refresh=False;action=False;hasRunSave=False;hasActiveRoom=False;hasLobbyEndpoint=True;rooms=77;selected=054d1490-a4b8-489f-98ba-d49bbae615d7;create=enabled;join=enabled
sts2_lan_connect overlay: refresh started
sts2_lan_connect overlay: action state -> refresh=True;action=False;hasRunSave=False;hasActiveRoom=False;hasLobbyEndpoint=True;rooms=77;selected=054d1490-a4b8-489f-98ba-d49bbae615d7;create=enabled;join=enabled
sts2_lan_connect lobby api: configured client source=override, baseUrl=http://106.75.7.210:8787, wsUrl=ws://106.75.7.210:8787/control, registryBaseUrl=http://47.111.146.69:18787, hasLobbyReadAccessToken=False, hasCreateRoomToken=True, matrix=compatibilityProfile=test_relaxed, connectionStrategy=relay-only, effectiveMaxPlayers=8, publishedProtocolProfile=extended_8p
sts2_lan_connect lobby api: GET http://106.75.7.210:8787/probe via override (probe) config=source=override, baseUrl=http://106.75.7.210:8787, wsUrl=ws://106.75.7.210:8787/control, registryBaseUrl=http://47.111.146.69:18787, hasLobbyReadAccessToken=False, hasCreateRoomToken=True, matrix=compatibilityProfile=test_relaxed, connectionStrategy=relay-only, effectiveMaxPlayers=8, publishedProtocolProfile=extended_8p
sts2_lan_connect lobby api: GET http://106.75.7.210:8787/announcements via override (no-payload) config=source=override, baseUrl=http://106.75.7.210:8787, wsUrl=ws://106.75.7.210:8787/control, registryBaseUrl=http://47.111.146.69:18787, hasLobbyReadAccessToken=False, hasCreateRoomToken=True, matrix=compatibilityProfile=test_relaxed, connectionStrategy=relay-only, effectiveMaxPlayers=8, publishedProtocolProfile=extended_8p
sts2_lan_connect lobby api: GET http://106.75.7.210:8787/rooms via override (no-payload) config=source=override, baseUrl=http://106.75.7.210:8787, wsUrl=ws://106.75.7.210:8787/control, registryBaseUrl=http://47.111.146.69:18787, hasLobbyReadAccessToken=False, hasCreateRoomToken=True, matrix=compatibilityProfile=test_relaxed, connectionStrategy=relay-only, effectiveMaxPlayers=8, publishedProtocolProfile=extended_8p
sts2_lan_connect lobby api: GET http://106.75.7.210:8787/announcements -> 200
sts2_lan_connect lobby api: GET http://106.75.7.210:8787/probe -> 200 probeRttMs=100
sts2_lan_connect lobby api: GET http://106.75.7.210:8787/rooms -> 200
sts2_lan_connect overlay: announcements applied count=1
sts2_lan_connect overlay: refresh completed with 77 rooms, probeRttMs=100
sts2_lan_connect overlay: refresh finished
sts2_lan_connect overlay: action state -> refresh=False;action=False;hasRunSave=False;hasActiveRoom=False;hasLobbyEndpoint=True;rooms=77;selected=054d1490-a4b8-489f-98ba-d49bbae615d7;create=enabled;join=enabled
sts2_lan_connect overlay: refresh started
sts2_lan_connect overlay: action state -> refresh=True;action=False;hasRunSave=False;hasActiveRoom=False;hasLobbyEndpoint=True;rooms=77;selected=054d1490-a4b8-489f-98ba-d49bbae615d7;create=enabled;join=enabled
sts2_lan_connect lobby api: configured client source=override, baseUrl=http://106.75.7.210:8787, wsUrl=ws://106.75.7.210:8787/control, registryBaseUrl=http://47.111.146.69:18787, hasLobbyReadAccessToken=False, hasCreateRoomToken=True, matrix=compatibilityProfile=test_relaxed, connectionStrategy=relay-only, effectiveMaxPlayers=8, publishedProtocolProfile=extended_8p
sts2_lan_connect lobby api: GET http://106.75.7.210:8787/probe via override (probe) config=source=override, baseUrl=http://106.75.7.210:8787, wsUrl=ws://106.75.7.210:8787/control, registryBaseUrl=http://47.111.146.69:18787, hasLobbyReadAccessToken=False, hasCreateRoomToken=True, matrix=compatibilityProfile=test_relaxed, connectionStrategy=relay-only, effectiveMaxPlayers=8, publishedProtocolProfile=extended_8p
sts2_lan_connect lobby api: GET http://106.75.7.210:8787/announcements via override (no-payload) config=source=override, baseUrl=http://106.75.7.210:8787, wsUrl=ws://106.75.7.210:8787/control, registryBaseUrl=http://47.111.146.69:18787, hasLobbyReadAccessToken=False, hasCreateRoomToken=True, matrix=compatibilityProfile=test_relaxed, connectionStrategy=relay-only, effectiveMaxPlayers=8, publishedProtocolProfile=extended_8p
sts2_lan_connect lobby api: GET http://106.75.7.210:8787/rooms via override (no-payload) config=source=override, baseUrl=http://106.75.7.210:8787, wsUrl=ws://106.75.7.210:8787/control, registryBaseUrl=http://47.111.146.69:18787, hasLobbyReadAccessToken=False, hasCreateRoomToken=True, matrix=compatibilityProfile=test_relaxed, connectionStrategy=relay-only, effectiveMaxPlayers=8, publishedProtocolProfile=extended_8p
sts2_lan_connect lobby api: GET http://106.75.7.210:8787/probe -> 200 probeRttMs=100
sts2_lan_connect lobby api: GET http://106.75.7.210:8787/announcements -> 200
sts2_lan_connect lobby api: GET http://106.75.7.210:8787/rooms -> 200
sts2_lan_connect overlay: announcements applied count=1
sts2_lan_connect overlay: refresh completed with 78 rooms, probeRttMs=100
sts2_lan_connect overlay: refresh finished
sts2_lan_connect overlay: action state -> refresh=False;action=False;hasRunSave=False;hasActiveRoom=False;hasLobbyEndpoint=True;rooms=78;selected=2fd2fb8b-0b91-41bd-997c-06cdb225bdab;create=enabled;join=enabled
sts2_lan_connect overlay: refresh started
sts2_lan_connect overlay: action state -> refresh=True;action=False;hasRunSave=False;hasActiveRoom=False;hasLobbyEndpoint=True;rooms=78;selected=2fd2fb8b-0b91-41bd-997c-06cdb225bdab;create=enabled;join=enabled
sts2_lan_connect lobby api: configured client source=override, baseUrl=http://106.75.7.210:8787, wsUrl=ws://106.75.7.210:8787/control, registryBaseUrl=http://47.111.146.69:18787, hasLobbyReadAccessToken=False, hasCreateRoomToken=True, matrix=compatibilityProfile=test_relaxed, connectionStrategy=relay-only, effectiveMaxPlayers=8, publishedProtocolProfile=extended_8p
sts2_lan_connect lobby api: GET http://106.75.7.210:8787/probe via override (probe) config=source=override, baseUrl=http://106.75.7.210:8787, wsUrl=ws://106.75.7.210:8787/control, registryBaseUrl=http://47.111.146.69:18787, hasLobbyReadAccessToken=False, hasCreateRoomToken=True, matrix=compatibilityProfile=test_relaxed, connectionStrategy=relay-only, effectiveMaxPlayers=8, publishedProtocolProfile=extended_8p
sts2_lan_connect lobby api: GET http://106.75.7.210:8787/announcements via override (no-payload) config=source=override, baseUrl=http://106.75.7.210:8787, wsUrl=ws://106.75.7.210:8787/control, registryBaseUrl=http://47.111.146.69:18787, hasLobbyReadAccessToken=False, hasCreateRoomToken=True, matrix=compatibilityProfile=test_relaxed, connectionStrategy=relay-only, effectiveMaxPlayers=8, publishedProtocolProfile=extended_8p
sts2_lan_connect lobby api: GET http://106.75.7.210:8787/rooms via override (no-payload) config=source=override, baseUrl=http://106.75.7.210:8787, wsUrl=ws://106.75.7.210:8787/control, registryBaseUrl=http://47.111.146.69:18787, hasLobbyReadAccessToken=False, hasCreateRoomToken=True, matrix=compatibilityProfile=test_relaxed, connectionStrategy=relay-only, effectiveMaxPlayers=8, publishedProtocolProfile=extended_8p
sts2_lan_connect lobby api: GET http://106.75.7.210:8787/probe -> 200 probeRttMs=98
sts2_lan_connect lobby api: GET http://106.75.7.210:8787/announcements -> 200
sts2_lan_connect lobby api: GET http://106.75.7.210:8787/rooms -> 200
sts2_lan_connect overlay: announcements applied count=1
sts2_lan_connect overlay: refresh completed with 75 rooms, probeRttMs=98
sts2_lan_connect overlay: refresh finished
sts2_lan_connect overlay: action state -> refresh=False;action=False;hasRunSave=False;hasActiveRoom=False;hasLobbyEndpoint=True;rooms=75;selected=2fd2fb8b-0b91-41bd-997c-06cdb225bdab;create=enabled;join=enabled
[INFO] Restored foreground FPS
sts2_lan_connect overlay: inline button '<' pressed
sts2_lan_connect overlay: action state -> refresh=False;action=False;hasRunSave=False;hasActiveRoom=False;hasLobbyEndpoint=True;rooms=75;selected=94d2b604-61fd-41a0-940f-ce535be4e81c;create=enabled;join=enabled
sts2_lan_connect overlay: selected room roomId=7bfcde8a-2aa8-4383-bb44-d00d03ee58ae, roomName='我蠕动'
sts2_lan_connect overlay: action state -> refresh=False;action=False;hasRunSave=False;hasActiveRoom=False;hasLobbyEndpoint=True;rooms=75;selected=7bfcde8a-2aa8-4383-bb44-d00d03ee58ae;create=enabled;join=enabled
sts2_lan_connect overlay: action button 'JOIN' pressed
sts2_lan_connect overlay: join requested roomId=7bfcde8a-2aa8-4383-bb44-d00d03ee58ae, roomName='我蠕动', requiresPassword=False, desiredSavePlayerNetId=<none>, roomCompatibility=roomId=7bfcde8a-2aa8-4383-bb44-d00d03ee58ae, maxPlayers=8, roomProtocol=extended_8p, expectedProtocol=extended_8p, protocolAligned=True, relayState=ready, version=v0.103.3, modVersion=0.4.0, matrix=compatibilityProfile=test_relaxed, connectionStrategy=relay-only, effectiveMaxPlayers=8, publishedProtocolProfile=extended_8p
sts2_lan_connect overlay: action state -> refresh=False;action=True;hasRunSave=False;hasActiveRoom=False;hasLobbyEndpoint=True;rooms=75;selected=7bfcde8a-2aa8-4383-bb44-d00d03ee58ae;create=当前已有房间操作在进行。;join=当前已有房间操作在进行。
sts2_lan_connect overlay: status -> 正在请求加入 我蠕动...
sts2_lan_connect overlay: progress dialog shown -> 正在加入房间 | 正在向大厅申请进入 我蠕动
sts2_lan_connect lobby api: configured client source=override, baseUrl=http://106.75.7.210:8787, wsUrl=ws://106.75.7.210:8787/control, registryBaseUrl=http://47.111.146.69:18787, hasLobbyReadAccessToken=False, hasCreateRoomToken=True, matrix=compatibilityProfile=test_relaxed, connectionStrategy=relay-only, effectiveMaxPlayers=8, publishedProtocolProfile=extended_8p
sts2_lan_connect lobby api: POST http://106.75.7.210:8787/rooms/7bfcde8a-2aa8-4383-bb44-d00d03ee58ae/join via override (join player='自由由由丶', passwordSet=False, desiredSavePlayerNetId=<none>) config=source=override, baseUrl=http://106.75.7.210:8787, wsUrl=ws://106.75.7.210:8787/control, registryBaseUrl=http://47.111.146.69:18787, hasLobbyReadAccessToken=False, hasCreateRoomToken=True, matrix=compatibilityProfile=test_relaxed, connectionStrategy=relay-only, effectiveMaxPlayers=8, publishedProtocolProfile=extended_8p
sts2_lan_connect lobby api: POST http://106.75.7.210:8787/rooms/7bfcde8a-2aa8-4383-bb44-d00d03ee58ae/join -> 200
sts2_lan_connect overlay: progress dialog updated -> 正在建立联机连接 | 大厅已响应，正在连接 我蠕动
[INFO] sts2_lan_connect join_flow: no saved-run slot selected for room 7bfcde8a-2aa8-4383-bb44-d00d03ee58ae; falling back to random netId=15084054751683870061
[INFO] sts2_lan_connect join_flow: policy=compatibilityProfile=test_relaxed, connectionStrategy=relay-only, effectiveMaxPlayers=8, publishedProtocolProfile=extended_8p roomCompatibility=roomId=7bfcde8a-2aa8-4383-bb44-d00d03ee58ae, maxPlayers=8, roomProtocol=extended_8p, expectedProtocol=extended_8p, protocolAligned=True, relayState=ready, version=v0.103.3, modVersion=0.4.0 strategy=direct-first directCandidates=2 relayAllowed=True
sts2_lan_connect overlay: progress dialog updated -> 正在建立联机连接 | 正在通过公网候选地址连接房主 (1/3)
[INFO] sts2_lan_connect attempting lobby join via 39.144.59.42:33771 (public) using netId=15084054751683870061.
[INFO] [LanConnectManagedJoinFlow] Beginning managed join with initializer MegaCrit.Sts2.Core.Multiplayer.Connection.ENetClientConnectionInitializer relaxedCompatibility=True
[INFO] Limiting background FPS to 30
[ERROR] [ENetClient] Connection timed out!
   at System.Threading.ExecutionContext.RunInternal(ExecutionContext executionContext, ContextCallback callback, Object state)
   at System.Runtime.CompilerServices.AsyncTaskMethodBuilder`1.AsyncStateMachineBox`1.MoveNext(Thread threadPoolThread)
   at Godot.GodotSynchronizationContext.ExecutePendingContinuations()
   at Godot.Bridge.ScriptManagerBridge.FrameCallback()

[INFO] [LanConnectManagedJoinFlow] Connection failed before handshake: DisconnectionReason Timeout False
[WARN] sts2_lan_connect lobby join candidate 39.144.59.42:33771 failed: DisconnectionReason Timeout False
sts2_lan_connect lobby api: configured client source=override, baseUrl=http://106.75.7.210:8787, wsUrl=ws://106.75.7.210:8787/control, registryBaseUrl=http://47.111.146.69:18787, hasLobbyReadAccessToken=False, hasCreateRoomToken=True, matrix=compatibilityProfile=test_relaxed, connectionStrategy=relay-only, effectiveMaxPlayers=8, publishedProtocolProfile=extended_8p
sts2_lan_connect lobby api: POST http://106.75.7.210:8787/rooms/7bfcde8a-2aa8-4383-bb44-d00d03ee58ae/connection-events via override (connection-event phase=direct_timeout, candidate=public, endpoint=39.144.59.42:33771) config=source=override, baseUrl=http://106.75.7.210:8787, wsUrl=ws://106.75.7.210:8787/control, registryBaseUrl=http://47.111.146.69:18787, hasLobbyReadAccessToken=False, hasCreateRoomToken=True, matrix=compatibilityProfile=test_relaxed, connectionStrategy=relay-only, effectiveMaxPlayers=8, publishedProtocolProfile=extended_8p
sts2_lan_connect overlay: progress dialog updated -> 正在建立联机连接 | 当前连接未成功，正在尝试下一个地址 (2/3)
sts2_lan_connect overlay: progress dialog updated -> 正在建立联机连接 | 正在通过中继候选地址连接房主 (2/3)
[INFO] sts2_lan_connect attempting lobby join via 106.75.7.210:39045 (relay) using netId=15084054751683870061.
[INFO] [LanConnectManagedJoinFlow] Beginning managed join with initializer MegaCrit.Sts2.Core.Multiplayer.Connection.ENetClientConnectionInitializer relaxedCompatibility=True
sts2_lan_connect lobby api: POST http://106.75.7.210:8787/rooms/7bfcde8a-2aa8-4383-bb44-d00d03ee58ae/connection-events -> 202
[INFO] [ENetClient] Sending handshake with net ID 15084054751683870061
[INFO] [LanConnectManagedJoinFlow] Initializer connection completed, awaiting initial game info message.
[INFO] [NetMessageBus] Received message MegaCrit.Sts2.Core.Multiplayer.Messages.Lobby.InitialGameInfoMessage, sending to 1 handlers
[WARN] [LanConnectManagedJoinFlow] Ignoring mod list mismatch because relaxed profile is enabled. MissingOnLocal=TheQueen-1.1 MissingOnHost=TheQueen-1.1.1
[WARN] [LanConnectManagedJoinFlow] Ignoring ModelDb hash mismatch because relaxed profile is enabled. Host=1353269978 Local=3427307096
[INFO] [LanConnectManagedJoinFlow] Got initial game info message. Version=v0.103.3 Hash=1353269978 Mode=Standard State=InLobby
[INFO] [LanConnectManagedJoinFlow] Sending ClientLobbyJoinRequestMessage and waiting for response.
[INFO] [NetMessageBus] Received message ClientLobbyJoinResponseMessage Players: 2 Ascension: 10, sending to 1 handlers
[INFO] [LanConnectManagedJoinFlow] Received ClientLobbyJoinResponseMessage: ClientLobbyJoinResponseMessage Players: 2 Ascension: 10
sts2_lan_connect lobby api: configured client source=override, baseUrl=http://106.75.7.210:8787, wsUrl=ws://106.75.7.210:8787/control, registryBaseUrl=http://47.111.146.69:18787, hasLobbyReadAccessToken=False, hasCreateRoomToken=True, matrix=compatibilityProfile=test_relaxed, connectionStrategy=relay-only, effectiveMaxPlayers=8, publishedProtocolProfile=extended_8p
sts2_lan_connect lobby api: POST http://106.75.7.210:8787/rooms/7bfcde8a-2aa8-4383-bb44-d00d03ee58ae/connection-events via override (connection-event phase=relay_success, candidate=relay, endpoint=106.75.7.210:39045) config=source=override, baseUrl=http://106.75.7.210:8787, wsUrl=ws://106.75.7.210:8787/control, registryBaseUrl=http://47.111.146.69:18787, hasLobbyReadAccessToken=False, hasCreateRoomToken=True, matrix=compatibilityProfile=test_relaxed, connectionStrategy=relay-only, effectiveMaxPlayers=8, publishedProtocolProfile=extended_8p
sts2_lan_connect overlay: progress dialog updated -> 正在建立联机连接 | 连接成功，正在进入联机界面
[INFO] [com.ritsukage.sts2-RitsuLib] [Sidecar] Session bound epoch=2, netType=Client, netId=15084054751683870061
[INFO] Max ascension changed to 0
[INFO] Max ascension changed to 10
[INFO] sts2_lan_connect remote_lobby_player: registered source=ready_postfix netId=15084054751683870061
[INFO] sts2_lan_connect remote_lobby_player: registered source=ready_postfix netId=1
[INFO] sts2_lan_connect remote_lobby_player: registered source=ready_postfix netId=15084054751683870061
sts2_lan_connect lobby api: configured client source=override, baseUrl=http://106.75.7.210:8787, wsUrl=ws://106.75.7.210:8787/control, registryBaseUrl=http://47.111.146.69:18787, hasLobbyReadAccessToken=False, hasCreateRoomToken=True, matrix=compatibilityProfile=test_relaxed, connectionStrategy=relay-only, effectiveMaxPlayers=8, publishedProtocolProfile=extended_8p
sts2_lan_connect lobby runtime: connecting client control channel roomId=7bfcde8a-2aa8-4383-bb44-d00d03ee58ae
sts2_lan_connect overlay: progress dialog updated -> 正在进入房间 | 已连接 我蠕动，正在切换到联机界面
sts2_lan_connect overlay: status -> 已加入 我蠕动。
sts2_lan_connect overlay: hide requested
sts2_lan_connect overlay: action state -> refresh=False;action=False;hasRunSave=False;hasActiveRoom=False;hasLobbyEndpoint=True;rooms=75;selected=7bfcde8a-2aa8-4383-bb44-d00d03ee58ae;create=enabled;join=当前选中的是你自己托管的房间。
[INFO] [com.ritsukage.sts2-RitsuLib] [Sidecar] Peer reachability changed peer=1, Unknown->Supported, reason=route:native_trailer, epoch=2
sts2_lan_connect lobby api: POST http://106.75.7.210:8787/rooms/7bfcde8a-2aa8-4383-bb44-d00d03ee58ae/connection-events -> 202
sts2_lan_connect lobby runtime: client control channel connected roomId=7bfcde8a-2aa8-4383-bb44-d00d03ee58ae
[INFO] Restored foreground FPS
[INFO] Limiting background FPS to 30
[DEBUG] [NetQualityTracker] Connection statistics at 14:11:01:
[DEBUG] [NetQualityTracker] 	1 - Ping: 136.262. Packet Loss: 0.
[DEBUG] [NetQualityTracker] Connection statistics at 14:11:21:
[DEBUG] [NetQualityTracker] 	1 - Ping: 137.04549. Packet Loss: 5.928557E-10.
[DEBUG] [NetQualityTracker] Connection statistics at 14:11:41:
[DEBUG] [NetQualityTracker] 	1 - Ping: 135.73813. Packet Loss: 0.041943036.
[DEBUG] [NetQualityTracker] Connection statistics at 14:12:01:
[DEBUG] [NetQualityTracker] 	1 - Ping: 158.19524. Packet Loss: 1.3349924E-11.
[DEBUG] [NetQualityTracker] Connection statistics at 14:12:21:
[DEBUG] [NetQualityTracker] 	1 - Ping: 148.17068. Packet Loss: 2.6584563E-05.
[DEBUG] [NetQualityTracker] Connection statistics at 14:12:41:
[DEBUG] [NetQualityTracker] 	1 - Ping: 137.34276. Packet Loss: 1.8446248E-06.
[DEBUG] [NetQualityTracker] Connection statistics at 14:13:01:
[DEBUG] [NetQualityTracker] 	1 - Ping: 139.98174. Packet Loss: 3.0354244E-10.
[DEBUG] [NetQualityTracker] Connection statistics at 14:13:21:
[DEBUG] [NetQualityTracker] 	1 - Ping: 129.37308. Packet Loss: 6.9953107E-06.
[DEBUG] [StartRunLobby] Received PlayerJoinedMessage with (Player 10851364324497353789, IRONCLAD)
[INFO] sts2_lan_connect remote_lobby_player: registered source=ready_postfix netId=10851364324497353789
[DEBUG] [StartRunLobby] Received PlayerLeftMessage for 10851364324497353789
[DEBUG] [NetQualityTracker] Connection statistics at 14:13:41:
[DEBUG] [NetQualityTracker] 	1 - Ping: 144.29495. Packet Loss: 2.2265155E-15.
[DEBUG] [NetQualityTracker] Connection statistics at 14:14:01:
[DEBUG] [NetQualityTracker] 	1 - Ping: 138.83733. Packet Loss: 5.928557E-10.
[DEBUG] [NetQualityTracker] Connection statistics at 14:14:21:
[DEBUG] [NetQualityTracker] 	1 - Ping: 159.19508. Packet Loss: 1.4678893E-05.
[DEBUG] [NetQualityTracker] Connection statistics at 14:14:41:
[DEBUG] [NetQualityTracker] 	1 - Ping: 138.26286. Packet Loss: 2.9901436E-15.
[DEBUG] [NetQualityTracker] Connection statistics at 14:15:01:
[DEBUG] [NetQualityTracker] 	1 - Ping: 143.32278. Packet Loss: 5.5213993E-09.
[DEBUG] [NetQualityTracker] Connection statistics at 14:15:21:
[DEBUG] [NetQualityTracker] 	1 - Ping: 138.14655. Packet Loss: 1.1247285E-18.
[DEBUG] [NetQualityTracker] Connection statistics at 14:15:41:
[DEBUG] [NetQualityTracker] 	1 - Ping: 134.14189. Packet Loss: 9.3826884E-08.
[DEBUG] [NetQualityTracker] Connection statistics at 14:16:01:
[DEBUG] [NetQualityTracker] 	1 - Ping: 137.93193. Packet Loss: 3.732982E-17.
[DEBUG] [NetQualityTracker] Connection statistics at 14:16:21:
[DEBUG] [NetQualityTracker] 	1 - Ping: 136.63362. Packet Loss: 1.3521879E-09.
[DEBUG] [NetQualityTracker] Connection statistics at 14:16:41:
[DEBUG] [NetQualityTracker] 	1 - Ping: 144.74457. Packet Loss: 3.4430677E-19.
[DEBUG] [NetQualityTracker] Connection statistics at 14:17:01:
[DEBUG] [NetQualityTracker] 	1 - Ping: 134.01292. Packet Loss: 8.767066E-29.
[DEBUG] [NetQualityTracker] Connection statistics at 14:17:21:
[DEBUG] [NetQualityTracker] 	1 - Ping: 146.02295. Packet Loss: 1.7858829E-38.
[DEBUG] [NetQualityTracker] Connection statistics at 14:17:41:
[DEBUG] [NetQualityTracker] 	1 - Ping: 136.91031. Packet Loss: 5.5213993E-09.
[INFO] Restored foreground FPS
[INFO] Limiting background FPS to 30
[DEBUG] [NetQualityTracker] Connection statistics at 14:18:01:
[DEBUG] [NetQualityTracker] 	1 - Ping: 123.27262. Packet Loss: 1.7573884E-18.
[DEBUG] [NetQualityTracker] Connection statistics at 14:18:21:
[DEBUG] [NetQualityTracker] 	1 - Ping: 135.8564. Packet Loss: 4.474829E-28.
[DEBUG] [StartRunLobby] Received LobbyPlayerSetReadyMessage for player 1 with value True
[DEBUG] [NetQualityTracker] Connection statistics at 14:18:41:
[DEBUG] [NetQualityTracker] 	1 - Ping: 140.15515. Packet Loss: 1.4474016E-09.
[DEBUG] [NetQualityTracker] Connection statistics at 14:19:01:
[DEBUG] [NetQualityTracker] 	1 - Ping: 364.55804. Packet Loss: 0.37013862.
[DEBUG] [NetQualityTracker] Connection statistics at 14:19:21:
[DEBUG] [NetQualityTracker] 	1 - Ping: 3327.955. Packet Loss: 0.035000555.
[INFO] Restored foreground FPS
[INFO] DevConsole: open logs
[INFO] Limiting background FPS to 30
