MegaDot v4.5.1.m.9.mono.custom_build - https://godotengine.org
D3D12 12_0 - Forward+ - Using Device #0: Intel - Intel(R) Iris(R) Xe Graphics
WARNING: PSO caching is not implemented yet in the Direct3D 12 driver.
   at: pipeline_cache_create (drivers/d3d12/rendering_device_driver_d3d12.cpp:4467)

FMOD Sound System: Successfully initialized
[INFO] Found release_info.json at: E:\SteamLibrary\steamapps\common\Slay the Spire 2\release_info.json
[INFO] [Sentry.NET] Initialized: env=development, release=v0.103.3
[INFO] Steamworks: attempting initialization...
[INFO] Steam is running: True
[INFO] Steamworks initialization succeeded!
[INFO] Steam is enabled, we will write saves to steam storage. Enabled for account: True, app: True 
[INFO] Registered 11 migrations
[INFO] Current save versions: PrefsSave v2; ProfileSave v2; SerializableProgress v21; RunHistory v9; SerializableRun v16; SettingsSave v5
[INFO] Found mod manifest file E:\SteamLibrary\steamapps\common\Slay the Spire 2\mods\HextechRunes\HextechRunes.json
[INFO] Found mod manifest file E:\SteamLibrary\steamapps\common\Slay the Spire 2\mods\MoreBosses\MoreBosses.json
[INFO] Found mod manifest file E:\SteamLibrary\steamapps\common\Slay the Spire 2\mods\RitsuLib\mod_manifest.json
[INFO] Found mod manifest file E:\SteamLibrary\steamapps\common\Slay the Spire 2\mods\STS2_WineFox\mod_manifest.json
[INFO] Found mod manifest file E:\SteamLibrary\steamapps\common\Slay the Spire 2\mods\STS2商人娘化IImod\Merchant2CuteII.json
[INFO] Found mod manifest file E:\SteamLibrary\steamapps\common\Slay the Spire 2\mods\TheQueen\TheQueen.json
[INFO] Found mod manifest file E:\SteamLibrary\steamapps\common\Slay the Spire 2\mods\TheQueen\TheQueen\localization\eng\afflictions.json
[ERROR] Mod manifest E:\SteamLibrary\steamapps\common\Slay the Spire 2\mods\TheQueen\TheQueen\localization\eng\afflictions.json is missing the 'id' field! This is not allowed. The mod will not be loaded.
   at MegaCrit.Sts2.Core.Modding.ModManager.ReadModManifest(String filename, ModSource source)
   at MegaCrit.Sts2.Core.Modding.ModManager.ReadModsInDirRecursive(String path, ModSource source, List`1 newMods)
   at MegaCrit.Sts2.Core.Modding.ModManager.ReadModsInDirRecursive(String path, ModSource source, List`1 newMods)
   at MegaCrit.Sts2.Core.Modding.ModManager.ReadModsInDirRecursive(String path, ModSource source, List`1 newMods)
   at MegaCrit.Sts2.Core.Modding.ModManager.ReadModsInDirRecursive(String path, ModSource source, List`1 newMods)
   at MegaCrit.Sts2.Core.Modding.ModManager.ReadModsInDirRecursive(String path, ModSource source, List`1 newMods)
   at MegaCrit.Sts2.Core.Modding.ModManager.Initialize(IModManagerFileIo fileIo, ModSettings settings)
   at MegaCrit.Sts2.Core.Helpers.OneTimeInitialization.ExecuteVeryEarly()
   at MegaCrit.Sts2.Core.Nodes.NGame.GameStartup()
   at System.Runtime.CompilerServices.AsyncMethodBuilderCore.Start[TStateMachine](TStateMachine& stateMachine)
   at MegaCrit.Sts2.Core.Nodes.NGame.GameStartup()
   at MegaCrit.Sts2.Core.Nodes.NGame.GameStartupWrapper()
   at System.Runtime.CompilerServices.AsyncMethodBuilderCore.Start[TStateMachine](TStateMachine& stateMachine)
   at MegaCrit.Sts2.Core.Nodes.NGame.GameStartupWrapper()
   at MegaCrit.Sts2.Core.Nodes.NGame._EnterTree()
   at Godot.Node.InvokeGodotClassMethod(godot_string_name& method, NativeVariantPtrArgs args, godot_variant& ret)
   at Godot.CanvasItem.InvokeGodotClassMethod(godot_string_name& method, NativeVariantPtrArgs args, godot_variant& ret)
   at Godot.Control.InvokeGodotClassMethod(godot_string_name& method, NativeVariantPtrArgs args, godot_variant& ret)
   at MegaCrit.Sts2.Core.Nodes.NGame.InvokeGodotClassMethod(godot_string_name& method, NativeVariantPtrArgs args, godot_variant& ret)
   at Godot.Bridge.CSharpInstanceBridge.Call(IntPtr godotObjectGCHandle, godot_string_name* method, godot_variant** args, Int32 argCount, godot_variant_call_error* refCallError, godot_variant* ret)

[INFO] Found mod manifest file E:\SteamLibrary\steamapps\common\Slay the Spire 2\mods\TheQueen\TheQueen\localization\eng\ancients.json
[ERROR] Mod manifest E:\SteamLibrary\steamapps\common\Slay the Spire 2\mods\TheQueen\TheQueen\localization\eng\ancients.json is missing the 'id' field! This is not allowed. The mod will not be loaded.
   at MegaCrit.Sts2.Core.Modding.ModManager.ReadModManifest(String filename, ModSource source)
   at MegaCrit.Sts2.Core.Modding.ModManager.ReadModsInDirRecursive(String path, ModSource source, List`1 newMods)
   at MegaCrit.Sts2.Core.Modding.ModManager.ReadModsInDirRecursive(String path, ModSource source, List`1 newMods)
   at MegaCrit.Sts2.Core.Modding.ModManager.ReadModsInDirRecursive(String path, ModSource source, List`1 newMods)
   at MegaCrit.Sts2.Core.Modding.ModManager.ReadModsInDirRecursive(String path, ModSource source, List`1 newMods)
   at MegaCrit.Sts2.Core.Modding.ModManager.ReadModsInDirRecursive(String path, ModSource source, List`1 newMods)
   at MegaCrit.Sts2.Core.Modding.ModManager.Initialize(IModManagerFileIo fileIo, ModSettings settings)
   at MegaCrit.Sts2.Core.Helpers.OneTimeInitialization.ExecuteVeryEarly()
   at MegaCrit.Sts2.Core.Nodes.NGame.GameStartup()
   at System.Runtime.CompilerServices.AsyncMethodBuilderCore.Start[TStateMachine](TStateMachine& stateMachine)
   at MegaCrit.Sts2.Core.Nodes.NGame.GameStartup()
   at MegaCrit.Sts2.Core.Nodes.NGame.GameStartupWrapper()
   at System.Runtime.CompilerServices.AsyncMethodBuilderCore.Start[TStateMachine](TStateMachine& stateMachine)
   at MegaCrit.Sts2.Core.Nodes.NGame.GameStartupWrapper()
   at MegaCrit.Sts2.Core.Nodes.NGame._EnterTree()
   at Godot.Node.InvokeGodotClassMethod(godot_string_name& method, NativeVariantPtrArgs args, godot_variant& ret)
   at Godot.CanvasItem.InvokeGodotClassMethod(godot_string_name& method, NativeVariantPtrArgs args, godot_variant& ret)
   at Godot.Control.InvokeGodotClassMethod(godot_string_name& method, NativeVariantPtrArgs args, godot_variant& ret)
   at MegaCrit.Sts2.Core.Nodes.NGame.InvokeGodotClassMethod(godot_string_name& method, NativeVariantPtrArgs args, godot_variant& ret)
   at Godot.Bridge.CSharpInstanceBridge.Call(IntPtr godotObjectGCHandle, godot_string_name* method, godot_variant** args, Int32 argCount, godot_variant_call_error* refCallError, godot_variant* ret)

[INFO] Found mod manifest file E:\SteamLibrary\steamapps\common\Slay the Spire 2\mods\TheQueen\TheQueen\localization\eng\card_keywords.json
[ERROR] Mod manifest E:\SteamLibrary\steamapps\common\Slay the Spire 2\mods\TheQueen\TheQueen\localization\eng\card_keywords.json is missing the 'id' field! This is not allowed. The mod will not be loaded.
   at MegaCrit.Sts2.Core.Modding.ModManager.ReadModManifest(String filename, ModSource source)
   at MegaCrit.Sts2.Core.Modding.ModManager.ReadModsInDirRecursive(String path, ModSource source, List`1 newMods)
   at MegaCrit.Sts2.Core.Modding.ModManager.ReadModsInDirRecursive(String path, ModSource source, List`1 newMods)
   at MegaCrit.Sts2.Core.Modding.ModManager.ReadModsInDirRecursive(String path, ModSource source, List`1 newMods)
   at MegaCrit.Sts2.Core.Modding.ModManager.ReadModsInDirRecursive(String path, ModSource source, List`1 newMods)
   at MegaCrit.Sts2.Core.Modding.ModManager.ReadModsInDirRecursive(String path, ModSource source, List`1 newMods)
   at MegaCrit.Sts2.Core.Modding.ModManager.Initialize(IModManagerFileIo fileIo, ModSettings settings)
   at MegaCrit.Sts2.Core.Helpers.OneTimeInitialization.ExecuteVeryEarly()
   at MegaCrit.Sts2.Core.Nodes.NGame.GameStartup()
   at System.Runtime.CompilerServices.AsyncMethodBuilderCore.Start[TStateMachine](TStateMachine& stateMachine)
   at MegaCrit.Sts2.Core.Nodes.NGame.GameStartup()
   at MegaCrit.Sts2.Core.Nodes.NGame.GameStartupWrapper()
   at System.Runtime.CompilerServices.AsyncMethodBuilderCore.Start[TStateMachine](TStateMachine& stateMachine)
   at MegaCrit.Sts2.Core.Nodes.NGame.GameStartupWrapper()
   at MegaCrit.Sts2.Core.Nodes.NGame._EnterTree()
   at Godot.Node.InvokeGodotClassMethod(godot_string_name& method, NativeVariantPtrArgs args, godot_variant& ret)
   at Godot.CanvasItem.InvokeGodotClassMethod(godot_string_name& method, NativeVariantPtrArgs args, godot_variant& ret)
   at Godot.Control.InvokeGodotClassMethod(godot_string_name& method, NativeVariantPtrArgs args, godot_variant& ret)
   at MegaCrit.Sts2.Core.Nodes.NGame.InvokeGodotClassMethod(godot_string_name& method, NativeVariantPtrArgs args, godot_variant& ret)
   at Godot.Bridge.CSharpInstanceBridge.Call(IntPtr godotObjectGCHandle, godot_string_name* method, godot_variant** args, Int32 argCount, godot_variant_call_error* refCallError, godot_variant* ret)

[INFO] Found mod manifest file E:\SteamLibrary\steamapps\common\Slay the Spire 2\mods\TheQueen\TheQueen\localization\eng\card_library.json
[ERROR] Mod manifest E:\SteamLibrary\steamapps\common\Slay the Spire 2\mods\TheQueen\TheQueen\localization\eng\card_library.json is missing the 'id' field! This is not allowed. The mod will not be loaded.
   at MegaCrit.Sts2.Core.Modding.ModManager.ReadModManifest(String filename, ModSource source)
   at MegaCrit.Sts2.Core.Modding.ModManager.ReadModsInDirRecursive(String path, ModSource source, List`1 newMods)
   at MegaCrit.Sts2.Core.Modding.ModManager.ReadModsInDirRecursive(String path, ModSource source, List`1 newMods)
   at MegaCrit.Sts2.Core.Modding.ModManager.ReadModsInDirRecursive(String path, ModSource source, List`1 newMods)
   at MegaCrit.Sts2.Core.Modding.ModManager.ReadModsInDirRecursive(String path, ModSource source, List`1 newMods)
   at MegaCrit.Sts2.Core.Modding.ModManager.ReadModsInDirRecursive(String path, ModSource source, List`1 newMods)
   at MegaCrit.Sts2.Core.Modding.ModManager.Initialize(IModManagerFileIo fileIo, ModSettings settings)
   at MegaCrit.Sts2.Core.Helpers.OneTimeInitialization.ExecuteVeryEarly()
   at MegaCrit.Sts2.Core.Nodes.NGame.GameStartup()
   at System.Runtime.CompilerServices.AsyncMethodBuilderCore.Start[TStateMachine](TStateMachine& stateMachine)
   at MegaCrit.Sts2.Core.Nodes.NGame.GameStartup()
   at MegaCrit.Sts2.Core.Nodes.NGame.GameStartupWrapper()
   at System.Runtime.CompilerServices.AsyncMethodBuilderCore.Start[TStateMachine](TStateMachine& stateMachine)
   at MegaCrit.Sts2.Core.Nodes.NGame.GameStartupWrapper()
   at MegaCrit.Sts2.Core.Nodes.NGame._EnterTree()
   at Godot.Node.InvokeGodotClassMethod(godot_string_name& method, NativeVariantPtrArgs args, godot_variant& ret)
   at Godot.CanvasItem.InvokeGodotClassMethod(godot_string_name& method, NativeVariantPtrArgs args, godot_variant& ret)
   at Godot.Control.InvokeGodotClassMethod(godot_string_name& method, NativeVariantPtrArgs args, godot_variant& ret)
   at MegaCrit.Sts2.Core.Nodes.NGame.InvokeGodotClassMethod(godot_string_name& method, NativeVariantPtrArgs args, godot_variant& ret)
   at Godot.Bridge.CSharpInstanceBridge.Call(IntPtr godotObjectGCHandle, godot_string_name* method, godot_variant** args, Int32 argCount, godot_variant_call_error* refCallError, godot_variant* ret)

[INFO] Found mod manifest file E:\SteamLibrary\steamapps\common\Slay the Spire 2\mods\TheQueen\TheQueen\localization\eng\cards.json
[ERROR] Mod manifest E:\SteamLibrary\steamapps\common\Slay the Spire 2\mods\TheQueen\TheQueen\localization\eng\cards.json is missing the 'id' field! This is not allowed. The mod will not be loaded.
   at MegaCrit.Sts2.Core.Modding.ModManager.ReadModManifest(String filename, ModSource source)
   at MegaCrit.Sts2.Core.Modding.ModManager.ReadModsInDirRecursive(String path, ModSource source, List`1 newMods)
   at MegaCrit.Sts2.Core.Modding.ModManager.ReadModsInDirRecursive(String path, ModSource source, List`1 newMods)
   at MegaCrit.Sts2.Core.Modding.ModManager.ReadModsInDirRecursive(String path, ModSource source, List`1 newMods)
   at MegaCrit.Sts2.Core.Modding.ModManager.ReadModsInDirRecursive(String path, ModSource source, List`1 newMods)
   at MegaCrit.Sts2.Core.Modding.ModManager.ReadModsInDirRecursive(String path, ModSource source, List`1 newMods)
   at MegaCrit.Sts2.Core.Modding.ModManager.Initialize(IModManagerFileIo fileIo, ModSettings settings)
   at MegaCrit.Sts2.Core.Helpers.OneTimeInitialization.ExecuteVeryEarly()
   at MegaCrit.Sts2.Core.Nodes.NGame.GameStartup()
   at System.Runtime.CompilerServices.AsyncMethodBuilderCore.Start[TStateMachine](TStateMachine& stateMachine)
   at MegaCrit.Sts2.Core.Nodes.NGame.GameStartup()
   at MegaCrit.Sts2.Core.Nodes.NGame.GameStartupWrapper()
   at System.Runtime.CompilerServices.AsyncMethodBuilderCore.Start[TStateMachine](TStateMachine& stateMachine)
   at MegaCrit.Sts2.Core.Nodes.NGame.GameStartupWrapper()
   at MegaCrit.Sts2.Core.Nodes.NGame._EnterTree()
   at Godot.Node.InvokeGodotClassMethod(godot_string_name& method, NativeVariantPtrArgs args, godot_variant& ret)
   at Godot.CanvasItem.InvokeGodotClassMethod(godot_string_name& method, NativeVariantPtrArgs args, godot_variant& ret)
   at Godot.Control.InvokeGodotClassMethod(godot_string_name& method, NativeVariantPtrArgs args, godot_variant& ret)
   at MegaCrit.Sts2.Core.Nodes.NGame.InvokeGodotClassMethod(godot_string_name& method, NativeVariantPtrArgs args, godot_variant& ret)
   at Godot.Bridge.CSharpInstanceBridge.Call(IntPtr godotObjectGCHandle, godot_string_name* method, godot_variant** args, Int32 argCount, godot_variant_call_error* refCallError, godot_variant* ret)

[INFO] Found mod manifest file E:\SteamLibrary\steamapps\common\Slay the Spire 2\mods\TheQueen\TheQueen\localization\eng\characters.json
[ERROR] Mod manifest E:\SteamLibrary\steamapps\common\Slay the Spire 2\mods\TheQueen\TheQueen\localization\eng\characters.json is missing the 'id' field! This is not allowed. The mod will not be loaded.
   at MegaCrit.Sts2.Core.Modding.ModManager.ReadModManifest(String filename, ModSource source)
   at MegaCrit.Sts2.Core.Modding.ModManager.ReadModsInDirRecursive(String path, ModSource source, List`1 newMods)
   at MegaCrit.Sts2.Core.Modding.ModManager.ReadModsInDirRecursive(String path, ModSource source, List`1 newMods)
   at MegaCrit.Sts2.Core.Modding.ModManager.ReadModsInDirRecursive(String path, ModSource source, List`1 newMods)
   at MegaCrit.Sts2.Core.Modding.ModManager.ReadModsInDirRecursive(String path, ModSource source, List`1 newMods)
   at MegaCrit.Sts2.Core.Modding.ModManager.ReadModsInDirRecursive(String path, ModSource source, List`1 newMods)
   at MegaCrit.Sts2.Core.Modding.ModManager.Initialize(IModManagerFileIo fileIo, ModSettings settings)
   at MegaCrit.Sts2.Core.Helpers.OneTimeInitialization.ExecuteVeryEarly()
   at MegaCrit.Sts2.Core.Nodes.NGame.GameStartup()
   at System.Runtime.CompilerServices.AsyncMethodBuilderCore.Start[TStateMachine](TStateMachine& stateMachine)
   at MegaCrit.Sts2.Core.Nodes.NGame.GameStartup()
   at MegaCrit.Sts2.Core.Nodes.NGame.GameStartupWrapper()
   at System.Runtime.CompilerServices.AsyncMethodBuilderCore.Start[TStateMachine](TStateMachine& stateMachine)
   at MegaCrit.Sts2.Core.Nodes.NGame.GameStartupWrapper()
   at MegaCrit.Sts2.Core.Nodes.NGame._EnterTree()
   at Godot.Node.InvokeGodotClassMethod(godot_string_name& method, NativeVariantPtrArgs args, godot_variant& ret)
   at Godot.CanvasItem.InvokeGodotClassMethod(godot_string_name& method, NativeVariantPtrArgs args, godot_variant& ret)
   at Godot.Control.InvokeGodotClassMethod(godot_string_name& method, NativeVariantPtrArgs args, godot_variant& ret)
   at MegaCrit.Sts2.Core.Nodes.NGame.InvokeGodotClassMethod(godot_string_name& method, NativeVariantPtrArgs args, godot_variant& ret)
   at Godot.Bridge.CSharpInstanceBridge.Call(IntPtr godotObjectGCHandle, godot_string_name* method, godot_variant** args, Int32 argCount, godot_variant_call_error* refCallError, godot_variant* ret)

[INFO] Found mod manifest file E:\SteamLibrary\steamapps\common\Slay the Spire 2\mods\TheQueen\TheQueen\localization\eng\combat_messages.json
[ERROR] Mod manifest E:\SteamLibrary\steamapps\common\Slay the Spire 2\mods\TheQueen\TheQueen\localization\eng\combat_messages.json is missing the 'id' field! This is not allowed. The mod will not be loaded.
   at MegaCrit.Sts2.Core.Modding.ModManager.ReadModManifest(String filename, ModSource source)
   at MegaCrit.Sts2.Core.Modding.ModManager.ReadModsInDirRecursive(String path, ModSource source, List`1 newMods)
   at MegaCrit.Sts2.Core.Modding.ModManager.ReadModsInDirRecursive(String path, ModSource source, List`1 newMods)
   at MegaCrit.Sts2.Core.Modding.ModManager.ReadModsInDirRecursive(String path, ModSource source, List`1 newMods)
   at MegaCrit.Sts2.Core.Modding.ModManager.ReadModsInDirRecursive(String path, ModSource source, List`1 newMods)
   at MegaCrit.Sts2.Core.Modding.ModManager.ReadModsInDirRecursive(String path, ModSource source, List`1 newMods)
   at MegaCrit.Sts2.Core.Modding.ModManager.Initialize(IModManagerFileIo fileIo, ModSettings settings)
   at MegaCrit.Sts2.Core.Helpers.OneTimeInitialization.ExecuteVeryEarly()
   at MegaCrit.Sts2.Core.Nodes.NGame.GameStartup()
   at System.Runtime.CompilerServices.AsyncMethodBuilderCore.Start[TStateMachine](TStateMachine& stateMachine)
   at MegaCrit.Sts2.Core.Nodes.NGame.GameStartup()
   at MegaCrit.Sts2.Core.Nodes.NGame.GameStartupWrapper()
   at System.Runtime.CompilerServices.AsyncMethodBuilderCore.Start[TStateMachine](TStateMachine& stateMachine)
   at MegaCrit.Sts2.Core.Nodes.NGame.GameStartupWrapper()
   at MegaCrit.Sts2.Core.Nodes.NGame._EnterTree()
   at Godot.Node.InvokeGodotClassMethod(godot_string_name& method, NativeVariantPtrArgs args, godot_variant& ret)
   at Godot.CanvasItem.InvokeGodotClassMethod(godot_string_name& method, NativeVariantPtrArgs args, godot_variant& ret)
   at Godot.Control.InvokeGodotClassMethod(godot_string_name& method, NativeVariantPtrArgs args, godot_variant& ret)
   at MegaCrit.Sts2.Core.Nodes.NGame.InvokeGodotClassMethod(godot_string_name& method, NativeVariantPtrArgs args, godot_variant& ret)
   at Godot.Bridge.CSharpInstanceBridge.Call(IntPtr godotObjectGCHandle, godot_string_name* method, godot_variant** args, Int32 argCount, godot_variant_call_error* refCallError, godot_variant* ret)

[INFO] Found mod manifest file E:\SteamLibrary\steamapps\common\Slay the Spire 2\mods\TheQueen\TheQueen\localization\eng\enchantments.json
[ERROR] Mod manifest E:\SteamLibrary\steamapps\common\Slay the Spire 2\mods\TheQueen\TheQueen\localization\eng\enchantments.json is missing the 'id' field! This is not allowed. The mod will not be loaded.
   at MegaCrit.Sts2.Core.Modding.ModManager.ReadModManifest(String filename, ModSource source)
   at MegaCrit.Sts2.Core.Modding.ModManager.ReadModsInDirRecursive(String path, ModSource source, List`1 newMods)
   at MegaCrit.Sts2.Core.Modding.ModManager.ReadModsInDirRecursive(String path, ModSource source, List`1 newMods)
   at MegaCrit.Sts2.Core.Modding.ModManager.ReadModsInDirRecursive(String path, ModSource source, List`1 newMods)
   at MegaCrit.Sts2.Core.Modding.ModManager.ReadModsInDirRecursive(String path, ModSource source, List`1 newMods)
   at MegaCrit.Sts2.Core.Modding.ModManager.ReadModsInDirRecursive(String path, ModSource source, List`1 newMods)
   at MegaCrit.Sts2.Core.Modding.ModManager.Initialize(IModManagerFileIo fileIo, ModSettings settings)
   at MegaCrit.Sts2.Core.Helpers.OneTimeInitialization.ExecuteVeryEarly()
   at MegaCrit.Sts2.Core.Nodes.NGame.GameStartup()
   at System.Runtime.CompilerServices.AsyncMethodBuilderCore.Start[TStateMachine](TStateMachine& stateMachine)
   at MegaCrit.Sts2.Core.Nodes.NGame.GameStartup()
   at MegaCrit.Sts2.Core.Nodes.NGame.GameStartupWrapper()
   at System.Runtime.CompilerServices.AsyncMethodBuilderCore.Start[TStateMachine](TStateMachine& stateMachine)
   at MegaCrit.Sts2.Core.Nodes.NGame.GameStartupWrapper()
   at MegaCrit.Sts2.Core.Nodes.NGame._EnterTree()
   at Godot.Node.InvokeGodotClassMethod(godot_string_name& method, NativeVariantPtrArgs args, godot_variant& ret)
   at Godot.CanvasItem.InvokeGodotClassMethod(godot_string_name& method, NativeVariantPtrArgs args, godot_variant& ret)
   at Godot.Control.InvokeGodotClassMethod(godot_string_name& method, NativeVariantPtrArgs args, godot_variant& ret)
   at MegaCrit.Sts2.Core.Nodes.NGame.InvokeGodotClassMethod(godot_string_name& method, NativeVariantPtrArgs args, godot_variant& ret)
   at Godot.Bridge.CSharpInstanceBridge.Call(IntPtr godotObjectGCHandle, godot_string_name* method, godot_variant** args, Int32 argCount, godot_variant_call_error* refCallError, godot_variant* ret)

[INFO] Found mod manifest file E:\SteamLibrary\steamapps\common\Slay the Spire 2\mods\TheQueen\TheQueen\localization\eng\intents.json
[ERROR] Mod manifest E:\SteamLibrary\steamapps\common\Slay the Spire 2\mods\TheQueen\TheQueen\localization\eng\intents.json is missing the 'id' field! This is not allowed. The mod will not be loaded.
   at MegaCrit.Sts2.Core.Modding.ModManager.ReadModManifest(String filename, ModSource source)
   at MegaCrit.Sts2.Core.Modding.ModManager.ReadModsInDirRecursive(String path, ModSource source, List`1 newMods)
   at MegaCrit.Sts2.Core.Modding.ModManager.ReadModsInDirRecursive(String path, ModSource source, List`1 newMods)
   at MegaCrit.Sts2.Core.Modding.ModManager.ReadModsInDirRecursive(String path, ModSource source, List`1 newMods)
   at MegaCrit.Sts2.Core.Modding.ModManager.ReadModsInDirRecursive(String path, ModSource source, List`1 newMods)
   at MegaCrit.Sts2.Core.Modding.ModManager.ReadModsInDirRecursive(String path, ModSource source, List`1 newMods)
   at MegaCrit.Sts2.Core.Modding.ModManager.Initialize(IModManagerFileIo fileIo, ModSettings settings)
   at MegaCrit.Sts2.Core.Helpers.OneTimeInitialization.ExecuteVeryEarly()
   at MegaCrit.Sts2.Core.Nodes.NGame.GameStartup()
   at System.Runtime.CompilerServices.AsyncMethodBuilderCore.Start[TStateMachine](TStateMachine& stateMachine)
   at MegaCrit.Sts2.Core.Nodes.NGame.GameStartup()
   at MegaCrit.Sts2.Core.Nodes.NGame.GameStartupWrapper()
   at System.Runtime.CompilerServices.AsyncMethodBuilderCore.Start[TStateMachine](TStateMachine& stateMachine)
   at MegaCrit.Sts2.Core.Nodes.NGame.GameStartupWrapper()
   at MegaCrit.Sts2.Core.Nodes.NGame._EnterTree()
   at Godot.Node.InvokeGodotClassMethod(godot_string_name& method, NativeVariantPtrArgs args, godot_variant& ret)
   at Godot.CanvasItem.InvokeGodotClassMethod(godot_string_name& method, NativeVariantPtrArgs args, godot_variant& ret)
   at Godot.Control.InvokeGodotClassMethod(godot_string_name& method, NativeVariantPtrArgs args, godot_variant& ret)
   at MegaCrit.Sts2.Core.Nodes.NGame.InvokeGodotClassMethod(godot_string_name& method, NativeVariantPtrArgs args, godot_variant& ret)
   at Godot.Bridge.CSharpInstanceBridge.Call(IntPtr godotObjectGCHandle, godot_string_name* method, godot_variant** args, Int32 argCount, godot_variant_call_error* refCallError, godot_variant* ret)

[INFO] Found mod manifest file E:\SteamLibrary\steamapps\common\Slay the Spire 2\mods\TheQueen\TheQueen\localization\eng\mod_settings.json
[ERROR] Mod manifest E:\SteamLibrary\steamapps\common\Slay the Spire 2\mods\TheQueen\TheQueen\localization\eng\mod_settings.json is missing the 'id' field! This is not allowed. The mod will not be loaded.
   at MegaCrit.Sts2.Core.Modding.ModManager.ReadModManifest(String filename, ModSource source)
   at MegaCrit.Sts2.Core.Modding.ModManager.ReadModsInDirRecursive(String path, ModSource source, List`1 newMods)
   at MegaCrit.Sts2.Core.Modding.ModManager.ReadModsInDirRecursive(String path, ModSource source, List`1 newMods)
   at MegaCrit.Sts2.Core.Modding.ModManager.ReadModsInDirRecursive(String path, ModSource source, List`1 newMods)
   at MegaCrit.Sts2.Core.Modding.ModManager.ReadModsInDirRecursive(String path, ModSource source, List`1 newMods)
   at MegaCrit.Sts2.Core.Modding.ModManager.ReadModsInDirRecursive(String path, ModSource source, List`1 newMods)
   at MegaCrit.Sts2.Core.Modding.ModManager.Initialize(IModManagerFileIo fileIo, ModSettings settings)
   at MegaCrit.Sts2.Core.Helpers.OneTimeInitialization.ExecuteVeryEarly()
   at MegaCrit.Sts2.Core.Nodes.NGame.GameStartup()
   at System.Runtime.CompilerServices.AsyncMethodBuilderCore.Start[TStateMachine](TStateMachine& stateMachine)
   at MegaCrit.Sts2.Core.Nodes.NGame.GameStartup()
   at MegaCrit.Sts2.Core.Nodes.NGame.GameStartupWrapper()
   at System.Runtime.CompilerServices.AsyncMethodBuilderCore.Start[TStateMachine](TStateMachine& stateMachine)
   at MegaCrit.Sts2.Core.Nodes.NGame.GameStartupWrapper()
   at MegaCrit.Sts2.Core.Nodes.NGame._EnterTree()
   at Godot.Node.InvokeGodotClassMethod(godot_string_name& method, NativeVariantPtrArgs args, godot_variant& ret)
   at Godot.CanvasItem.InvokeGodotClassMethod(godot_string_name& method, NativeVariantPtrArgs args, godot_variant& ret)
   at Godot.Control.InvokeGodotClassMethod(godot_string_name& method, NativeVariantPtrArgs args, godot_variant& ret)
   at MegaCrit.Sts2.Core.Nodes.NGame.InvokeGodotClassMethod(godot_string_name& method, NativeVariantPtrArgs args, godot_variant& ret)
   at Godot.Bridge.CSharpInstanceBridge.Call(IntPtr godotObjectGCHandle, godot_string_name* method, godot_variant** args, Int32 argCount, godot_variant_call_error* refCallError, godot_variant* ret)

[INFO] Found mod manifest file E:\SteamLibrary\steamapps\common\Slay the Spire 2\mods\TheQueen\TheQueen\localization\eng\monsters.json
[ERROR] Mod manifest E:\SteamLibrary\steamapps\common\Slay the Spire 2\mods\TheQueen\TheQueen\localization\eng\monsters.json is missing the 'id' field! This is not allowed. The mod will not be loaded.
   at MegaCrit.Sts2.Core.Modding.ModManager.ReadModManifest(String filename, ModSource source)
   at MegaCrit.Sts2.Core.Modding.ModManager.ReadModsInDirRecursive(String path, ModSource source, List`1 newMods)
   at MegaCrit.Sts2.Core.Modding.ModManager.ReadModsInDirRecursive(String path, ModSource source, List`1 newMods)
   at MegaCrit.Sts2.Core.Modding.ModManager.ReadModsInDirRecursive(String path, ModSource source, List`1 newMods)
   at MegaCrit.Sts2.Core.Modding.ModManager.ReadModsInDirRecursive(String path, ModSource source, List`1 newMods)
   at MegaCrit.Sts2.Core.Modding.ModManager.ReadModsInDirRecursive(String path, ModSource source, List`1 newMods)
   at MegaCrit.Sts2.Core.Modding.ModManager.Initialize(IModManagerFileIo fileIo, ModSettings settings)
   at MegaCrit.Sts2.Core.Helpers.OneTimeInitialization.ExecuteVeryEarly()
   at MegaCrit.Sts2.Core.Nodes.NGame.GameStartup()
   at System.Runtime.CompilerServices.AsyncMethodBuilderCore.Start[TStateMachine](TStateMachine& stateMachine)
   at MegaCrit.Sts2.Core.Nodes.NGame.GameStartup()
   at MegaCrit.Sts2.Core.Nodes.NGame.GameStartupWrapper()
   at System.Runtime.CompilerServices.AsyncMethodBuilderCore.Start[TStateMachine](TStateMachine& stateMachine)
   at MegaCrit.Sts2.Core.Nodes.NGame.GameStartupWrapper()
   at MegaCrit.Sts2.Core.Nodes.NGame._EnterTree()
   at Godot.Node.InvokeGodotClassMethod(godot_string_name& method, NativeVariantPtrArgs args, godot_variant& ret)
   at Godot.CanvasItem.InvokeGodotClassMethod(godot_string_name& method, NativeVariantPtrArgs args, godot_variant& ret)
   at Godot.Control.InvokeGodotClassMethod(godot_string_name& method, NativeVariantPtrArgs args, godot_variant& ret)
   at MegaCrit.Sts2.Core.Nodes.NGame.InvokeGodotClassMethod(godot_string_name& method, NativeVariantPtrArgs args, godot_variant& ret)
   at Godot.Bridge.CSharpInstanceBridge.Call(IntPtr godotObjectGCHandle, godot_string_name* method, godot_variant** args, Int32 argCount, godot_variant_call_error* refCallError, godot_variant* ret)

[INFO] Found mod manifest file E:\SteamLibrary\steamapps\common\Slay the Spire 2\mods\TheQueen\TheQueen\localization\eng\potions.json
[ERROR] Mod manifest E:\SteamLibrary\steamapps\common\Slay the Spire 2\mods\TheQueen\TheQueen\localization\eng\potions.json is missing the 'id' field! This is not allowed. The mod will not be loaded.
   at MegaCrit.Sts2.Core.Modding.ModManager.ReadModManifest(String filename, ModSource source)
   at MegaCrit.Sts2.Core.Modding.ModManager.ReadModsInDirRecursive(String path, ModSource source, List`1 newMods)
   at MegaCrit.Sts2.Core.Modding.ModManager.ReadModsInDirRecursive(String path, ModSource source, List`1 newMods)
   at MegaCrit.Sts2.Core.Modding.ModManager.ReadModsInDirRecursive(String path, ModSource source, List`1 newMods)
   at MegaCrit.Sts2.Core.Modding.ModManager.ReadModsInDirRecursive(String path, ModSource source, List`1 newMods)
   at MegaCrit.Sts2.Core.Modding.ModManager.ReadModsInDirRecursive(String path, ModSource source, List`1 newMods)
   at MegaCrit.Sts2.Core.Modding.ModManager.Initialize(IModManagerFileIo fileIo, ModSettings settings)
   at MegaCrit.Sts2.Core.Helpers.OneTimeInitialization.ExecuteVeryEarly()
   at MegaCrit.Sts2.Core.Nodes.NGame.GameStartup()
   at System.Runtime.CompilerServices.AsyncMethodBuilderCore.Start[TStateMachine](TStateMachine& stateMachine)
   at MegaCrit.Sts2.Core.Nodes.NGame.GameStartup()
   at MegaCrit.Sts2.Core.Nodes.NGame.GameStartupWrapper()
   at System.Runtime.CompilerServices.AsyncMethodBuilderCore.Start[TStateMachine](TStateMachine& stateMachine)
   at MegaCrit.Sts2.Core.Nodes.NGame.GameStartupWrapper()
   at MegaCrit.Sts2.Core.Nodes.NGame._EnterTree()
   at Godot.Node.InvokeGodotClassMethod(godot_string_name& method, NativeVariantPtrArgs args, godot_variant& ret)
   at Godot.CanvasItem.InvokeGodotClassMethod(godot_string_name& method, NativeVariantPtrArgs args, godot_variant& ret)
   at Godot.Control.InvokeGodotClassMethod(godot_string_name& method, NativeVariantPtrArgs args, godot_variant& ret)
   at MegaCrit.Sts2.Core.Nodes.NGame.InvokeGodotClassMethod(godot_string_name& method, NativeVariantPtrArgs args, godot_variant& ret)
   at Godot.Bridge.CSharpInstanceBridge.Call(IntPtr godotObjectGCHandle, godot_string_name* method, godot_variant** args, Int32 argCount, godot_variant_call_error* refCallError, godot_variant* ret)

[INFO] Found mod manifest file E:\SteamLibrary\steamapps\common\Slay the Spire 2\mods\TheQueen\TheQueen\localization\eng\powers.json
[ERROR] Mod manifest E:\SteamLibrary\steamapps\common\Slay the Spire 2\mods\TheQueen\TheQueen\localization\eng\powers.json is missing the 'id' field! This is not allowed. The mod will not be loaded.
   at MegaCrit.Sts2.Core.Modding.ModManager.ReadModManifest(String filename, ModSource source)
   at MegaCrit.Sts2.Core.Modding.ModManager.ReadModsInDirRecursive(String path, ModSource source, List`1 newMods)
   at MegaCrit.Sts2.Core.Modding.ModManager.ReadModsInDirRecursive(String path, ModSource source, List`1 newMods)
   at MegaCrit.Sts2.Core.Modding.ModManager.ReadModsInDirRecursive(String path, ModSource source, List`1 newMods)
   at MegaCrit.Sts2.Core.Modding.ModManager.ReadModsInDirRecursive(String path, ModSource source, List`1 newMods)
   at MegaCrit.Sts2.Core.Modding.ModManager.ReadModsInDirRecursive(String path, ModSource source, List`1 newMods)
   at MegaCrit.Sts2.Core.Modding.ModManager.Initialize(IModManagerFileIo fileIo, ModSettings settings)
   at MegaCrit.Sts2.Core.Helpers.OneTimeInitialization.ExecuteVeryEarly()
   at MegaCrit.Sts2.Core.Nodes.NGame.GameStartup()
   at System.Runtime.CompilerServices.AsyncMethodBuilderCore.Start[TStateMachine](TStateMachine& stateMachine)
   at MegaCrit.Sts2.Core.Nodes.NGame.GameStartup()
   at MegaCrit.Sts2.Core.Nodes.NGame.GameStartupWrapper()
   at System.Runtime.CompilerServices.AsyncMethodBuilderCore.Start[TStateMachine](TStateMachine& stateMachine)
   at MegaCrit.Sts2.Core.Nodes.NGame.GameStartupWrapper()
   at MegaCrit.Sts2.Core.Nodes.NGame._EnterTree()
   at Godot.Node.InvokeGodotClassMethod(godot_string_name& method, NativeVariantPtrArgs args, godot_variant& ret)
   at Godot.CanvasItem.InvokeGodotClassMethod(godot_string_name& method, NativeVariantPtrArgs args, godot_variant& ret)
   at Godot.Control.InvokeGodotClassMethod(godot_string_name& method, NativeVariantPtrArgs args, godot_variant& ret)
   at MegaCrit.Sts2.Core.Nodes.NGame.InvokeGodotClassMethod(godot_string_name& method, NativeVariantPtrArgs args, godot_variant& ret)
   at Godot.Bridge.CSharpInstanceBridge.Call(IntPtr godotObjectGCHandle, godot_string_name* method, godot_variant** args, Int32 argCount, godot_variant_call_error* refCallError, godot_variant* ret)

[INFO] Found mod manifest file E:\SteamLibrary\steamapps\common\Slay the Spire 2\mods\TheQueen\TheQueen\localization\eng\relics.json
[ERROR] Mod manifest E:\SteamLibrary\steamapps\common\Slay the Spire 2\mods\TheQueen\TheQueen\localization\eng\relics.json is missing the 'id' field! This is not allowed. The mod will not be loaded.
   at MegaCrit.Sts2.Core.Modding.ModManager.ReadModManifest(String filename, ModSource source)
   at MegaCrit.Sts2.Core.Modding.ModManager.ReadModsInDirRecursive(String path, ModSource source, List`1 newMods)
   at MegaCrit.Sts2.Core.Modding.ModManager.ReadModsInDirRecursive(String path, ModSource source, List`1 newMods)
   at MegaCrit.Sts2.Core.Modding.ModManager.ReadModsInDirRecursive(String path, ModSource source, List`1 newMods)
   at MegaCrit.Sts2.Core.Modding.ModManager.ReadModsInDirRecursive(String path, ModSource source, List`1 newMods)
   at MegaCrit.Sts2.Core.Modding.ModManager.ReadModsInDirRecursive(String path, ModSource source, List`1 newMods)
   at MegaCrit.Sts2.Core.Modding.ModManager.Initialize(IModManagerFileIo fileIo, ModSettings settings)
   at MegaCrit.Sts2.Core.Helpers.OneTimeInitialization.ExecuteVeryEarly()
   at MegaCrit.Sts2.Core.Nodes.NGame.GameStartup()
   at System.Runtime.CompilerServices.AsyncMethodBuilderCore.Start[TStateMachine](TStateMachine& stateMachine)
   at MegaCrit.Sts2.Core.Nodes.NGame.GameStartup()
   at MegaCrit.Sts2.Core.Nodes.NGame.GameStartupWrapper()
   at System.Runtime.CompilerServices.AsyncMethodBuilderCore.Start[TStateMachine](TStateMachine& stateMachine)
   at MegaCrit.Sts2.Core.Nodes.NGame.GameStartupWrapper()
   at MegaCrit.Sts2.Core.Nodes.NGame._EnterTree()
   at Godot.Node.InvokeGodotClassMethod(godot_string_name& method, NativeVariantPtrArgs args, godot_variant& ret)
   at Godot.CanvasItem.InvokeGodotClassMethod(godot_string_name& method, NativeVariantPtrArgs args, godot_variant& ret)
   at Godot.Control.InvokeGodotClassMethod(godot_string_name& method, NativeVariantPtrArgs args, godot_variant& ret)
   at MegaCrit.Sts2.Core.Nodes.NGame.InvokeGodotClassMethod(godot_string_name& method, NativeVariantPtrArgs args, godot_variant& ret)
   at Godot.Bridge.CSharpInstanceBridge.Call(IntPtr godotObjectGCHandle, godot_string_name* method, godot_variant** args, Int32 argCount, godot_variant_call_error* refCallError, godot_variant* ret)

[INFO] Found mod manifest file E:\SteamLibrary\steamapps\common\Slay the Spire 2\mods\TheQueen\TheQueen\localization\eng\static_hover_tips.json
[ERROR] Mod manifest E:\SteamLibrary\steamapps\common\Slay the Spire 2\mods\TheQueen\TheQueen\localization\eng\static_hover_tips.json is missing the 'id' field! This is not allowed. The mod will not be loaded.
   at MegaCrit.Sts2.Core.Modding.ModManager.ReadModManifest(String filename, ModSource source)
   at MegaCrit.Sts2.Core.Modding.ModManager.ReadModsInDirRecursive(String path, ModSource source, List`1 newMods)
   at MegaCrit.Sts2.Core.Modding.ModManager.ReadModsInDirRecursive(String path, ModSource source, List`1 newMods)
   at MegaCrit.Sts2.Core.Modding.ModManager.ReadModsInDirRecursive(String path, ModSource source, List`1 newMods)
   at MegaCrit.Sts2.Core.Modding.ModManager.ReadModsInDirRecursive(String path, ModSource source, List`1 newMods)
   at MegaCrit.Sts2.Core.Modding.ModManager.ReadModsInDirRecursive(String path, ModSource source, List`1 newMods)
   at MegaCrit.Sts2.Core.Modding.ModManager.Initialize(IModManagerFileIo fileIo, ModSettings settings)
   at MegaCrit.Sts2.Core.Helpers.OneTimeInitialization.ExecuteVeryEarly()
   at MegaCrit.Sts2.Core.Nodes.NGame.GameStartup()
   at System.Runtime.CompilerServices.AsyncMethodBuilderCore.Start[TStateMachine](TStateMachine& stateMachine)
   at MegaCrit.Sts2.Core.Nodes.NGame.GameStartup()
   at MegaCrit.Sts2.Core.Nodes.NGame.GameStartupWrapper()
   at System.Runtime.CompilerServices.AsyncMethodBuilderCore.Start[TStateMachine](TStateMachine& stateMachine)
   at MegaCrit.Sts2.Core.Nodes.NGame.GameStartupWrapper()
   at MegaCrit.Sts2.Core.Nodes.NGame._EnterTree()
   at Godot.Node.InvokeGodotClassMethod(godot_string_name& method, NativeVariantPtrArgs args, godot_variant& ret)
   at Godot.CanvasItem.InvokeGodotClassMethod(godot_string_name& method, NativeVariantPtrArgs args, godot_variant& ret)
   at Godot.Control.InvokeGodotClassMethod(godot_string_name& method, NativeVariantPtrArgs args, godot_variant& ret)
   at MegaCrit.Sts2.Core.Nodes.NGame.InvokeGodotClassMethod(godot_string_name& method, NativeVariantPtrArgs args, godot_variant& ret)
   at Godot.Bridge.CSharpInstanceBridge.Call(IntPtr godotObjectGCHandle, godot_string_name* method, godot_variant** args, Int32 argCount, godot_variant_call_error* refCallError, godot_variant* ret)

[INFO] Found mod manifest file E:\SteamLibrary\steamapps\common\Slay the Spire 2\mods\TheQueen\TheQueen\localization\jpn\afflictions.json
[ERROR] Mod manifest E:\SteamLibrary\steamapps\common\Slay the Spire 2\mods\TheQueen\TheQueen\localization\jpn\afflictions.json is missing the 'id' field! This is not allowed. The mod will not be loaded.
   at MegaCrit.Sts2.Core.Modding.ModManager.ReadModManifest(String filename, ModSource source)
   at MegaCrit.Sts2.Core.Modding.ModManager.ReadModsInDirRecursive(String path, ModSource source, List`1 newMods)
   at MegaCrit.Sts2.Core.Modding.ModManager.ReadModsInDirRecursive(String path, ModSource source, List`1 newMods)
   at MegaCrit.Sts2.Core.Modding.ModManager.ReadModsInDirRecursive(String path, ModSource source, List`1 newMods)
   at MegaCrit.Sts2.Core.Modding.ModManager.ReadModsInDirRecursive(String path, ModSource source, List`1 newMods)
   at MegaCrit.Sts2.Core.Modding.ModManager.ReadModsInDirRecursive(String path, ModSource source, List`1 newMods)
   at MegaCrit.Sts2.Core.Modding.ModManager.Initialize(IModManagerFileIo fileIo, ModSettings settings)
   at MegaCrit.Sts2.Core.Helpers.OneTimeInitialization.ExecuteVeryEarly()
   at MegaCrit.Sts2.Core.Nodes.NGame.GameStartup()
   at System.Runtime.CompilerServices.AsyncMethodBuilderCore.Start[TStateMachine](TStateMachine& stateMachine)
   at MegaCrit.Sts2.Core.Nodes.NGame.GameStartup()
   at MegaCrit.Sts2.Core.Nodes.NGame.GameStartupWrapper()
   at System.Runtime.CompilerServices.AsyncMethodBuilderCore.Start[TStateMachine](TStateMachine& stateMachine)
   at MegaCrit.Sts2.Core.Nodes.NGame.GameStartupWrapper()
   at MegaCrit.Sts2.Core.Nodes.NGame._EnterTree()
   at Godot.Node.InvokeGodotClassMethod(godot_string_name& method, NativeVariantPtrArgs args, godot_variant& ret)
   at Godot.CanvasItem.InvokeGodotClassMethod(godot_string_name& method, NativeVariantPtrArgs args, godot_variant& ret)
   at Godot.Control.InvokeGodotClassMethod(godot_string_name& method, NativeVariantPtrArgs args, godot_variant& ret)
   at MegaCrit.Sts2.Core.Nodes.NGame.InvokeGodotClassMethod(godot_string_name& method, NativeVariantPtrArgs args, godot_variant& ret)
   at Godot.Bridge.CSharpInstanceBridge.Call(IntPtr godotObjectGCHandle, godot_string_name* method, godot_variant** args, Int32 argCount, godot_variant_call_error* refCallError, godot_variant* ret)

[INFO] Found mod manifest file E:\SteamLibrary\steamapps\common\Slay the Spire 2\mods\TheQueen\TheQueen\localization\jpn\ancients.json
[ERROR] Mod manifest E:\SteamLibrary\steamapps\common\Slay the Spire 2\mods\TheQueen\TheQueen\localization\jpn\ancients.json is missing the 'id' field! This is not allowed. The mod will not be loaded.
   at MegaCrit.Sts2.Core.Modding.ModManager.ReadModManifest(String filename, ModSource source)
   at MegaCrit.Sts2.Core.Modding.ModManager.ReadModsInDirRecursive(String path, ModSource source, List`1 newMods)
   at MegaCrit.Sts2.Core.Modding.ModManager.ReadModsInDirRecursive(String path, ModSource source, List`1 newMods)
   at MegaCrit.Sts2.Core.Modding.ModManager.ReadModsInDirRecursive(String path, ModSource source, List`1 newMods)
   at MegaCrit.Sts2.Core.Modding.ModManager.ReadModsInDirRecursive(String path, ModSource source, List`1 newMods)
   at MegaCrit.Sts2.Core.Modding.ModManager.ReadModsInDirRecursive(String path, ModSource source, List`1 newMods)
   at MegaCrit.Sts2.Core.Modding.ModManager.Initialize(IModManagerFileIo fileIo, ModSettings settings)
   at MegaCrit.Sts2.Core.Helpers.OneTimeInitialization.ExecuteVeryEarly()
   at MegaCrit.Sts2.Core.Nodes.NGame.GameStartup()
   at System.Runtime.CompilerServices.AsyncMethodBuilderCore.Start[TStateMachine](TStateMachine& stateMachine)
   at MegaCrit.Sts2.Core.Nodes.NGame.GameStartup()
   at MegaCrit.Sts2.Core.Nodes.NGame.GameStartupWrapper()
   at System.Runtime.CompilerServices.AsyncMethodBuilderCore.Start[TStateMachine](TStateMachine& stateMachine)
   at MegaCrit.Sts2.Core.Nodes.NGame.GameStartupWrapper()
   at MegaCrit.Sts2.Core.Nodes.NGame._EnterTree()
   at Godot.Node.InvokeGodotClassMethod(godot_string_name& method, NativeVariantPtrArgs args, godot_variant& ret)
   at Godot.CanvasItem.InvokeGodotClassMethod(godot_string_name& method, NativeVariantPtrArgs args, godot_variant& ret)
   at Godot.Control.InvokeGodotClassMethod(godot_string_name& method, NativeVariantPtrArgs args, godot_variant& ret)
   at MegaCrit.Sts2.Core.Nodes.NGame.InvokeGodotClassMethod(godot_string_name& method, NativeVariantPtrArgs args, godot_variant& ret)
   at Godot.Bridge.CSharpInstanceBridge.Call(IntPtr godotObjectGCHandle, godot_string_name* method, godot_variant** args, Int32 argCount, godot_variant_call_error* refCallError, godot_variant* ret)

[INFO] Found mod manifest file E:\SteamLibrary\steamapps\common\Slay the Spire 2\mods\TheQueen\TheQueen\localization\jpn\card_keywords.json
[ERROR] Mod manifest E:\SteamLibrary\steamapps\common\Slay the Spire 2\mods\TheQueen\TheQueen\localization\jpn\card_keywords.json is missing the 'id' field! This is not allowed. The mod will not be loaded.
   at MegaCrit.Sts2.Core.Modding.ModManager.ReadModManifest(String filename, ModSource source)
   at MegaCrit.Sts2.Core.Modding.ModManager.ReadModsInDirRecursive(String path, ModSource source, List`1 newMods)
   at MegaCrit.Sts2.Core.Modding.ModManager.ReadModsInDirRecursive(String path, ModSource source, List`1 newMods)
   at MegaCrit.Sts2.Core.Modding.ModManager.ReadModsInDirRecursive(String path, ModSource source, List`1 newMods)
   at MegaCrit.Sts2.Core.Modding.ModManager.ReadModsInDirRecursive(String path, ModSource source, List`1 newMods)
   at MegaCrit.Sts2.Core.Modding.ModManager.ReadModsInDirRecursive(String path, ModSource source, List`1 newMods)
   at MegaCrit.Sts2.Core.Modding.ModManager.Initialize(IModManagerFileIo fileIo, ModSettings settings)
   at MegaCrit.Sts2.Core.Helpers.OneTimeInitialization.ExecuteVeryEarly()
   at MegaCrit.Sts2.Core.Nodes.NGame.GameStartup()
   at System.Runtime.CompilerServices.AsyncMethodBuilderCore.Start[TStateMachine](TStateMachine& stateMachine)
   at MegaCrit.Sts2.Core.Nodes.NGame.GameStartup()
   at MegaCrit.Sts2.Core.Nodes.NGame.GameStartupWrapper()
   at System.Runtime.CompilerServices.AsyncMethodBuilderCore.Start[TStateMachine](TStateMachine& stateMachine)
   at MegaCrit.Sts2.Core.Nodes.NGame.GameStartupWrapper()
   at MegaCrit.Sts2.Core.Nodes.NGame._EnterTree()
   at Godot.Node.InvokeGodotClassMethod(godot_string_name& method, NativeVariantPtrArgs args, godot_variant& ret)
   at Godot.CanvasItem.InvokeGodotClassMethod(godot_string_name& method, NativeVariantPtrArgs args, godot_variant& ret)
   at Godot.Control.InvokeGodotClassMethod(godot_string_name& method, NativeVariantPtrArgs args, godot_variant& ret)
   at MegaCrit.Sts2.Core.Nodes.NGame.InvokeGodotClassMethod(godot_string_name& method, NativeVariantPtrArgs args, godot_variant& ret)
   at Godot.Bridge.CSharpInstanceBridge.Call(IntPtr godotObjectGCHandle, godot_string_name* method, godot_variant** args, Int32 argCount, godot_variant_call_error* refCallError, godot_variant* ret)

[INFO] Found mod manifest file E:\SteamLibrary\steamapps\common\Slay the Spire 2\mods\TheQueen\TheQueen\localization\jpn\card_library.json
[ERROR] Mod manifest E:\SteamLibrary\steamapps\common\Slay the Spire 2\mods\TheQueen\TheQueen\localization\jpn\card_library.json is missing the 'id' field! This is not allowed. The mod will not be loaded.
   at MegaCrit.Sts2.Core.Modding.ModManager.ReadModManifest(String filename, ModSource source)
   at MegaCrit.Sts2.Core.Modding.ModManager.ReadModsInDirRecursive(String path, ModSource source, List`1 newMods)
   at MegaCrit.Sts2.Core.Modding.ModManager.ReadModsInDirRecursive(String path, ModSource source, List`1 newMods)
   at MegaCrit.Sts2.Core.Modding.ModManager.ReadModsInDirRecursive(String path, ModSource source, List`1 newMods)
   at MegaCrit.Sts2.Core.Modding.ModManager.ReadModsInDirRecursive(String path, ModSource source, List`1 newMods)
   at MegaCrit.Sts2.Core.Modding.ModManager.ReadModsInDirRecursive(String path, ModSource source, List`1 newMods)
   at MegaCrit.Sts2.Core.Modding.ModManager.Initialize(IModManagerFileIo fileIo, ModSettings settings)
   at MegaCrit.Sts2.Core.Helpers.OneTimeInitialization.ExecuteVeryEarly()
   at MegaCrit.Sts2.Core.Nodes.NGame.GameStartup()
   at System.Runtime.CompilerServices.AsyncMethodBuilderCore.Start[TStateMachine](TStateMachine& stateMachine)
   at MegaCrit.Sts2.Core.Nodes.NGame.GameStartup()
   at MegaCrit.Sts2.Core.Nodes.NGame.GameStartupWrapper()
   at System.Runtime.CompilerServices.AsyncMethodBuilderCore.Start[TStateMachine](TStateMachine& stateMachine)
   at MegaCrit.Sts2.Core.Nodes.NGame.GameStartupWrapper()
   at MegaCrit.Sts2.Core.Nodes.NGame._EnterTree()
   at Godot.Node.InvokeGodotClassMethod(godot_string_name& method, NativeVariantPtrArgs args, godot_variant& ret)
   at Godot.CanvasItem.InvokeGodotClassMethod(godot_string_name& method, NativeVariantPtrArgs args, godot_variant& ret)
   at Godot.Control.InvokeGodotClassMethod(godot_string_name& method, NativeVariantPtrArgs args, godot_variant& ret)
   at MegaCrit.Sts2.Core.Nodes.NGame.InvokeGodotClassMethod(godot_string_name& method, NativeVariantPtrArgs args, godot_variant& ret)
   at Godot.Bridge.CSharpInstanceBridge.Call(IntPtr godotObjectGCHandle, godot_string_name* method, godot_variant** args, Int32 argCount, godot_variant_call_error* refCallError, godot_variant* ret)

[INFO] Found mod manifest file E:\SteamLibrary\steamapps\common\Slay the Spire 2\mods\TheQueen\TheQueen\localization\jpn\cards.json
[ERROR] Mod manifest E:\SteamLibrary\steamapps\common\Slay the Spire 2\mods\TheQueen\TheQueen\localization\jpn\cards.json is missing the 'id' field! This is not allowed. The mod will not be loaded.
   at MegaCrit.Sts2.Core.Modding.ModManager.ReadModManifest(String filename, ModSource source)
   at MegaCrit.Sts2.Core.Modding.ModManager.ReadModsInDirRecursive(String path, ModSource source, List`1 newMods)
   at MegaCrit.Sts2.Core.Modding.ModManager.ReadModsInDirRecursive(String path, ModSource source, List`1 newMods)
   at MegaCrit.Sts2.Core.Modding.ModManager.ReadModsInDirRecursive(String path, ModSource source, List`1 newMods)
   at MegaCrit.Sts2.Core.Modding.ModManager.ReadModsInDirRecursive(String path, ModSource source, List`1 newMods)
   at MegaCrit.Sts2.Core.Modding.ModManager.ReadModsInDirRecursive(String path, ModSource source, List`1 newMods)
   at MegaCrit.Sts2.Core.Modding.ModManager.Initialize(IModManagerFileIo fileIo, ModSettings settings)
   at MegaCrit.Sts2.Core.Helpers.OneTimeInitialization.ExecuteVeryEarly()
   at MegaCrit.Sts2.Core.Nodes.NGame.GameStartup()
   at System.Runtime.CompilerServices.AsyncMethodBuilderCore.Start[TStateMachine](TStateMachine& stateMachine)
   at MegaCrit.Sts2.Core.Nodes.NGame.GameStartup()
   at MegaCrit.Sts2.Core.Nodes.NGame.GameStartupWrapper()
   at System.Runtime.CompilerServices.AsyncMethodBuilderCore.Start[TStateMachine](TStateMachine& stateMachine)
   at MegaCrit.Sts2.Core.Nodes.NGame.GameStartupWrapper()
   at MegaCrit.Sts2.Core.Nodes.NGame._EnterTree()
   at Godot.Node.InvokeGodotClassMethod(godot_string_name& method, NativeVariantPtrArgs args, godot_variant& ret)
   at Godot.CanvasItem.InvokeGodotClassMethod(godot_string_name& method, NativeVariantPtrArgs args, godot_variant& ret)
   at Godot.Control.InvokeGodotClassMethod(godot_string_name& method, NativeVariantPtrArgs args, godot_variant& ret)
   at MegaCrit.Sts2.Core.Nodes.NGame.InvokeGodotClassMethod(godot_string_name& method, NativeVariantPtrArgs args, godot_variant& ret)
   at Godot.Bridge.CSharpInstanceBridge.Call(IntPtr godotObjectGCHandle, godot_string_name* method, godot_variant** args, Int32 argCount, godot_variant_call_error* refCallError, godot_variant* ret)

[INFO] Found mod manifest file E:\SteamLibrary\steamapps\common\Slay the Spire 2\mods\TheQueen\TheQueen\localization\jpn\characters.json
[ERROR] Mod manifest E:\SteamLibrary\steamapps\common\Slay the Spire 2\mods\TheQueen\TheQueen\localization\jpn\characters.json is missing the 'id' field! This is not allowed. The mod will not be loaded.
   at MegaCrit.Sts2.Core.Modding.ModManager.ReadModManifest(String filename, ModSource source)
   at MegaCrit.Sts2.Core.Modding.ModManager.ReadModsInDirRecursive(String path, ModSource source, List`1 newMods)
   at MegaCrit.Sts2.Core.Modding.ModManager.ReadModsInDirRecursive(String path, ModSource source, List`1 newMods)
   at MegaCrit.Sts2.Core.Modding.ModManager.ReadModsInDirRecursive(String path, ModSource source, List`1 newMods)
   at MegaCrit.Sts2.Core.Modding.ModManager.ReadModsInDirRecursive(String path, ModSource source, List`1 newMods)
   at MegaCrit.Sts2.Core.Modding.ModManager.ReadModsInDirRecursive(String path, ModSource source, List`1 newMods)
   at MegaCrit.Sts2.Core.Modding.ModManager.Initialize(IModManagerFileIo fileIo, ModSettings settings)
   at MegaCrit.Sts2.Core.Helpers.OneTimeInitialization.ExecuteVeryEarly()
   at MegaCrit.Sts2.Core.Nodes.NGame.GameStartup()
   at System.Runtime.CompilerServices.AsyncMethodBuilderCore.Start[TStateMachine](TStateMachine& stateMachine)
   at MegaCrit.Sts2.Core.Nodes.NGame.GameStartup()
   at MegaCrit.Sts2.Core.Nodes.NGame.GameStartupWrapper()
   at System.Runtime.CompilerServices.AsyncMethodBuilderCore.Start[TStateMachine](TStateMachine& stateMachine)
   at MegaCrit.Sts2.Core.Nodes.NGame.GameStartupWrapper()
   at MegaCrit.Sts2.Core.Nodes.NGame._EnterTree()
   at Godot.Node.InvokeGodotClassMethod(godot_string_name& method, NativeVariantPtrArgs args, godot_variant& ret)
   at Godot.CanvasItem.InvokeGodotClassMethod(godot_string_name& method, NativeVariantPtrArgs args, godot_variant& ret)
   at Godot.Control.InvokeGodotClassMethod(godot_string_name& method, NativeVariantPtrArgs args, godot_variant& ret)
   at MegaCrit.Sts2.Core.Nodes.NGame.InvokeGodotClassMethod(godot_string_name& method, NativeVariantPtrArgs args, godot_variant& ret)
   at Godot.Bridge.CSharpInstanceBridge.Call(IntPtr godotObjectGCHandle, godot_string_name* method, godot_variant** args, Int32 argCount, godot_variant_call_error* refCallError, godot_variant* ret)

[INFO] Found mod manifest file E:\SteamLibrary\steamapps\common\Slay the Spire 2\mods\TheQueen\TheQueen\localization\jpn\enchantments.json
[ERROR] Mod manifest E:\SteamLibrary\steamapps\common\Slay the Spire 2\mods\TheQueen\TheQueen\localization\jpn\enchantments.json is missing the 'id' field! This is not allowed. The mod will not be loaded.
   at MegaCrit.Sts2.Core.Modding.ModManager.ReadModManifest(String filename, ModSource source)
   at MegaCrit.Sts2.Core.Modding.ModManager.ReadModsInDirRecursive(String path, ModSource source, List`1 newMods)
   at MegaCrit.Sts2.Core.Modding.ModManager.ReadModsInDirRecursive(String path, ModSource source, List`1 newMods)
   at MegaCrit.Sts2.Core.Modding.ModManager.ReadModsInDirRecursive(String path, ModSource source, List`1 newMods)
   at MegaCrit.Sts2.Core.Modding.ModManager.ReadModsInDirRecursive(String path, ModSource source, List`1 newMods)
   at MegaCrit.Sts2.Core.Modding.ModManager.ReadModsInDirRecursive(String path, ModSource source, List`1 newMods)
   at MegaCrit.Sts2.Core.Modding.ModManager.Initialize(IModManagerFileIo fileIo, ModSettings settings)
   at MegaCrit.Sts2.Core.Helpers.OneTimeInitialization.ExecuteVeryEarly()
   at MegaCrit.Sts2.Core.Nodes.NGame.GameStartup()
   at System.Runtime.CompilerServices.AsyncMethodBuilderCore.Start[TStateMachine](TStateMachine& stateMachine)
   at MegaCrit.Sts2.Core.Nodes.NGame.GameStartup()
   at MegaCrit.Sts2.Core.Nodes.NGame.GameStartupWrapper()
   at System.Runtime.CompilerServices.AsyncMethodBuilderCore.Start[TStateMachine](TStateMachine& stateMachine)
   at MegaCrit.Sts2.Core.Nodes.NGame.GameStartupWrapper()
   at MegaCrit.Sts2.Core.Nodes.NGame._EnterTree()
   at Godot.Node.InvokeGodotClassMethod(godot_string_name& method, NativeVariantPtrArgs args, godot_variant& ret)
   at Godot.CanvasItem.InvokeGodotClassMethod(godot_string_name& method, NativeVariantPtrArgs args, godot_variant& ret)
   at Godot.Control.InvokeGodotClassMethod(godot_string_name& method, NativeVariantPtrArgs args, godot_variant& ret)
   at MegaCrit.Sts2.Core.Nodes.NGame.InvokeGodotClassMethod(godot_string_name& method, NativeVariantPtrArgs args, godot_variant& ret)
   at Godot.Bridge.CSharpInstanceBridge.Call(IntPtr godotObjectGCHandle, godot_string_name* method, godot_variant** args, Int32 argCount, godot_variant_call_error* refCallError, godot_variant* ret)

[INFO] Found mod manifest file E:\SteamLibrary\steamapps\common\Slay the Spire 2\mods\TheQueen\TheQueen\localization\jpn\intents.json
[ERROR] Mod manifest E:\SteamLibrary\steamapps\common\Slay the Spire 2\mods\TheQueen\TheQueen\localization\jpn\intents.json is missing the 'id' field! This is not allowed. The mod will not be loaded.
   at MegaCrit.Sts2.Core.Modding.ModManager.ReadModManifest(String filename, ModSource source)
   at MegaCrit.Sts2.Core.Modding.ModManager.ReadModsInDirRecursive(String path, ModSource source, List`1 newMods)
   at MegaCrit.Sts2.Core.Modding.ModManager.ReadModsInDirRecursive(String path, ModSource source, List`1 newMods)
   at MegaCrit.Sts2.Core.Modding.ModManager.ReadModsInDirRecursive(String path, ModSource source, List`1 newMods)
   at MegaCrit.Sts2.Core.Modding.ModManager.ReadModsInDirRecursive(String path, ModSource source, List`1 newMods)
   at MegaCrit.Sts2.Core.Modding.ModManager.ReadModsInDirRecursive(String path, ModSource source, List`1 newMods)
   at MegaCrit.Sts2.Core.Modding.ModManager.Initialize(IModManagerFileIo fileIo, ModSettings settings)
   at MegaCrit.Sts2.Core.Helpers.OneTimeInitialization.ExecuteVeryEarly()
   at MegaCrit.Sts2.Core.Nodes.NGame.GameStartup()
   at System.Runtime.CompilerServices.AsyncMethodBuilderCore.Start[TStateMachine](TStateMachine& stateMachine)
   at MegaCrit.Sts2.Core.Nodes.NGame.GameStartup()
   at MegaCrit.Sts2.Core.Nodes.NGame.GameStartupWrapper()
   at System.Runtime.CompilerServices.AsyncMethodBuilderCore.Start[TStateMachine](TStateMachine& stateMachine)
   at MegaCrit.Sts2.Core.Nodes.NGame.GameStartupWrapper()
   at MegaCrit.Sts2.Core.Nodes.NGame._EnterTree()
   at Godot.Node.InvokeGodotClassMethod(godot_string_name& method, NativeVariantPtrArgs args, godot_variant& ret)
   at Godot.CanvasItem.InvokeGodotClassMethod(godot_string_name& method, NativeVariantPtrArgs args, godot_variant& ret)
   at Godot.Control.InvokeGodotClassMethod(godot_string_name& method, NativeVariantPtrArgs args, godot_variant& ret)
   at MegaCrit.Sts2.Core.Nodes.NGame.InvokeGodotClassMethod(godot_string_name& method, NativeVariantPtrArgs args, godot_variant& ret)
   at Godot.Bridge.CSharpInstanceBridge.Call(IntPtr godotObjectGCHandle, godot_string_name* method, godot_variant** args, Int32 argCount, godot_variant_call_error* refCallError, godot_variant* ret)

[INFO] Found mod manifest file E:\SteamLibrary\steamapps\common\Slay the Spire 2\mods\TheQueen\TheQueen\localization\jpn\monsters.json
[ERROR] Mod manifest E:\SteamLibrary\steamapps\common\Slay the Spire 2\mods\TheQueen\TheQueen\localization\jpn\monsters.json is missing the 'id' field! This is not allowed. The mod will not be loaded.
   at MegaCrit.Sts2.Core.Modding.ModManager.ReadModManifest(String filename, ModSource source)
   at MegaCrit.Sts2.Core.Modding.ModManager.ReadModsInDirRecursive(String path, ModSource source, List`1 newMods)
   at MegaCrit.Sts2.Core.Modding.ModManager.ReadModsInDirRecursive(String path, ModSource source, List`1 newMods)
   at MegaCrit.Sts2.Core.Modding.ModManager.ReadModsInDirRecursive(String path, ModSource source, List`1 newMods)
   at MegaCrit.Sts2.Core.Modding.ModManager.ReadModsInDirRecursive(String path, ModSource source, List`1 newMods)
   at MegaCrit.Sts2.Core.Modding.ModManager.ReadModsInDirRecursive(String path, ModSource source, List`1 newMods)
   at MegaCrit.Sts2.Core.Modding.ModManager.Initialize(IModManagerFileIo fileIo, ModSettings settings)
   at MegaCrit.Sts2.Core.Helpers.OneTimeInitialization.ExecuteVeryEarly()
   at MegaCrit.Sts2.Core.Nodes.NGame.GameStartup()
   at System.Runtime.CompilerServices.AsyncMethodBuilderCore.Start[TStateMachine](TStateMachine& stateMachine)
   at MegaCrit.Sts2.Core.Nodes.NGame.GameStartup()
   at MegaCrit.Sts2.Core.Nodes.NGame.GameStartupWrapper()
   at System.Runtime.CompilerServices.AsyncMethodBuilderCore.Start[TStateMachine](TStateMachine& stateMachine)
   at MegaCrit.Sts2.Core.Nodes.NGame.GameStartupWrapper()
   at MegaCrit.Sts2.Core.Nodes.NGame._EnterTree()
   at Godot.Node.InvokeGodotClassMethod(godot_string_name& method, NativeVariantPtrArgs args, godot_variant& ret)
   at Godot.CanvasItem.InvokeGodotClassMethod(godot_string_name& method, NativeVariantPtrArgs args, godot_variant& ret)
   at Godot.Control.InvokeGodotClassMethod(godot_string_name& method, NativeVariantPtrArgs args, godot_variant& ret)
   at MegaCrit.Sts2.Core.Nodes.NGame.InvokeGodotClassMethod(godot_string_name& method, NativeVariantPtrArgs args, godot_variant& ret)
   at Godot.Bridge.CSharpInstanceBridge.Call(IntPtr godotObjectGCHandle, godot_string_name* method, godot_variant** args, Int32 argCount, godot_variant_call_error* refCallError, godot_variant* ret)

[INFO] Found mod manifest file E:\SteamLibrary\steamapps\common\Slay the Spire 2\mods\TheQueen\TheQueen\localization\jpn\potions.json
[ERROR] Mod manifest E:\SteamLibrary\steamapps\common\Slay the Spire 2\mods\TheQueen\TheQueen\localization\jpn\potions.json is missing the 'id' field! This is not allowed. The mod will not be loaded.
   at MegaCrit.Sts2.Core.Modding.ModManager.ReadModManifest(String filename, ModSource source)
   at MegaCrit.Sts2.Core.Modding.ModManager.ReadModsInDirRecursive(String path, ModSource source, List`1 newMods)
   at MegaCrit.Sts2.Core.Modding.ModManager.ReadModsInDirRecursive(String path, ModSource source, List`1 newMods)
   at MegaCrit.Sts2.Core.Modding.ModManager.ReadModsInDirRecursive(String path, ModSource source, List`1 newMods)
   at MegaCrit.Sts2.Core.Modding.ModManager.ReadModsInDirRecursive(String path, ModSource source, List`1 newMods)
   at MegaCrit.Sts2.Core.Modding.ModManager.ReadModsInDirRecursive(String path, ModSource source, List`1 newMods)
   at MegaCrit.Sts2.Core.Modding.ModManager.Initialize(IModManagerFileIo fileIo, ModSettings settings)
   at MegaCrit.Sts2.Core.Helpers.OneTimeInitialization.ExecuteVeryEarly()
   at MegaCrit.Sts2.Core.Nodes.NGame.GameStartup()
   at System.Runtime.CompilerServices.AsyncMethodBuilderCore.Start[TStateMachine](TStateMachine& stateMachine)
   at MegaCrit.Sts2.Core.Nodes.NGame.GameStartup()
   at MegaCrit.Sts2.Core.Nodes.NGame.GameStartupWrapper()
   at System.Runtime.CompilerServices.AsyncMethodBuilderCore.Start[TStateMachine](TStateMachine& stateMachine)
   at MegaCrit.Sts2.Core.Nodes.NGame.GameStartupWrapper()
   at MegaCrit.Sts2.Core.Nodes.NGame._EnterTree()
   at Godot.Node.InvokeGodotClassMethod(godot_string_name& method, NativeVariantPtrArgs args, godot_variant& ret)
   at Godot.CanvasItem.InvokeGodotClassMethod(godot_string_name& method, NativeVariantPtrArgs args, godot_variant& ret)
   at Godot.Control.InvokeGodotClassMethod(godot_string_name& method, NativeVariantPtrArgs args, godot_variant& ret)
   at MegaCrit.Sts2.Core.Nodes.NGame.InvokeGodotClassMethod(godot_string_name& method, NativeVariantPtrArgs args, godot_variant& ret)
   at Godot.Bridge.CSharpInstanceBridge.Call(IntPtr godotObjectGCHandle, godot_string_name* method, godot_variant** args, Int32 argCount, godot_variant_call_error* refCallError, godot_variant* ret)

[INFO] Found mod manifest file E:\SteamLibrary\steamapps\common\Slay the Spire 2\mods\TheQueen\TheQueen\localization\jpn\powers.json
[ERROR] Mod manifest E:\SteamLibrary\steamapps\common\Slay the Spire 2\mods\TheQueen\TheQueen\localization\jpn\powers.json is missing the 'id' field! This is not allowed. The mod will not be loaded.
   at MegaCrit.Sts2.Core.Modding.ModManager.ReadModManifest(String filename, ModSource source)
   at MegaCrit.Sts2.Core.Modding.ModManager.ReadModsInDirRecursive(String path, ModSource source, List`1 newMods)
   at MegaCrit.Sts2.Core.Modding.ModManager.ReadModsInDirRecursive(String path, ModSource source, List`1 newMods)
   at MegaCrit.Sts2.Core.Modding.ModManager.ReadModsInDirRecursive(String path, ModSource source, List`1 newMods)
   at MegaCrit.Sts2.Core.Modding.ModManager.ReadModsInDirRecursive(String path, ModSource source, List`1 newMods)
   at MegaCrit.Sts2.Core.Modding.ModManager.ReadModsInDirRecursive(String path, ModSource source, List`1 newMods)
   at MegaCrit.Sts2.Core.Modding.ModManager.Initialize(IModManagerFileIo fileIo, ModSettings settings)
   at MegaCrit.Sts2.Core.Helpers.OneTimeInitialization.ExecuteVeryEarly()
   at MegaCrit.Sts2.Core.Nodes.NGame.GameStartup()
   at System.Runtime.CompilerServices.AsyncMethodBuilderCore.Start[TStateMachine](TStateMachine& stateMachine)
   at MegaCrit.Sts2.Core.Nodes.NGame.GameStartup()
   at MegaCrit.Sts2.Core.Nodes.NGame.GameStartupWrapper()
   at System.Runtime.CompilerServices.AsyncMethodBuilderCore.Start[TStateMachine](TStateMachine& stateMachine)
   at MegaCrit.Sts2.Core.Nodes.NGame.GameStartupWrapper()
   at MegaCrit.Sts2.Core.Nodes.NGame._EnterTree()
   at Godot.Node.InvokeGodotClassMethod(godot_string_name& method, NativeVariantPtrArgs args, godot_variant& ret)
   at Godot.CanvasItem.InvokeGodotClassMethod(godot_string_name& method, NativeVariantPtrArgs args, godot_variant& ret)
   at Godot.Control.InvokeGodotClassMethod(godot_string_name& method, NativeVariantPtrArgs args, godot_variant& ret)
   at MegaCrit.Sts2.Core.Nodes.NGame.InvokeGodotClassMethod(godot_string_name& method, NativeVariantPtrArgs args, godot_variant& ret)
   at Godot.Bridge.CSharpInstanceBridge.Call(IntPtr godotObjectGCHandle, godot_string_name* method, godot_variant** args, Int32 argCount, godot_variant_call_error* refCallError, godot_variant* ret)

[INFO] Found mod manifest file E:\SteamLibrary\steamapps\common\Slay the Spire 2\mods\TheQueen\TheQueen\localization\jpn\relics.json
[ERROR] Mod manifest E:\SteamLibrary\steamapps\common\Slay the Spire 2\mods\TheQueen\TheQueen\localization\jpn\relics.json is missing the 'id' field! This is not allowed. The mod will not be loaded.
   at MegaCrit.Sts2.Core.Modding.ModManager.ReadModManifest(String filename, ModSource source)
   at MegaCrit.Sts2.Core.Modding.ModManager.ReadModsInDirRecursive(String path, ModSource source, List`1 newMods)
   at MegaCrit.Sts2.Core.Modding.ModManager.ReadModsInDirRecursive(String path, ModSource source, List`1 newMods)
   at MegaCrit.Sts2.Core.Modding.ModManager.ReadModsInDirRecursive(String path, ModSource source, List`1 newMods)
   at MegaCrit.Sts2.Core.Modding.ModManager.ReadModsInDirRecursive(String path, ModSource source, List`1 newMods)
   at MegaCrit.Sts2.Core.Modding.ModManager.ReadModsInDirRecursive(String path, ModSource source, List`1 newMods)
   at MegaCrit.Sts2.Core.Modding.ModManager.Initialize(IModManagerFileIo fileIo, ModSettings settings)
   at MegaCrit.Sts2.Core.Helpers.OneTimeInitialization.ExecuteVeryEarly()
   at MegaCrit.Sts2.Core.Nodes.NGame.GameStartup()
   at System.Runtime.CompilerServices.AsyncMethodBuilderCore.Start[TStateMachine](TStateMachine& stateMachine)
   at MegaCrit.Sts2.Core.Nodes.NGame.GameStartup()
   at MegaCrit.Sts2.Core.Nodes.NGame.GameStartupWrapper()
   at System.Runtime.CompilerServices.AsyncMethodBuilderCore.Start[TStateMachine](TStateMachine& stateMachine)
   at MegaCrit.Sts2.Core.Nodes.NGame.GameStartupWrapper()
   at MegaCrit.Sts2.Core.Nodes.NGame._EnterTree()
   at Godot.Node.InvokeGodotClassMethod(godot_string_name& method, NativeVariantPtrArgs args, godot_variant& ret)
   at Godot.CanvasItem.InvokeGodotClassMethod(godot_string_name& method, NativeVariantPtrArgs args, godot_variant& ret)
   at Godot.Control.InvokeGodotClassMethod(godot_string_name& method, NativeVariantPtrArgs args, godot_variant& ret)
   at MegaCrit.Sts2.Core.Nodes.NGame.InvokeGodotClassMethod(godot_string_name& method, NativeVariantPtrArgs args, godot_variant& ret)
   at Godot.Bridge.CSharpInstanceBridge.Call(IntPtr godotObjectGCHandle, godot_string_name* method, godot_variant** args, Int32 argCount, godot_variant_call_error* refCallError, godot_variant* ret)

[INFO] Found mod manifest file E:\SteamLibrary\steamapps\common\Slay the Spire 2\mods\TheQueen\TheQueen\localization\jpn\static_hover_tips.json
[ERROR] Mod manifest E:\SteamLibrary\steamapps\common\Slay the Spire 2\mods\TheQueen\TheQueen\localization\jpn\static_hover_tips.json is missing the 'id' field! This is not allowed. The mod will not be loaded.
   at MegaCrit.Sts2.Core.Modding.ModManager.ReadModManifest(String filename, ModSource source)
   at MegaCrit.Sts2.Core.Modding.ModManager.ReadModsInDirRecursive(String path, ModSource source, List`1 newMods)
   at MegaCrit.Sts2.Core.Modding.ModManager.ReadModsInDirRecursive(String path, ModSource source, List`1 newMods)
   at MegaCrit.Sts2.Core.Modding.ModManager.ReadModsInDirRecursive(String path, ModSource source, List`1 newMods)
   at MegaCrit.Sts2.Core.Modding.ModManager.ReadModsInDirRecursive(String path, ModSource source, List`1 newMods)
   at MegaCrit.Sts2.Core.Modding.ModManager.ReadModsInDirRecursive(String path, ModSource source, List`1 newMods)
   at MegaCrit.Sts2.Core.Modding.ModManager.Initialize(IModManagerFileIo fileIo, ModSettings settings)
   at MegaCrit.Sts2.Core.Helpers.OneTimeInitialization.ExecuteVeryEarly()
   at MegaCrit.Sts2.Core.Nodes.NGame.GameStartup()
   at System.Runtime.CompilerServices.AsyncMethodBuilderCore.Start[TStateMachine](TStateMachine& stateMachine)
   at MegaCrit.Sts2.Core.Nodes.NGame.GameStartup()
   at MegaCrit.Sts2.Core.Nodes.NGame.GameStartupWrapper()
   at System.Runtime.CompilerServices.AsyncMethodBuilderCore.Start[TStateMachine](TStateMachine& stateMachine)
   at MegaCrit.Sts2.Core.Nodes.NGame.GameStartupWrapper()
   at MegaCrit.Sts2.Core.Nodes.NGame._EnterTree()
   at Godot.Node.InvokeGodotClassMethod(godot_string_name& method, NativeVariantPtrArgs args, godot_variant& ret)
   at Godot.CanvasItem.InvokeGodotClassMethod(godot_string_name& method, NativeVariantPtrArgs args, godot_variant& ret)
   at Godot.Control.InvokeGodotClassMethod(godot_string_name& method, NativeVariantPtrArgs args, godot_variant& ret)
   at MegaCrit.Sts2.Core.Nodes.NGame.InvokeGodotClassMethod(godot_string_name& method, NativeVariantPtrArgs args, godot_variant& ret)
   at Godot.Bridge.CSharpInstanceBridge.Call(IntPtr godotObjectGCHandle, godot_string_name* method, godot_variant** args, Int32 argCount, godot_variant_call_error* refCallError, godot_variant* ret)

[INFO] Found mod manifest file E:\SteamLibrary\steamapps\common\Slay the Spire 2\mods\TheQueen\TheQueen\localization\kor\afflictions.json
[ERROR] Mod manifest E:\SteamLibrary\steamapps\common\Slay the Spire 2\mods\TheQueen\TheQueen\localization\kor\afflictions.json is missing the 'id' field! This is not allowed. The mod will not be loaded.
   at MegaCrit.Sts2.Core.Modding.ModManager.ReadModManifest(String filename, ModSource source)
   at MegaCrit.Sts2.Core.Modding.ModManager.ReadModsInDirRecursive(String path, ModSource source, List`1 newMods)
   at MegaCrit.Sts2.Core.Modding.ModManager.ReadModsInDirRecursive(String path, ModSource source, List`1 newMods)
   at MegaCrit.Sts2.Core.Modding.ModManager.ReadModsInDirRecursive(String path, ModSource source, List`1 newMods)
   at MegaCrit.Sts2.Core.Modding.ModManager.ReadModsInDirRecursive(String path, ModSource source, List`1 newMods)
   at MegaCrit.Sts2.Core.Modding.ModManager.ReadModsInDirRecursive(String path, ModSource source, List`1 newMods)
   at MegaCrit.Sts2.Core.Modding.ModManager.Initialize(IModManagerFileIo fileIo, ModSettings settings)
   at MegaCrit.Sts2.Core.Helpers.OneTimeInitialization.ExecuteVeryEarly()
   at MegaCrit.Sts2.Core.Nodes.NGame.GameStartup()
   at System.Runtime.CompilerServices.AsyncMethodBuilderCore.Start[TStateMachine](TStateMachine& stateMachine)
   at MegaCrit.Sts2.Core.Nodes.NGame.GameStartup()
   at MegaCrit.Sts2.Core.Nodes.NGame.GameStartupWrapper()
   at System.Runtime.CompilerServices.AsyncMethodBuilderCore.Start[TStateMachine](TStateMachine& stateMachine)
   at MegaCrit.Sts2.Core.Nodes.NGame.GameStartupWrapper()
   at MegaCrit.Sts2.Core.Nodes.NGame._EnterTree()
   at Godot.Node.InvokeGodotClassMethod(godot_string_name& method, NativeVariantPtrArgs args, godot_variant& ret)
   at Godot.CanvasItem.InvokeGodotClassMethod(godot_string_name& method, NativeVariantPtrArgs args, godot_variant& ret)
   at Godot.Control.InvokeGodotClassMethod(godot_string_name& method, NativeVariantPtrArgs args, godot_variant& ret)
   at MegaCrit.Sts2.Core.Nodes.NGame.InvokeGodotClassMethod(godot_string_name& method, NativeVariantPtrArgs args, godot_variant& ret)
   at Godot.Bridge.CSharpInstanceBridge.Call(IntPtr godotObjectGCHandle, godot_string_name* method, godot_variant** args, Int32 argCount, godot_variant_call_error* refCallError, godot_variant* ret)

[INFO] Found mod manifest file E:\SteamLibrary\steamapps\common\Slay the Spire 2\mods\TheQueen\TheQueen\localization\kor\ancients.json
[ERROR] Mod manifest E:\SteamLibrary\steamapps\common\Slay the Spire 2\mods\TheQueen\TheQueen\localization\kor\ancients.json is missing the 'id' field! This is not allowed. The mod will not be loaded.
   at MegaCrit.Sts2.Core.Modding.ModManager.ReadModManifest(String filename, ModSource source)
   at MegaCrit.Sts2.Core.Modding.ModManager.ReadModsInDirRecursive(String path, ModSource source, List`1 newMods)
   at MegaCrit.Sts2.Core.Modding.ModManager.ReadModsInDirRecursive(String path, ModSource source, List`1 newMods)
   at MegaCrit.Sts2.Core.Modding.ModManager.ReadModsInDirRecursive(String path, ModSource source, List`1 newMods)
   at MegaCrit.Sts2.Core.Modding.ModManager.ReadModsInDirRecursive(String path, ModSource source, List`1 newMods)
   at MegaCrit.Sts2.Core.Modding.ModManager.ReadModsInDirRecursive(String path, ModSource source, List`1 newMods)
   at MegaCrit.Sts2.Core.Modding.ModManager.Initialize(IModManagerFileIo fileIo, ModSettings settings)
   at MegaCrit.Sts2.Core.Helpers.OneTimeInitialization.ExecuteVeryEarly()
   at MegaCrit.Sts2.Core.Nodes.NGame.GameStartup()
   at System.Runtime.CompilerServices.AsyncMethodBuilderCore.Start[TStateMachine](TStateMachine& stateMachine)
   at MegaCrit.Sts2.Core.Nodes.NGame.GameStartup()
   at MegaCrit.Sts2.Core.Nodes.NGame.GameStartupWrapper()
   at System.Runtime.CompilerServices.AsyncMethodBuilderCore.Start[TStateMachine](TStateMachine& stateMachine)
   at MegaCrit.Sts2.Core.Nodes.NGame.GameStartupWrapper()
   at MegaCrit.Sts2.Core.Nodes.NGame._EnterTree()
   at Godot.Node.InvokeGodotClassMethod(godot_string_name& method, NativeVariantPtrArgs args, godot_variant& ret)
   at Godot.CanvasItem.InvokeGodotClassMethod(godot_string_name& method, NativeVariantPtrArgs args, godot_variant& ret)
   at Godot.Control.InvokeGodotClassMethod(godot_string_name& method, NativeVariantPtrArgs args, godot_variant& ret)
   at MegaCrit.Sts2.Core.Nodes.NGame.InvokeGodotClassMethod(godot_string_name& method, NativeVariantPtrArgs args, godot_variant& ret)
   at Godot.Bridge.CSharpInstanceBridge.Call(IntPtr godotObjectGCHandle, godot_string_name* method, godot_variant** args, Int32 argCount, godot_variant_call_error* refCallError, godot_variant* ret)

[INFO] Found mod manifest file E:\SteamLibrary\steamapps\common\Slay the Spire 2\mods\TheQueen\TheQueen\localization\kor\card_keywords.json
[ERROR] Mod manifest E:\SteamLibrary\steamapps\common\Slay the Spire 2\mods\TheQueen\TheQueen\localization\kor\card_keywords.json is missing the 'id' field! This is not allowed. The mod will not be loaded.
   at MegaCrit.Sts2.Core.Modding.ModManager.ReadModManifest(String filename, ModSource source)
   at MegaCrit.Sts2.Core.Modding.ModManager.ReadModsInDirRecursive(String path, ModSource source, List`1 newMods)
   at MegaCrit.Sts2.Core.Modding.ModManager.ReadModsInDirRecursive(String path, ModSource source, List`1 newMods)
   at MegaCrit.Sts2.Core.Modding.ModManager.ReadModsInDirRecursive(String path, ModSource source, List`1 newMods)
   at MegaCrit.Sts2.Core.Modding.ModManager.ReadModsInDirRecursive(String path, ModSource source, List`1 newMods)
   at MegaCrit.Sts2.Core.Modding.ModManager.ReadModsInDirRecursive(String path, ModSource source, List`1 newMods)
   at MegaCrit.Sts2.Core.Modding.ModManager.Initialize(IModManagerFileIo fileIo, ModSettings settings)
   at MegaCrit.Sts2.Core.Helpers.OneTimeInitialization.ExecuteVeryEarly()
   at MegaCrit.Sts2.Core.Nodes.NGame.GameStartup()
   at System.Runtime.CompilerServices.AsyncMethodBuilderCore.Start[TStateMachine](TStateMachine& stateMachine)
   at MegaCrit.Sts2.Core.Nodes.NGame.GameStartup()
   at MegaCrit.Sts2.Core.Nodes.NGame.GameStartupWrapper()
   at System.Runtime.CompilerServices.AsyncMethodBuilderCore.Start[TStateMachine](TStateMachine& stateMachine)
   at MegaCrit.Sts2.Core.Nodes.NGame.GameStartupWrapper()
   at MegaCrit.Sts2.Core.Nodes.NGame._EnterTree()
   at Godot.Node.InvokeGodotClassMethod(godot_string_name& method, NativeVariantPtrArgs args, godot_variant& ret)
   at Godot.CanvasItem.InvokeGodotClassMethod(godot_string_name& method, NativeVariantPtrArgs args, godot_variant& ret)
   at Godot.Control.InvokeGodotClassMethod(godot_string_name& method, NativeVariantPtrArgs args, godot_variant& ret)
   at MegaCrit.Sts2.Core.Nodes.NGame.InvokeGodotClassMethod(godot_string_name& method, NativeVariantPtrArgs args, godot_variant& ret)
   at Godot.Bridge.CSharpInstanceBridge.Call(IntPtr godotObjectGCHandle, godot_string_name* method, godot_variant** args, Int32 argCount, godot_variant_call_error* refCallError, godot_variant* ret)

[INFO] Found mod manifest file E:\SteamLibrary\steamapps\common\Slay the Spire 2\mods\TheQueen\TheQueen\localization\kor\card_library.json
[ERROR] Mod manifest E:\SteamLibrary\steamapps\common\Slay the Spire 2\mods\TheQueen\TheQueen\localization\kor\card_library.json is missing the 'id' field! This is not allowed. The mod will not be loaded.
   at MegaCrit.Sts2.Core.Modding.ModManager.ReadModManifest(String filename, ModSource source)
   at MegaCrit.Sts2.Core.Modding.ModManager.ReadModsInDirRecursive(String path, ModSource source, List`1 newMods)
   at MegaCrit.Sts2.Core.Modding.ModManager.ReadModsInDirRecursive(String path, ModSource source, List`1 newMods)
   at MegaCrit.Sts2.Core.Modding.ModManager.ReadModsInDirRecursive(String path, ModSource source, List`1 newMods)
   at MegaCrit.Sts2.Core.Modding.ModManager.ReadModsInDirRecursive(String path, ModSource source, List`1 newMods)
   at MegaCrit.Sts2.Core.Modding.ModManager.ReadModsInDirRecursive(String path, ModSource source, List`1 newMods)
   at MegaCrit.Sts2.Core.Modding.ModManager.Initialize(IModManagerFileIo fileIo, ModSettings settings)
   at MegaCrit.Sts2.Core.Helpers.OneTimeInitialization.ExecuteVeryEarly()
   at MegaCrit.Sts2.Core.Nodes.NGame.GameStartup()
   at System.Runtime.CompilerServices.AsyncMethodBuilderCore.Start[TStateMachine](TStateMachine& stateMachine)
   at MegaCrit.Sts2.Core.Nodes.NGame.GameStartup()
   at MegaCrit.Sts2.Core.Nodes.NGame.GameStartupWrapper()
   at System.Runtime.CompilerServices.AsyncMethodBuilderCore.Start[TStateMachine](TStateMachine& stateMachine)
   at MegaCrit.Sts2.Core.Nodes.NGame.GameStartupWrapper()
   at MegaCrit.Sts2.Core.Nodes.NGame._EnterTree()
   at Godot.Node.InvokeGodotClassMethod(godot_string_name& method, NativeVariantPtrArgs args, godot_variant& ret)
   at Godot.CanvasItem.InvokeGodotClassMethod(godot_string_name& method, NativeVariantPtrArgs args, godot_variant& ret)
   at Godot.Control.InvokeGodotClassMethod(godot_string_name& method, NativeVariantPtrArgs args, godot_variant& ret)
   at MegaCrit.Sts2.Core.Nodes.NGame.InvokeGodotClassMethod(godot_string_name& method, NativeVariantPtrArgs args, godot_variant& ret)
   at Godot.Bridge.CSharpInstanceBridge.Call(IntPtr godotObjectGCHandle, godot_string_name* method, godot_variant** args, Int32 argCount, godot_variant_call_error* refCallError, godot_variant* ret)

[INFO] Found mod manifest file E:\SteamLibrary\steamapps\common\Slay the Spire 2\mods\TheQueen\TheQueen\localization\kor\cards.json
[ERROR] Mod manifest E:\SteamLibrary\steamapps\common\Slay the Spire 2\mods\TheQueen\TheQueen\localization\kor\cards.json is missing the 'id' field! This is not allowed. The mod will not be loaded.
   at MegaCrit.Sts2.Core.Modding.ModManager.ReadModManifest(String filename, ModSource source)
   at MegaCrit.Sts2.Core.Modding.ModManager.ReadModsInDirRecursive(String path, ModSource source, List`1 newMods)
   at MegaCrit.Sts2.Core.Modding.ModManager.ReadModsInDirRecursive(String path, ModSource source, List`1 newMods)
   at MegaCrit.Sts2.Core.Modding.ModManager.ReadModsInDirRecursive(String path, ModSource source, List`1 newMods)
   at MegaCrit.Sts2.Core.Modding.ModManager.ReadModsInDirRecursive(String path, ModSource source, List`1 newMods)
   at MegaCrit.Sts2.Core.Modding.ModManager.ReadModsInDirRecursive(String path, ModSource source, List`1 newMods)
   at MegaCrit.Sts2.Core.Modding.ModManager.Initialize(IModManagerFileIo fileIo, ModSettings settings)
   at MegaCrit.Sts2.Core.Helpers.OneTimeInitialization.ExecuteVeryEarly()
   at MegaCrit.Sts2.Core.Nodes.NGame.GameStartup()
   at System.Runtime.CompilerServices.AsyncMethodBuilderCore.Start[TStateMachine](TStateMachine& stateMachine)
   at MegaCrit.Sts2.Core.Nodes.NGame.GameStartup()
   at MegaCrit.Sts2.Core.Nodes.NGame.GameStartupWrapper()
   at System.Runtime.CompilerServices.AsyncMethodBuilderCore.Start[TStateMachine](TStateMachine& stateMachine)
   at MegaCrit.Sts2.Core.Nodes.NGame.GameStartupWrapper()
   at MegaCrit.Sts2.Core.Nodes.NGame._EnterTree()
   at Godot.Node.InvokeGodotClassMethod(godot_string_name& method, NativeVariantPtrArgs args, godot_variant& ret)
   at Godot.CanvasItem.InvokeGodotClassMethod(godot_string_name& method, NativeVariantPtrArgs args, godot_variant& ret)
   at Godot.Control.InvokeGodotClassMethod(godot_string_name& method, NativeVariantPtrArgs args, godot_variant& ret)
   at MegaCrit.Sts2.Core.Nodes.NGame.InvokeGodotClassMethod(godot_string_name& method, NativeVariantPtrArgs args, godot_variant& ret)
   at Godot.Bridge.CSharpInstanceBridge.Call(IntPtr godotObjectGCHandle, godot_string_name* method, godot_variant** args, Int32 argCount, godot_variant_call_error* refCallError, godot_variant* ret)

[INFO] Found mod manifest file E:\SteamLibrary\steamapps\common\Slay the Spire 2\mods\TheQueen\TheQueen\localization\kor\characters.json
[ERROR] Mod manifest E:\SteamLibrary\steamapps\common\Slay the Spire 2\mods\TheQueen\TheQueen\localization\kor\characters.json is missing the 'id' field! This is not allowed. The mod will not be loaded.
   at MegaCrit.Sts2.Core.Modding.ModManager.ReadModManifest(String filename, ModSource source)
   at MegaCrit.Sts2.Core.Modding.ModManager.ReadModsInDirRecursive(String path, ModSource source, List`1 newMods)
   at MegaCrit.Sts2.Core.Modding.ModManager.ReadModsInDirRecursive(String path, ModSource source, List`1 newMods)
   at MegaCrit.Sts2.Core.Modding.ModManager.ReadModsInDirRecursive(String path, ModSource source, List`1 newMods)
   at MegaCrit.Sts2.Core.Modding.ModManager.ReadModsInDirRecursive(String path, ModSource source, List`1 newMods)
   at MegaCrit.Sts2.Core.Modding.ModManager.ReadModsInDirRecursive(String path, ModSource source, List`1 newMods)
   at MegaCrit.Sts2.Core.Modding.ModManager.Initialize(IModManagerFileIo fileIo, ModSettings settings)
   at MegaCrit.Sts2.Core.Helpers.OneTimeInitialization.ExecuteVeryEarly()
   at MegaCrit.Sts2.Core.Nodes.NGame.GameStartup()
   at System.Runtime.CompilerServices.AsyncMethodBuilderCore.Start[TStateMachine](TStateMachine& stateMachine)
   at MegaCrit.Sts2.Core.Nodes.NGame.GameStartup()
   at MegaCrit.Sts2.Core.Nodes.NGame.GameStartupWrapper()
   at System.Runtime.CompilerServices.AsyncMethodBuilderCore.Start[TStateMachine](TStateMachine& stateMachine)
   at MegaCrit.Sts2.Core.Nodes.NGame.GameStartupWrapper()
   at MegaCrit.Sts2.Core.Nodes.NGame._EnterTree()
   at Godot.Node.InvokeGodotClassMethod(godot_string_name& method, NativeVariantPtrArgs args, godot_variant& ret)
   at Godot.CanvasItem.InvokeGodotClassMethod(godot_string_name& method, NativeVariantPtrArgs args, godot_variant& ret)
   at Godot.Control.InvokeGodotClassMethod(godot_string_name& method, NativeVariantPtrArgs args, godot_variant& ret)
   at MegaCrit.Sts2.Core.Nodes.NGame.InvokeGodotClassMethod(godot_string_name& method, NativeVariantPtrArgs args, godot_variant& ret)
   at Godot.Bridge.CSharpInstanceBridge.Call(IntPtr godotObjectGCHandle, godot_string_name* method, godot_variant** args, Int32 argCount, godot_variant_call_error* refCallError, godot_variant* ret)

[INFO] Found mod manifest file E:\SteamLibrary\steamapps\common\Slay the Spire 2\mods\TheQueen\TheQueen\localization\kor\enchantments.json
[ERROR] Mod manifest E:\SteamLibrary\steamapps\common\Slay the Spire 2\mods\TheQueen\TheQueen\localization\kor\enchantments.json is missing the 'id' field! This is not allowed. The mod will not be loaded.
   at MegaCrit.Sts2.Core.Modding.ModManager.ReadModManifest(String filename, ModSource source)
   at MegaCrit.Sts2.Core.Modding.ModManager.ReadModsInDirRecursive(String path, ModSource source, List`1 newMods)
   at MegaCrit.Sts2.Core.Modding.ModManager.ReadModsInDirRecursive(String path, ModSource source, List`1 newMods)
   at MegaCrit.Sts2.Core.Modding.ModManager.ReadModsInDirRecursive(String path, ModSource source, List`1 newMods)
   at MegaCrit.Sts2.Core.Modding.ModManager.ReadModsInDirRecursive(String path, ModSource source, List`1 newMods)
   at MegaCrit.Sts2.Core.Modding.ModManager.ReadModsInDirRecursive(String path, ModSource source, List`1 newMods)
   at MegaCrit.Sts2.Core.Modding.ModManager.Initialize(IModManagerFileIo fileIo, ModSettings settings)
   at MegaCrit.Sts2.Core.Helpers.OneTimeInitialization.ExecuteVeryEarly()
   at MegaCrit.Sts2.Core.Nodes.NGame.GameStartup()
   at System.Runtime.CompilerServices.AsyncMethodBuilderCore.Start[TStateMachine](TStateMachine& stateMachine)
   at MegaCrit.Sts2.Core.Nodes.NGame.GameStartup()
   at MegaCrit.Sts2.Core.Nodes.NGame.GameStartupWrapper()
   at System.Runtime.CompilerServices.AsyncMethodBuilderCore.Start[TStateMachine](TStateMachine& stateMachine)
   at MegaCrit.Sts2.Core.Nodes.NGame.GameStartupWrapper()
   at MegaCrit.Sts2.Core.Nodes.NGame._EnterTree()
   at Godot.Node.InvokeGodotClassMethod(godot_string_name& method, NativeVariantPtrArgs args, godot_variant& ret)
   at Godot.CanvasItem.InvokeGodotClassMethod(godot_string_name& method, NativeVariantPtrArgs args, godot_variant& ret)
   at Godot.Control.InvokeGodotClassMethod(godot_string_name& method, NativeVariantPtrArgs args, godot_variant& ret)
   at MegaCrit.Sts2.Core.Nodes.NGame.InvokeGodotClassMethod(godot_string_name& method, NativeVariantPtrArgs args, godot_variant& ret)
   at Godot.Bridge.CSharpInstanceBridge.Call(IntPtr godotObjectGCHandle, godot_string_name* method, godot_variant** args, Int32 argCount, godot_variant_call_error* refCallError, godot_variant* ret)

[INFO] Found mod manifest file E:\SteamLibrary\steamapps\common\Slay the Spire 2\mods\TheQueen\TheQueen\localization\kor\intents.json
[ERROR] Mod manifest E:\SteamLibrary\steamapps\common\Slay the Spire 2\mods\TheQueen\TheQueen\localization\kor\intents.json is missing the 'id' field! This is not allowed. The mod will not be loaded.
   at MegaCrit.Sts2.Core.Modding.ModManager.ReadModManifest(String filename, ModSource source)
   at MegaCrit.Sts2.Core.Modding.ModManager.ReadModsInDirRecursive(String path, ModSource source, List`1 newMods)
   at MegaCrit.Sts2.Core.Modding.ModManager.ReadModsInDirRecursive(String path, ModSource source, List`1 newMods)
   at MegaCrit.Sts2.Core.Modding.ModManager.ReadModsInDirRecursive(String path, ModSource source, List`1 newMods)
   at MegaCrit.Sts2.Core.Modding.ModManager.ReadModsInDirRecursive(String path, ModSource source, List`1 newMods)
   at MegaCrit.Sts2.Core.Modding.ModManager.ReadModsInDirRecursive(String path, ModSource source, List`1 newMods)
   at MegaCrit.Sts2.Core.Modding.ModManager.Initialize(IModManagerFileIo fileIo, ModSettings settings)
   at MegaCrit.Sts2.Core.Helpers.OneTimeInitialization.ExecuteVeryEarly()
   at MegaCrit.Sts2.Core.Nodes.NGame.GameStartup()
   at System.Runtime.CompilerServices.AsyncMethodBuilderCore.Start[TStateMachine](TStateMachine& stateMachine)
   at MegaCrit.Sts2.Core.Nodes.NGame.GameStartup()
   at MegaCrit.Sts2.Core.Nodes.NGame.GameStartupWrapper()
   at System.Runtime.CompilerServices.AsyncMethodBuilderCore.Start[TStateMachine](TStateMachine& stateMachine)
   at MegaCrit.Sts2.Core.Nodes.NGame.GameStartupWrapper()
   at MegaCrit.Sts2.Core.Nodes.NGame._EnterTree()
   at Godot.Node.InvokeGodotClassMethod(godot_string_name& method, NativeVariantPtrArgs args, godot_variant& ret)
   at Godot.CanvasItem.InvokeGodotClassMethod(godot_string_name& method, NativeVariantPtrArgs args, godot_variant& ret)
   at Godot.Control.InvokeGodotClassMethod(godot_string_name& method, NativeVariantPtrArgs args, godot_variant& ret)
   at MegaCrit.Sts2.Core.Nodes.NGame.InvokeGodotClassMethod(godot_string_name& method, NativeVariantPtrArgs args, godot_variant& ret)
   at Godot.Bridge.CSharpInstanceBridge.Call(IntPtr godotObjectGCHandle, godot_string_name* method, godot_variant** args, Int32 argCount, godot_variant_call_error* refCallError, godot_variant* ret)

[INFO] Found mod manifest file E:\SteamLibrary\steamapps\common\Slay the Spire 2\mods\TheQueen\TheQueen\localization\kor\monsters.json
[ERROR] Mod manifest E:\SteamLibrary\steamapps\common\Slay the Spire 2\mods\TheQueen\TheQueen\localization\kor\monsters.json is missing the 'id' field! This is not allowed. The mod will not be loaded.
   at MegaCrit.Sts2.Core.Modding.ModManager.ReadModManifest(String filename, ModSource source)
   at MegaCrit.Sts2.Core.Modding.ModManager.ReadModsInDirRecursive(String path, ModSource source, List`1 newMods)
   at MegaCrit.Sts2.Core.Modding.ModManager.ReadModsInDirRecursive(String path, ModSource source, List`1 newMods)
   at MegaCrit.Sts2.Core.Modding.ModManager.ReadModsInDirRecursive(String path, ModSource source, List`1 newMods)
   at MegaCrit.Sts2.Core.Modding.ModManager.ReadModsInDirRecursive(String path, ModSource source, List`1 newMods)
   at MegaCrit.Sts2.Core.Modding.ModManager.ReadModsInDirRecursive(String path, ModSource source, List`1 newMods)
   at MegaCrit.Sts2.Core.Modding.ModManager.Initialize(IModManagerFileIo fileIo, ModSettings settings)
   at MegaCrit.Sts2.Core.Helpers.OneTimeInitialization.ExecuteVeryEarly()
   at MegaCrit.Sts2.Core.Nodes.NGame.GameStartup()
   at System.Runtime.CompilerServices.AsyncMethodBuilderCore.Start[TStateMachine](TStateMachine& stateMachine)
   at MegaCrit.Sts2.Core.Nodes.NGame.GameStartup()
   at MegaCrit.Sts2.Core.Nodes.NGame.GameStartupWrapper()
   at System.Runtime.CompilerServices.AsyncMethodBuilderCore.Start[TStateMachine](TStateMachine& stateMachine)
   at MegaCrit.Sts2.Core.Nodes.NGame.GameStartupWrapper()
   at MegaCrit.Sts2.Core.Nodes.NGame._EnterTree()
   at Godot.Node.InvokeGodotClassMethod(godot_string_name& method, NativeVariantPtrArgs args, godot_variant& ret)
   at Godot.CanvasItem.InvokeGodotClassMethod(godot_string_name& method, NativeVariantPtrArgs args, godot_variant& ret)
   at Godot.Control.InvokeGodotClassMethod(godot_string_name& method, NativeVariantPtrArgs args, godot_variant& ret)
   at MegaCrit.Sts2.Core.Nodes.NGame.InvokeGodotClassMethod(godot_string_name& method, NativeVariantPtrArgs args, godot_variant& ret)
   at Godot.Bridge.CSharpInstanceBridge.Call(IntPtr godotObjectGCHandle, godot_string_name* method, godot_variant** args, Int32 argCount, godot_variant_call_error* refCallError, godot_variant* ret)

[INFO] Found mod manifest file E:\SteamLibrary\steamapps\common\Slay the Spire 2\mods\TheQueen\TheQueen\localization\kor\potions.json
[ERROR] Mod manifest E:\SteamLibrary\steamapps\common\Slay the Spire 2\mods\TheQueen\TheQueen\localization\kor\potions.json is missing the 'id' field! This is not allowed. The mod will not be loaded.
   at MegaCrit.Sts2.Core.Modding.ModManager.ReadModManifest(String filename, ModSource source)
   at MegaCrit.Sts2.Core.Modding.ModManager.ReadModsInDirRecursive(String path, ModSource source, List`1 newMods)
   at MegaCrit.Sts2.Core.Modding.ModManager.ReadModsInDirRecursive(String path, ModSource source, List`1 newMods)
   at MegaCrit.Sts2.Core.Modding.ModManager.ReadModsInDirRecursive(String path, ModSource source, List`1 newMods)
   at MegaCrit.Sts2.Core.Modding.ModManager.ReadModsInDirRecursive(String path, ModSource source, List`1 newMods)
   at MegaCrit.Sts2.Core.Modding.ModManager.ReadModsInDirRecursive(String path, ModSource source, List`1 newMods)
   at MegaCrit.Sts2.Core.Modding.ModManager.Initialize(IModManagerFileIo fileIo, ModSettings settings)
   at MegaCrit.Sts2.Core.Helpers.OneTimeInitialization.ExecuteVeryEarly()
   at MegaCrit.Sts2.Core.Nodes.NGame.GameStartup()
   at System.Runtime.CompilerServices.AsyncMethodBuilderCore.Start[TStateMachine](TStateMachine& stateMachine)
   at MegaCrit.Sts2.Core.Nodes.NGame.GameStartup()
   at MegaCrit.Sts2.Core.Nodes.NGame.GameStartupWrapper()
   at System.Runtime.CompilerServices.AsyncMethodBuilderCore.Start[TStateMachine](TStateMachine& stateMachine)
   at MegaCrit.Sts2.Core.Nodes.NGame.GameStartupWrapper()
   at MegaCrit.Sts2.Core.Nodes.NGame._EnterTree()
   at Godot.Node.InvokeGodotClassMethod(godot_string_name& method, NativeVariantPtrArgs args, godot_variant& ret)
   at Godot.CanvasItem.InvokeGodotClassMethod(godot_string_name& method, NativeVariantPtrArgs args, godot_variant& ret)
   at Godot.Control.InvokeGodotClassMethod(godot_string_name& method, NativeVariantPtrArgs args, godot_variant& ret)
   at MegaCrit.Sts2.Core.Nodes.NGame.InvokeGodotClassMethod(godot_string_name& method, NativeVariantPtrArgs args, godot_variant& ret)
   at Godot.Bridge.CSharpInstanceBridge.Call(IntPtr godotObjectGCHandle, godot_string_name* method, godot_variant** args, Int32 argCount, godot_variant_call_error* refCallError, godot_variant* ret)

[INFO] Found mod manifest file E:\SteamLibrary\steamapps\common\Slay the Spire 2\mods\TheQueen\TheQueen\localization\kor\powers.json
[ERROR] Mod manifest E:\SteamLibrary\steamapps\common\Slay the Spire 2\mods\TheQueen\TheQueen\localization\kor\powers.json is missing the 'id' field! This is not allowed. The mod will not be loaded.
   at MegaCrit.Sts2.Core.Modding.ModManager.ReadModManifest(String filename, ModSource source)
   at MegaCrit.Sts2.Core.Modding.ModManager.ReadModsInDirRecursive(String path, ModSource source, List`1 newMods)
   at MegaCrit.Sts2.Core.Modding.ModManager.ReadModsInDirRecursive(String path, ModSource source, List`1 newMods)
   at MegaCrit.Sts2.Core.Modding.ModManager.ReadModsInDirRecursive(String path, ModSource source, List`1 newMods)
   at MegaCrit.Sts2.Core.Modding.ModManager.ReadModsInDirRecursive(String path, ModSource source, List`1 newMods)
   at MegaCrit.Sts2.Core.Modding.ModManager.ReadModsInDirRecursive(String path, ModSource source, List`1 newMods)
   at MegaCrit.Sts2.Core.Modding.ModManager.Initialize(IModManagerFileIo fileIo, ModSettings settings)
   at MegaCrit.Sts2.Core.Helpers.OneTimeInitialization.ExecuteVeryEarly()
   at MegaCrit.Sts2.Core.Nodes.NGame.GameStartup()
   at System.Runtime.CompilerServices.AsyncMethodBuilderCore.Start[TStateMachine](TStateMachine& stateMachine)
   at MegaCrit.Sts2.Core.Nodes.NGame.GameStartup()
   at MegaCrit.Sts2.Core.Nodes.NGame.GameStartupWrapper()
   at System.Runtime.CompilerServices.AsyncMethodBuilderCore.Start[TStateMachine](TStateMachine& stateMachine)
   at MegaCrit.Sts2.Core.Nodes.NGame.GameStartupWrapper()
   at MegaCrit.Sts2.Core.Nodes.NGame._EnterTree()
   at Godot.Node.InvokeGodotClassMethod(godot_string_name& method, NativeVariantPtrArgs args, godot_variant& ret)
   at Godot.CanvasItem.InvokeGodotClassMethod(godot_string_name& method, NativeVariantPtrArgs args, godot_variant& ret)
   at Godot.Control.InvokeGodotClassMethod(godot_string_name& method, NativeVariantPtrArgs args, godot_variant& ret)
   at MegaCrit.Sts2.Core.Nodes.NGame.InvokeGodotClassMethod(godot_string_name& method, NativeVariantPtrArgs args, godot_variant& ret)
   at Godot.Bridge.CSharpInstanceBridge.Call(IntPtr godotObjectGCHandle, godot_string_name* method, godot_variant** args, Int32 argCount, godot_variant_call_error* refCallError, godot_variant* ret)

[INFO] Found mod manifest file E:\SteamLibrary\steamapps\common\Slay the Spire 2\mods\TheQueen\TheQueen\localization\kor\relics.json
[ERROR] Mod manifest E:\SteamLibrary\steamapps\common\Slay the Spire 2\mods\TheQueen\TheQueen\localization\kor\relics.json is missing the 'id' field! This is not allowed. The mod will not be loaded.
   at MegaCrit.Sts2.Core.Modding.ModManager.ReadModManifest(String filename, ModSource source)
   at MegaCrit.Sts2.Core.Modding.ModManager.ReadModsInDirRecursive(String path, ModSource source, List`1 newMods)
   at MegaCrit.Sts2.Core.Modding.ModManager.ReadModsInDirRecursive(String path, ModSource source, List`1 newMods)
   at MegaCrit.Sts2.Core.Modding.ModManager.ReadModsInDirRecursive(String path, ModSource source, List`1 newMods)
   at MegaCrit.Sts2.Core.Modding.ModManager.ReadModsInDirRecursive(String path, ModSource source, List`1 newMods)
   at MegaCrit.Sts2.Core.Modding.ModManager.ReadModsInDirRecursive(String path, ModSource source, List`1 newMods)
   at MegaCrit.Sts2.Core.Modding.ModManager.Initialize(IModManagerFileIo fileIo, ModSettings settings)
   at MegaCrit.Sts2.Core.Helpers.OneTimeInitialization.ExecuteVeryEarly()
   at MegaCrit.Sts2.Core.Nodes.NGame.GameStartup()
   at System.Runtime.CompilerServices.AsyncMethodBuilderCore.Start[TStateMachine](TStateMachine& stateMachine)
   at MegaCrit.Sts2.Core.Nodes.NGame.GameStartup()
   at MegaCrit.Sts2.Core.Nodes.NGame.GameStartupWrapper()
   at System.Runtime.CompilerServices.AsyncMethodBuilderCore.Start[TStateMachine](TStateMachine& stateMachine)
   at MegaCrit.Sts2.Core.Nodes.NGame.GameStartupWrapper()
   at MegaCrit.Sts2.Core.Nodes.NGame._EnterTree()
   at Godot.Node.InvokeGodotClassMethod(godot_string_name& method, NativeVariantPtrArgs args, godot_variant& ret)
   at Godot.CanvasItem.InvokeGodotClassMethod(godot_string_name& method, NativeVariantPtrArgs args, godot_variant& ret)
   at Godot.Control.InvokeGodotClassMethod(godot_string_name& method, NativeVariantPtrArgs args, godot_variant& ret)
   at MegaCrit.Sts2.Core.Nodes.NGame.InvokeGodotClassMethod(godot_string_name& method, NativeVariantPtrArgs args, godot_variant& ret)
   at Godot.Bridge.CSharpInstanceBridge.Call(IntPtr godotObjectGCHandle, godot_string_name* method, godot_variant** args, Int32 argCount, godot_variant_call_error* refCallError, godot_variant* ret)

[INFO] Found mod manifest file E:\SteamLibrary\steamapps\common\Slay the Spire 2\mods\TheQueen\TheQueen\localization\kor\static_hover_tips.json
[ERROR] Mod manifest E:\SteamLibrary\steamapps\common\Slay the Spire 2\mods\TheQueen\TheQueen\localization\kor\static_hover_tips.json is missing the 'id' field! This is not allowed. The mod will not be loaded.
   at MegaCrit.Sts2.Core.Modding.ModManager.ReadModManifest(String filename, ModSource source)
   at MegaCrit.Sts2.Core.Modding.ModManager.ReadModsInDirRecursive(String path, ModSource source, List`1 newMods)
   at MegaCrit.Sts2.Core.Modding.ModManager.ReadModsInDirRecursive(String path, ModSource source, List`1 newMods)
   at MegaCrit.Sts2.Core.Modding.ModManager.ReadModsInDirRecursive(String path, ModSource source, List`1 newMods)
   at MegaCrit.Sts2.Core.Modding.ModManager.ReadModsInDirRecursive(String path, ModSource source, List`1 newMods)
   at MegaCrit.Sts2.Core.Modding.ModManager.ReadModsInDirRecursive(String path, ModSource source, List`1 newMods)
   at MegaCrit.Sts2.Core.Modding.ModManager.Initialize(IModManagerFileIo fileIo, ModSettings settings)
   at MegaCrit.Sts2.Core.Helpers.OneTimeInitialization.ExecuteVeryEarly()
   at MegaCrit.Sts2.Core.Nodes.NGame.GameStartup()
   at System.Runtime.CompilerServices.AsyncMethodBuilderCore.Start[TStateMachine](TStateMachine& stateMachine)
   at MegaCrit.Sts2.Core.Nodes.NGame.GameStartup()
   at MegaCrit.Sts2.Core.Nodes.NGame.GameStartupWrapper()
   at System.Runtime.CompilerServices.AsyncMethodBuilderCore.Start[TStateMachine](TStateMachine& stateMachine)
   at MegaCrit.Sts2.Core.Nodes.NGame.GameStartupWrapper()
   at MegaCrit.Sts2.Core.Nodes.NGame._EnterTree()
   at Godot.Node.InvokeGodotClassMethod(godot_string_name& method, NativeVariantPtrArgs args, godot_variant& ret)
   at Godot.CanvasItem.InvokeGodotClassMethod(godot_string_name& method, NativeVariantPtrArgs args, godot_variant& ret)
   at Godot.Control.InvokeGodotClassMethod(godot_string_name& method, NativeVariantPtrArgs args, godot_variant& ret)
   at MegaCrit.Sts2.Core.Nodes.NGame.InvokeGodotClassMethod(godot_string_name& method, NativeVariantPtrArgs args, godot_variant& ret)
   at Godot.Bridge.CSharpInstanceBridge.Call(IntPtr godotObjectGCHandle, godot_string_name* method, godot_variant** args, Int32 argCount, godot_variant_call_error* refCallError, godot_variant* ret)

[INFO] Found mod manifest file E:\SteamLibrary\steamapps\common\Slay the Spire 2\mods\TheQueen\TheQueen\localization\mod_settings\eng.json
[ERROR] Mod manifest E:\SteamLibrary\steamapps\common\Slay the Spire 2\mods\TheQueen\TheQueen\localization\mod_settings\eng.json is missing the 'id' field! This is not allowed. The mod will not be loaded.
   at MegaCrit.Sts2.Core.Modding.ModManager.ReadModManifest(String filename, ModSource source)
   at MegaCrit.Sts2.Core.Modding.ModManager.ReadModsInDirRecursive(String path, ModSource source, List`1 newMods)
   at MegaCrit.Sts2.Core.Modding.ModManager.ReadModsInDirRecursive(String path, ModSource source, List`1 newMods)
   at MegaCrit.Sts2.Core.Modding.ModManager.ReadModsInDirRecursive(String path, ModSource source, List`1 newMods)
   at MegaCrit.Sts2.Core.Modding.ModManager.ReadModsInDirRecursive(String path, ModSource source, List`1 newMods)
   at MegaCrit.Sts2.Core.Modding.ModManager.ReadModsInDirRecursive(String path, ModSource source, List`1 newMods)
   at MegaCrit.Sts2.Core.Modding.ModManager.Initialize(IModManagerFileIo fileIo, ModSettings settings)
   at MegaCrit.Sts2.Core.Helpers.OneTimeInitialization.ExecuteVeryEarly()
   at MegaCrit.Sts2.Core.Nodes.NGame.GameStartup()
   at System.Runtime.CompilerServices.AsyncMethodBuilderCore.Start[TStateMachine](TStateMachine& stateMachine)
   at MegaCrit.Sts2.Core.Nodes.NGame.GameStartup()
   at MegaCrit.Sts2.Core.Nodes.NGame.GameStartupWrapper()
   at System.Runtime.CompilerServices.AsyncMethodBuilderCore.Start[TStateMachine](TStateMachine& stateMachine)
   at MegaCrit.Sts2.Core.Nodes.NGame.GameStartupWrapper()
   at MegaCrit.Sts2.Core.Nodes.NGame._EnterTree()
   at Godot.Node.InvokeGodotClassMethod(godot_string_name& method, NativeVariantPtrArgs args, godot_variant& ret)
   at Godot.CanvasItem.InvokeGodotClassMethod(godot_string_name& method, NativeVariantPtrArgs args, godot_variant& ret)
   at Godot.Control.InvokeGodotClassMethod(godot_string_name& method, NativeVariantPtrArgs args, godot_variant& ret)
   at MegaCrit.Sts2.Core.Nodes.NGame.InvokeGodotClassMethod(godot_string_name& method, NativeVariantPtrArgs args, godot_variant& ret)
   at Godot.Bridge.CSharpInstanceBridge.Call(IntPtr godotObjectGCHandle, godot_string_name* method, godot_variant** args, Int32 argCount, godot_variant_call_error* refCallError, godot_variant* ret)

[INFO] Found mod manifest file E:\SteamLibrary\steamapps\common\Slay the Spire 2\mods\TheQueen\TheQueen\localization\mod_settings\jpn.json
[ERROR] Mod manifest E:\SteamLibrary\steamapps\common\Slay the Spire 2\mods\TheQueen\TheQueen\localization\mod_settings\jpn.json is missing the 'id' field! This is not allowed. The mod will not be loaded.
   at MegaCrit.Sts2.Core.Modding.ModManager.ReadModManifest(String filename, ModSource source)
   at MegaCrit.Sts2.Core.Modding.ModManager.ReadModsInDirRecursive(String path, ModSource source, List`1 newMods)
   at MegaCrit.Sts2.Core.Modding.ModManager.ReadModsInDirRecursive(String path, ModSource source, List`1 newMods)
   at MegaCrit.Sts2.Core.Modding.ModManager.ReadModsInDirRecursive(String path, ModSource source, List`1 newMods)
   at MegaCrit.Sts2.Core.Modding.ModManager.ReadModsInDirRecursive(String path, ModSource source, List`1 newMods)
   at MegaCrit.Sts2.Core.Modding.ModManager.ReadModsInDirRecursive(String path, ModSource source, List`1 newMods)
   at MegaCrit.Sts2.Core.Modding.ModManager.Initialize(IModManagerFileIo fileIo, ModSettings settings)
   at MegaCrit.Sts2.Core.Helpers.OneTimeInitialization.ExecuteVeryEarly()
   at MegaCrit.Sts2.Core.Nodes.NGame.GameStartup()
   at System.Runtime.CompilerServices.AsyncMethodBuilderCore.Start[TStateMachine](TStateMachine& stateMachine)
   at MegaCrit.Sts2.Core.Nodes.NGame.GameStartup()
   at MegaCrit.Sts2.Core.Nodes.NGame.GameStartupWrapper()
   at System.Runtime.CompilerServices.AsyncMethodBuilderCore.Start[TStateMachine](TStateMachine& stateMachine)
   at MegaCrit.Sts2.Core.Nodes.NGame.GameStartupWrapper()
   at MegaCrit.Sts2.Core.Nodes.NGame._EnterTree()
   at Godot.Node.InvokeGodotClassMethod(godot_string_name& method, NativeVariantPtrArgs args, godot_variant& ret)
   at Godot.CanvasItem.InvokeGodotClassMethod(godot_string_name& method, NativeVariantPtrArgs args, godot_variant& ret)
   at Godot.Control.InvokeGodotClassMethod(godot_string_name& method, NativeVariantPtrArgs args, godot_variant& ret)
   at MegaCrit.Sts2.Core.Nodes.NGame.InvokeGodotClassMethod(godot_string_name& method, NativeVariantPtrArgs args, godot_variant& ret)
   at Godot.Bridge.CSharpInstanceBridge.Call(IntPtr godotObjectGCHandle, godot_string_name* method, godot_variant** args, Int32 argCount, godot_variant_call_error* refCallError, godot_variant* ret)

[INFO] Found mod manifest file E:\SteamLibrary\steamapps\common\Slay the Spire 2\mods\TheQueen\TheQueen\localization\mod_settings\kor.json
[ERROR] Mod manifest E:\SteamLibrary\steamapps\common\Slay the Spire 2\mods\TheQueen\TheQueen\localization\mod_settings\kor.json is missing the 'id' field! This is not allowed. The mod will not be loaded.
   at MegaCrit.Sts2.Core.Modding.ModManager.ReadModManifest(String filename, ModSource source)
   at MegaCrit.Sts2.Core.Modding.ModManager.ReadModsInDirRecursive(String path, ModSource source, List`1 newMods)
   at MegaCrit.Sts2.Core.Modding.ModManager.ReadModsInDirRecursive(String path, ModSource source, List`1 newMods)
   at MegaCrit.Sts2.Core.Modding.ModManager.ReadModsInDirRecursive(String path, ModSource source, List`1 newMods)
   at MegaCrit.Sts2.Core.Modding.ModManager.ReadModsInDirRecursive(String path, ModSource source, List`1 newMods)
   at MegaCrit.Sts2.Core.Modding.ModManager.ReadModsInDirRecursive(String path, ModSource source, List`1 newMods)
   at MegaCrit.Sts2.Core.Modding.ModManager.Initialize(IModManagerFileIo fileIo, ModSettings settings)
   at MegaCrit.Sts2.Core.Helpers.OneTimeInitialization.ExecuteVeryEarly()
   at MegaCrit.Sts2.Core.Nodes.NGame.GameStartup()
   at System.Runtime.CompilerServices.AsyncMethodBuilderCore.Start[TStateMachine](TStateMachine& stateMachine)
   at MegaCrit.Sts2.Core.Nodes.NGame.GameStartup()
   at MegaCrit.Sts2.Core.Nodes.NGame.GameStartupWrapper()
   at System.Runtime.CompilerServices.AsyncMethodBuilderCore.Start[TStateMachine](TStateMachine& stateMachine)
   at MegaCrit.Sts2.Core.Nodes.NGame.GameStartupWrapper()
   at MegaCrit.Sts2.Core.Nodes.NGame._EnterTree()
   at Godot.Node.InvokeGodotClassMethod(godot_string_name& method, NativeVariantPtrArgs args, godot_variant& ret)
   at Godot.CanvasItem.InvokeGodotClassMethod(godot_string_name& method, NativeVariantPtrArgs args, godot_variant& ret)
   at Godot.Control.InvokeGodotClassMethod(godot_string_name& method, NativeVariantPtrArgs args, godot_variant& ret)
   at MegaCrit.Sts2.Core.Nodes.NGame.InvokeGodotClassMethod(godot_string_name& method, NativeVariantPtrArgs args, godot_variant& ret)
   at Godot.Bridge.CSharpInstanceBridge.Call(IntPtr godotObjectGCHandle, godot_string_name* method, godot_variant** args, Int32 argCount, godot_variant_call_error* refCallError, godot_variant* ret)

[INFO] Found mod manifest file E:\SteamLibrary\steamapps\common\Slay the Spire 2\mods\TheQueen\TheQueen\localization\mod_settings\zhs.json
[ERROR] Mod manifest E:\SteamLibrary\steamapps\common\Slay the Spire 2\mods\TheQueen\TheQueen\localization\mod_settings\zhs.json is missing the 'id' field! This is not allowed. The mod will not be loaded.
   at MegaCrit.Sts2.Core.Modding.ModManager.ReadModManifest(String filename, ModSource source)
   at MegaCrit.Sts2.Core.Modding.ModManager.ReadModsInDirRecursive(String path, ModSource source, List`1 newMods)
   at MegaCrit.Sts2.Core.Modding.ModManager.ReadModsInDirRecursive(String path, ModSource source, List`1 newMods)
   at MegaCrit.Sts2.Core.Modding.ModManager.ReadModsInDirRecursive(String path, ModSource source, List`1 newMods)
   at MegaCrit.Sts2.Core.Modding.ModManager.ReadModsInDirRecursive(String path, ModSource source, List`1 newMods)
   at MegaCrit.Sts2.Core.Modding.ModManager.ReadModsInDirRecursive(String path, ModSource source, List`1 newMods)
   at MegaCrit.Sts2.Core.Modding.ModManager.Initialize(IModManagerFileIo fileIo, ModSettings settings)
   at MegaCrit.Sts2.Core.Helpers.OneTimeInitialization.ExecuteVeryEarly()
   at MegaCrit.Sts2.Core.Nodes.NGame.GameStartup()
   at System.Runtime.CompilerServices.AsyncMethodBuilderCore.Start[TStateMachine](TStateMachine& stateMachine)
   at MegaCrit.Sts2.Core.Nodes.NGame.GameStartup()
   at MegaCrit.Sts2.Core.Nodes.NGame.GameStartupWrapper()
   at System.Runtime.CompilerServices.AsyncMethodBuilderCore.Start[TStateMachine](TStateMachine& stateMachine)
   at MegaCrit.Sts2.Core.Nodes.NGame.GameStartupWrapper()
   at MegaCrit.Sts2.Core.Nodes.NGame._EnterTree()
   at Godot.Node.InvokeGodotClassMethod(godot_string_name& method, NativeVariantPtrArgs args, godot_variant& ret)
   at Godot.CanvasItem.InvokeGodotClassMethod(godot_string_name& method, NativeVariantPtrArgs args, godot_variant& ret)
   at Godot.Control.InvokeGodotClassMethod(godot_string_name& method, NativeVariantPtrArgs args, godot_variant& ret)
   at MegaCrit.Sts2.Core.Nodes.NGame.InvokeGodotClassMethod(godot_string_name& method, NativeVariantPtrArgs args, godot_variant& ret)
   at Godot.Bridge.CSharpInstanceBridge.Call(IntPtr godotObjectGCHandle, godot_string_name* method, godot_variant** args, Int32 argCount, godot_variant_call_error* refCallError, godot_variant* ret)

[INFO] Found mod manifest file E:\SteamLibrary\steamapps\common\Slay the Spire 2\mods\TheQueen\TheQueen\localization\zhs\afflictions.json
[ERROR] Mod manifest E:\SteamLibrary\steamapps\common\Slay the Spire 2\mods\TheQueen\TheQueen\localization\zhs\afflictions.json is missing the 'id' field! This is not allowed. The mod will not be loaded.
   at MegaCrit.Sts2.Core.Modding.ModManager.ReadModManifest(String filename, ModSource source)
   at MegaCrit.Sts2.Core.Modding.ModManager.ReadModsInDirRecursive(String path, ModSource source, List`1 newMods)
   at MegaCrit.Sts2.Core.Modding.ModManager.ReadModsInDirRecursive(String path, ModSource source, List`1 newMods)
   at MegaCrit.Sts2.Core.Modding.ModManager.ReadModsInDirRecursive(String path, ModSource source, List`1 newMods)
   at MegaCrit.Sts2.Core.Modding.ModManager.ReadModsInDirRecursive(String path, ModSource source, List`1 newMods)
   at MegaCrit.Sts2.Core.Modding.ModManager.ReadModsInDirRecursive(String path, ModSource source, List`1 newMods)
   at MegaCrit.Sts2.Core.Modding.ModManager.Initialize(IModManagerFileIo fileIo, ModSettings settings)
   at MegaCrit.Sts2.Core.Helpers.OneTimeInitialization.ExecuteVeryEarly()
   at MegaCrit.Sts2.Core.Nodes.NGame.GameStartup()
   at System.Runtime.CompilerServices.AsyncMethodBuilderCore.Start[TStateMachine](TStateMachine& stateMachine)
   at MegaCrit.Sts2.Core.Nodes.NGame.GameStartup()
   at MegaCrit.Sts2.Core.Nodes.NGame.GameStartupWrapper()
   at System.Runtime.CompilerServices.AsyncMethodBuilderCore.Start[TStateMachine](TStateMachine& stateMachine)
   at MegaCrit.Sts2.Core.Nodes.NGame.GameStartupWrapper()
   at MegaCrit.Sts2.Core.Nodes.NGame._EnterTree()
   at Godot.Node.InvokeGodotClassMethod(godot_string_name& method, NativeVariantPtrArgs args, godot_variant& ret)
   at Godot.CanvasItem.InvokeGodotClassMethod(godot_string_name& method, NativeVariantPtrArgs args, godot_variant& ret)
   at Godot.Control.InvokeGodotClassMethod(godot_string_name& method, NativeVariantPtrArgs args, godot_variant& ret)
   at MegaCrit.Sts2.Core.Nodes.NGame.InvokeGodotClassMethod(godot_string_name& method, NativeVariantPtrArgs args, godot_variant& ret)
   at Godot.Bridge.CSharpInstanceBridge.Call(IntPtr godotObjectGCHandle, godot_string_name* method, godot_variant** args, Int32 argCount, godot_variant_call_error* refCallError, godot_variant* ret)

[INFO] Found mod manifest file E:\SteamLibrary\steamapps\common\Slay the Spire 2\mods\TheQueen\TheQueen\localization\zhs\ancients.json
[ERROR] Mod manifest E:\SteamLibrary\steamapps\common\Slay the Spire 2\mods\TheQueen\TheQueen\localization\zhs\ancients.json is missing the 'id' field! This is not allowed. The mod will not be loaded.
   at MegaCrit.Sts2.Core.Modding.ModManager.ReadModManifest(String filename, ModSource source)
   at MegaCrit.Sts2.Core.Modding.ModManager.ReadModsInDirRecursive(String path, ModSource source, List`1 newMods)
   at MegaCrit.Sts2.Core.Modding.ModManager.ReadModsInDirRecursive(String path, ModSource source, List`1 newMods)
   at MegaCrit.Sts2.Core.Modding.ModManager.ReadModsInDirRecursive(String path, ModSource source, List`1 newMods)
   at MegaCrit.Sts2.Core.Modding.ModManager.ReadModsInDirRecursive(String path, ModSource source, List`1 newMods)
   at MegaCrit.Sts2.Core.Modding.ModManager.ReadModsInDirRecursive(String path, ModSource source, List`1 newMods)
   at MegaCrit.Sts2.Core.Modding.ModManager.Initialize(IModManagerFileIo fileIo, ModSettings settings)
   at MegaCrit.Sts2.Core.Helpers.OneTimeInitialization.ExecuteVeryEarly()
   at MegaCrit.Sts2.Core.Nodes.NGame.GameStartup()
   at System.Runtime.CompilerServices.AsyncMethodBuilderCore.Start[TStateMachine](TStateMachine& stateMachine)
   at MegaCrit.Sts2.Core.Nodes.NGame.GameStartup()
   at MegaCrit.Sts2.Core.Nodes.NGame.GameStartupWrapper()
   at System.Runtime.CompilerServices.AsyncMethodBuilderCore.Start[TStateMachine](TStateMachine& stateMachine)
   at MegaCrit.Sts2.Core.Nodes.NGame.GameStartupWrapper()
   at MegaCrit.Sts2.Core.Nodes.NGame._EnterTree()
   at Godot.Node.InvokeGodotClassMethod(godot_string_name& method, NativeVariantPtrArgs args, godot_variant& ret)
   at Godot.CanvasItem.InvokeGodotClassMethod(godot_string_name& method, NativeVariantPtrArgs args, godot_variant& ret)
   at Godot.Control.InvokeGodotClassMethod(godot_string_name& method, NativeVariantPtrArgs args, godot_variant& ret)
   at MegaCrit.Sts2.Core.Nodes.NGame.InvokeGodotClassMethod(godot_string_name& method, NativeVariantPtrArgs args, godot_variant& ret)
   at Godot.Bridge.CSharpInstanceBridge.Call(IntPtr godotObjectGCHandle, godot_string_name* method, godot_variant** args, Int32 argCount, godot_variant_call_error* refCallError, godot_variant* ret)

[INFO] Found mod manifest file E:\SteamLibrary\steamapps\common\Slay the Spire 2\mods\TheQueen\TheQueen\localization\zhs\card_keywords.json
[ERROR] Mod manifest E:\SteamLibrary\steamapps\common\Slay the Spire 2\mods\TheQueen\TheQueen\localization\zhs\card_keywords.json is missing the 'id' field! This is not allowed. The mod will not be loaded.
   at MegaCrit.Sts2.Core.Modding.ModManager.ReadModManifest(String filename, ModSource source)
   at MegaCrit.Sts2.Core.Modding.ModManager.ReadModsInDirRecursive(String path, ModSource source, List`1 newMods)
   at MegaCrit.Sts2.Core.Modding.ModManager.ReadModsInDirRecursive(String path, ModSource source, List`1 newMods)
   at MegaCrit.Sts2.Core.Modding.ModManager.ReadModsInDirRecursive(String path, ModSource source, List`1 newMods)
   at MegaCrit.Sts2.Core.Modding.ModManager.ReadModsInDirRecursive(String path, ModSource source, List`1 newMods)
   at MegaCrit.Sts2.Core.Modding.ModManager.ReadModsInDirRecursive(String path, ModSource source, List`1 newMods)
   at MegaCrit.Sts2.Core.Modding.ModManager.Initialize(IModManagerFileIo fileIo, ModSettings settings)
   at MegaCrit.Sts2.Core.Helpers.OneTimeInitialization.ExecuteVeryEarly()
   at MegaCrit.Sts2.Core.Nodes.NGame.GameStartup()
   at System.Runtime.CompilerServices.AsyncMethodBuilderCore.Start[TStateMachine](TStateMachine& stateMachine)
   at MegaCrit.Sts2.Core.Nodes.NGame.GameStartup()
   at MegaCrit.Sts2.Core.Nodes.NGame.GameStartupWrapper()
   at System.Runtime.CompilerServices.AsyncMethodBuilderCore.Start[TStateMachine](TStateMachine& stateMachine)
   at MegaCrit.Sts2.Core.Nodes.NGame.GameStartupWrapper()
   at MegaCrit.Sts2.Core.Nodes.NGame._EnterTree()
   at Godot.Node.InvokeGodotClassMethod(godot_string_name& method, NativeVariantPtrArgs args, godot_variant& ret)
   at Godot.CanvasItem.InvokeGodotClassMethod(godot_string_name& method, NativeVariantPtrArgs args, godot_variant& ret)
   at Godot.Control.InvokeGodotClassMethod(godot_string_name& method, NativeVariantPtrArgs args, godot_variant& ret)
   at MegaCrit.Sts2.Core.Nodes.NGame.InvokeGodotClassMethod(godot_string_name& method, NativeVariantPtrArgs args, godot_variant& ret)
   at Godot.Bridge.CSharpInstanceBridge.Call(IntPtr godotObjectGCHandle, godot_string_name* method, godot_variant** args, Int32 argCount, godot_variant_call_error* refCallError, godot_variant* ret)

[INFO] Found mod manifest file E:\SteamLibrary\steamapps\common\Slay the Spire 2\mods\TheQueen\TheQueen\localization\zhs\card_library.json
[ERROR] Mod manifest E:\SteamLibrary\steamapps\common\Slay the Spire 2\mods\TheQueen\TheQueen\localization\zhs\card_library.json is missing the 'id' field! This is not allowed. The mod will not be loaded.
   at MegaCrit.Sts2.Core.Modding.ModManager.ReadModManifest(String filename, ModSource source)
   at MegaCrit.Sts2.Core.Modding.ModManager.ReadModsInDirRecursive(String path, ModSource source, List`1 newMods)
   at MegaCrit.Sts2.Core.Modding.ModManager.ReadModsInDirRecursive(String path, ModSource source, List`1 newMods)
   at MegaCrit.Sts2.Core.Modding.ModManager.ReadModsInDirRecursive(String path, ModSource source, List`1 newMods)
   at MegaCrit.Sts2.Core.Modding.ModManager.ReadModsInDirRecursive(String path, ModSource source, List`1 newMods)
   at MegaCrit.Sts2.Core.Modding.ModManager.ReadModsInDirRecursive(String path, ModSource source, List`1 newMods)
   at MegaCrit.Sts2.Core.Modding.ModManager.Initialize(IModManagerFileIo fileIo, ModSettings settings)
   at MegaCrit.Sts2.Core.Helpers.OneTimeInitialization.ExecuteVeryEarly()
   at MegaCrit.Sts2.Core.Nodes.NGame.GameStartup()
   at System.Runtime.CompilerServices.AsyncMethodBuilderCore.Start[TStateMachine](TStateMachine& stateMachine)
   at MegaCrit.Sts2.Core.Nodes.NGame.GameStartup()
   at MegaCrit.Sts2.Core.Nodes.NGame.GameStartupWrapper()
   at System.Runtime.CompilerServices.AsyncMethodBuilderCore.Start[TStateMachine](TStateMachine& stateMachine)
   at MegaCrit.Sts2.Core.Nodes.NGame.GameStartupWrapper()
   at MegaCrit.Sts2.Core.Nodes.NGame._EnterTree()
   at Godot.Node.InvokeGodotClassMethod(godot_string_name& method, NativeVariantPtrArgs args, godot_variant& ret)
   at Godot.CanvasItem.InvokeGodotClassMethod(godot_string_name& method, NativeVariantPtrArgs args, godot_variant& ret)
   at Godot.Control.InvokeGodotClassMethod(godot_string_name& method, NativeVariantPtrArgs args, godot_variant& ret)
   at MegaCrit.Sts2.Core.Nodes.NGame.InvokeGodotClassMethod(godot_string_name& method, NativeVariantPtrArgs args, godot_variant& ret)
   at Godot.Bridge.CSharpInstanceBridge.Call(IntPtr godotObjectGCHandle, godot_string_name* method, godot_variant** args, Int32 argCount, godot_variant_call_error* refCallError, godot_variant* ret)

[INFO] Found mod manifest file E:\SteamLibrary\steamapps\common\Slay the Spire 2\mods\TheQueen\TheQueen\localization\zhs\cards.json
[ERROR] Mod manifest E:\SteamLibrary\steamapps\common\Slay the Spire 2\mods\TheQueen\TheQueen\localization\zhs\cards.json is missing the 'id' field! This is not allowed. The mod will not be loaded.
   at MegaCrit.Sts2.Core.Modding.ModManager.ReadModManifest(String filename, ModSource source)
   at MegaCrit.Sts2.Core.Modding.ModManager.ReadModsInDirRecursive(String path, ModSource source, List`1 newMods)
   at MegaCrit.Sts2.Core.Modding.ModManager.ReadModsInDirRecursive(String path, ModSource source, List`1 newMods)
   at MegaCrit.Sts2.Core.Modding.ModManager.ReadModsInDirRecursive(String path, ModSource source, List`1 newMods)
   at MegaCrit.Sts2.Core.Modding.ModManager.ReadModsInDirRecursive(String path, ModSource source, List`1 newMods)
   at MegaCrit.Sts2.Core.Modding.ModManager.ReadModsInDirRecursive(String path, ModSource source, List`1 newMods)
   at MegaCrit.Sts2.Core.Modding.ModManager.Initialize(IModManagerFileIo fileIo, ModSettings settings)
   at MegaCrit.Sts2.Core.Helpers.OneTimeInitialization.ExecuteVeryEarly()
   at MegaCrit.Sts2.Core.Nodes.NGame.GameStartup()
   at System.Runtime.CompilerServices.AsyncMethodBuilderCore.Start[TStateMachine](TStateMachine& stateMachine)
   at MegaCrit.Sts2.Core.Nodes.NGame.GameStartup()
   at MegaCrit.Sts2.Core.Nodes.NGame.GameStartupWrapper()
   at System.Runtime.CompilerServices.AsyncMethodBuilderCore.Start[TStateMachine](TStateMachine& stateMachine)
   at MegaCrit.Sts2.Core.Nodes.NGame.GameStartupWrapper()
   at MegaCrit.Sts2.Core.Nodes.NGame._EnterTree()
   at Godot.Node.InvokeGodotClassMethod(godot_string_name& method, NativeVariantPtrArgs args, godot_variant& ret)
   at Godot.CanvasItem.InvokeGodotClassMethod(godot_string_name& method, NativeVariantPtrArgs args, godot_variant& ret)
   at Godot.Control.InvokeGodotClassMethod(godot_string_name& method, NativeVariantPtrArgs args, godot_variant& ret)
   at MegaCrit.Sts2.Core.Nodes.NGame.InvokeGodotClassMethod(godot_string_name& method, NativeVariantPtrArgs args, godot_variant& ret)
   at Godot.Bridge.CSharpInstanceBridge.Call(IntPtr godotObjectGCHandle, godot_string_name* method, godot_variant** args, Int32 argCount, godot_variant_call_error* refCallError, godot_variant* ret)

[INFO] Found mod manifest file E:\SteamLibrary\steamapps\common\Slay the Spire 2\mods\TheQueen\TheQueen\localization\zhs\characters.json
[ERROR] Mod manifest E:\SteamLibrary\steamapps\common\Slay the Spire 2\mods\TheQueen\TheQueen\localization\zhs\characters.json is missing the 'id' field! This is not allowed. The mod will not be loaded.
   at MegaCrit.Sts2.Core.Modding.ModManager.ReadModManifest(String filename, ModSource source)
   at MegaCrit.Sts2.Core.Modding.ModManager.ReadModsInDirRecursive(String path, ModSource source, List`1 newMods)
   at MegaCrit.Sts2.Core.Modding.ModManager.ReadModsInDirRecursive(String path, ModSource source, List`1 newMods)
   at MegaCrit.Sts2.Core.Modding.ModManager.ReadModsInDirRecursive(String path, ModSource source, List`1 newMods)
   at MegaCrit.Sts2.Core.Modding.ModManager.ReadModsInDirRecursive(String path, ModSource source, List`1 newMods)
   at MegaCrit.Sts2.Core.Modding.ModManager.ReadModsInDirRecursive(String path, ModSource source, List`1 newMods)
   at MegaCrit.Sts2.Core.Modding.ModManager.Initialize(IModManagerFileIo fileIo, ModSettings settings)
   at MegaCrit.Sts2.Core.Helpers.OneTimeInitialization.ExecuteVeryEarly()
   at MegaCrit.Sts2.Core.Nodes.NGame.GameStartup()
   at System.Runtime.CompilerServices.AsyncMethodBuilderCore.Start[TStateMachine](TStateMachine& stateMachine)
   at MegaCrit.Sts2.Core.Nodes.NGame.GameStartup()
   at MegaCrit.Sts2.Core.Nodes.NGame.GameStartupWrapper()
   at System.Runtime.CompilerServices.AsyncMethodBuilderCore.Start[TStateMachine](TStateMachine& stateMachine)
   at MegaCrit.Sts2.Core.Nodes.NGame.GameStartupWrapper()
   at MegaCrit.Sts2.Core.Nodes.NGame._EnterTree()
   at Godot.Node.InvokeGodotClassMethod(godot_string_name& method, NativeVariantPtrArgs args, godot_variant& ret)
   at Godot.CanvasItem.InvokeGodotClassMethod(godot_string_name& method, NativeVariantPtrArgs args, godot_variant& ret)
   at Godot.Control.InvokeGodotClassMethod(godot_string_name& method, NativeVariantPtrArgs args, godot_variant& ret)
   at MegaCrit.Sts2.Core.Nodes.NGame.InvokeGodotClassMethod(godot_string_name& method, NativeVariantPtrArgs args, godot_variant& ret)
   at Godot.Bridge.CSharpInstanceBridge.Call(IntPtr godotObjectGCHandle, godot_string_name* method, godot_variant** args, Int32 argCount, godot_variant_call_error* refCallError, godot_variant* ret)

[INFO] Found mod manifest file E:\SteamLibrary\steamapps\common\Slay the Spire 2\mods\TheQueen\TheQueen\localization\zhs\combat_messages.json
[ERROR] Mod manifest E:\SteamLibrary\steamapps\common\Slay the Spire 2\mods\TheQueen\TheQueen\localization\zhs\combat_messages.json is missing the 'id' field! This is not allowed. The mod will not be loaded.
   at MegaCrit.Sts2.Core.Modding.ModManager.ReadModManifest(String filename, ModSource source)
   at MegaCrit.Sts2.Core.Modding.ModManager.ReadModsInDirRecursive(String path, ModSource source, List`1 newMods)
   at MegaCrit.Sts2.Core.Modding.ModManager.ReadModsInDirRecursive(String path, ModSource source, List`1 newMods)
   at MegaCrit.Sts2.Core.Modding.ModManager.ReadModsInDirRecursive(String path, ModSource source, List`1 newMods)
   at MegaCrit.Sts2.Core.Modding.ModManager.ReadModsInDirRecursive(String path, ModSource source, List`1 newMods)
   at MegaCrit.Sts2.Core.Modding.ModManager.ReadModsInDirRecursive(String path, ModSource source, List`1 newMods)
   at MegaCrit.Sts2.Core.Modding.ModManager.Initialize(IModManagerFileIo fileIo, ModSettings settings)
   at MegaCrit.Sts2.Core.Helpers.OneTimeInitialization.ExecuteVeryEarly()
   at MegaCrit.Sts2.Core.Nodes.NGame.GameStartup()
   at System.Runtime.CompilerServices.AsyncMethodBuilderCore.Start[TStateMachine](TStateMachine& stateMachine)
   at MegaCrit.Sts2.Core.Nodes.NGame.GameStartup()
   at MegaCrit.Sts2.Core.Nodes.NGame.GameStartupWrapper()
   at System.Runtime.CompilerServices.AsyncMethodBuilderCore.Start[TStateMachine](TStateMachine& stateMachine)
   at MegaCrit.Sts2.Core.Nodes.NGame.GameStartupWrapper()
   at MegaCrit.Sts2.Core.Nodes.NGame._EnterTree()
   at Godot.Node.InvokeGodotClassMethod(godot_string_name& method, NativeVariantPtrArgs args, godot_variant& ret)
   at Godot.CanvasItem.InvokeGodotClassMethod(godot_string_name& method, NativeVariantPtrArgs args, godot_variant& ret)
   at Godot.Control.InvokeGodotClassMethod(godot_string_name& method, NativeVariantPtrArgs args, godot_variant& ret)
   at MegaCrit.Sts2.Core.Nodes.NGame.InvokeGodotClassMethod(godot_string_name& method, NativeVariantPtrArgs args, godot_variant& ret)
   at Godot.Bridge.CSharpInstanceBridge.Call(IntPtr godotObjectGCHandle, godot_string_name* method, godot_variant** args, Int32 argCount, godot_variant_call_error* refCallError, godot_variant* ret)

[INFO] Found mod manifest file E:\SteamLibrary\steamapps\common\Slay the Spire 2\mods\TheQueen\TheQueen\localization\zhs\enchantments.json
[ERROR] Mod manifest E:\SteamLibrary\steamapps\common\Slay the Spire 2\mods\TheQueen\TheQueen\localization\zhs\enchantments.json is missing the 'id' field! This is not allowed. The mod will not be loaded.
   at MegaCrit.Sts2.Core.Modding.ModManager.ReadModManifest(String filename, ModSource source)
   at MegaCrit.Sts2.Core.Modding.ModManager.ReadModsInDirRecursive(String path, ModSource source, List`1 newMods)
   at MegaCrit.Sts2.Core.Modding.ModManager.ReadModsInDirRecursive(String path, ModSource source, List`1 newMods)
   at MegaCrit.Sts2.Core.Modding.ModManager.ReadModsInDirRecursive(String path, ModSource source, List`1 newMods)
   at MegaCrit.Sts2.Core.Modding.ModManager.ReadModsInDirRecursive(String path, ModSource source, List`1 newMods)
   at MegaCrit.Sts2.Core.Modding.ModManager.ReadModsInDirRecursive(String path, ModSource source, List`1 newMods)
   at MegaCrit.Sts2.Core.Modding.ModManager.Initialize(IModManagerFileIo fileIo, ModSettings settings)
   at MegaCrit.Sts2.Core.Helpers.OneTimeInitialization.ExecuteVeryEarly()
   at MegaCrit.Sts2.Core.Nodes.NGame.GameStartup()
   at System.Runtime.CompilerServices.AsyncMethodBuilderCore.Start[TStateMachine](TStateMachine& stateMachine)
   at MegaCrit.Sts2.Core.Nodes.NGame.GameStartup()
   at MegaCrit.Sts2.Core.Nodes.NGame.GameStartupWrapper()
   at System.Runtime.CompilerServices.AsyncMethodBuilderCore.Start[TStateMachine](TStateMachine& stateMachine)
   at MegaCrit.Sts2.Core.Nodes.NGame.GameStartupWrapper()
   at MegaCrit.Sts2.Core.Nodes.NGame._EnterTree()
   at Godot.Node.InvokeGodotClassMethod(godot_string_name& method, NativeVariantPtrArgs args, godot_variant& ret)
   at Godot.CanvasItem.InvokeGodotClassMethod(godot_string_name& method, NativeVariantPtrArgs args, godot_variant& ret)
   at Godot.Control.InvokeGodotClassMethod(godot_string_name& method, NativeVariantPtrArgs args, godot_variant& ret)
   at MegaCrit.Sts2.Core.Nodes.NGame.InvokeGodotClassMethod(godot_string_name& method, NativeVariantPtrArgs args, godot_variant& ret)
   at Godot.Bridge.CSharpInstanceBridge.Call(IntPtr godotObjectGCHandle, godot_string_name* method, godot_variant** args, Int32 argCount, godot_variant_call_error* refCallError, godot_variant* ret)

[INFO] Found mod manifest file E:\SteamLibrary\steamapps\common\Slay the Spire 2\mods\TheQueen\TheQueen\localization\zhs\intents.json
[ERROR] Mod manifest E:\SteamLibrary\steamapps\common\Slay the Spire 2\mods\TheQueen\TheQueen\localization\zhs\intents.json is missing the 'id' field! This is not allowed. The mod will not be loaded.
   at MegaCrit.Sts2.Core.Modding.ModManager.ReadModManifest(String filename, ModSource source)
   at MegaCrit.Sts2.Core.Modding.ModManager.ReadModsInDirRecursive(String path, ModSource source, List`1 newMods)
   at MegaCrit.Sts2.Core.Modding.ModManager.ReadModsInDirRecursive(String path, ModSource source, List`1 newMods)
   at MegaCrit.Sts2.Core.Modding.ModManager.ReadModsInDirRecursive(String path, ModSource source, List`1 newMods)
   at MegaCrit.Sts2.Core.Modding.ModManager.ReadModsInDirRecursive(String path, ModSource source, List`1 newMods)
   at MegaCrit.Sts2.Core.Modding.ModManager.ReadModsInDirRecursive(String path, ModSource source, List`1 newMods)
   at MegaCrit.Sts2.Core.Modding.ModManager.Initialize(IModManagerFileIo fileIo, ModSettings settings)
   at MegaCrit.Sts2.Core.Helpers.OneTimeInitialization.ExecuteVeryEarly()
   at MegaCrit.Sts2.Core.Nodes.NGame.GameStartup()
   at System.Runtime.CompilerServices.AsyncMethodBuilderCore.Start[TStateMachine](TStateMachine& stateMachine)
   at MegaCrit.Sts2.Core.Nodes.NGame.GameStartup()
   at MegaCrit.Sts2.Core.Nodes.NGame.GameStartupWrapper()
   at System.Runtime.CompilerServices.AsyncMethodBuilderCore.Start[TStateMachine](TStateMachine& stateMachine)
   at MegaCrit.Sts2.Core.Nodes.NGame.GameStartupWrapper()
   at MegaCrit.Sts2.Core.Nodes.NGame._EnterTree()
   at Godot.Node.InvokeGodotClassMethod(godot_string_name& method, NativeVariantPtrArgs args, godot_variant& ret)
   at Godot.CanvasItem.InvokeGodotClassMethod(godot_string_name& method, NativeVariantPtrArgs args, godot_variant& ret)
   at Godot.Control.InvokeGodotClassMethod(godot_string_name& method, NativeVariantPtrArgs args, godot_variant& ret)
   at MegaCrit.Sts2.Core.Nodes.NGame.InvokeGodotClassMethod(godot_string_name& method, NativeVariantPtrArgs args, godot_variant& ret)
   at Godot.Bridge.CSharpInstanceBridge.Call(IntPtr godotObjectGCHandle, godot_string_name* method, godot_variant** args, Int32 argCount, godot_variant_call_error* refCallError, godot_variant* ret)

[INFO] Found mod manifest file E:\SteamLibrary\steamapps\common\Slay the Spire 2\mods\TheQueen\TheQueen\localization\zhs\mod_settings.json
[ERROR] Mod manifest E:\SteamLibrary\steamapps\common\Slay the Spire 2\mods\TheQueen\TheQueen\localization\zhs\mod_settings.json is missing the 'id' field! This is not allowed. The mod will not be loaded.
   at MegaCrit.Sts2.Core.Modding.ModManager.ReadModManifest(String filename, ModSource source)
   at MegaCrit.Sts2.Core.Modding.ModManager.ReadModsInDirRecursive(String path, ModSource source, List`1 newMods)
   at MegaCrit.Sts2.Core.Modding.ModManager.ReadModsInDirRecursive(String path, ModSource source, List`1 newMods)
   at MegaCrit.Sts2.Core.Modding.ModManager.ReadModsInDirRecursive(String path, ModSource source, List`1 newMods)
   at MegaCrit.Sts2.Core.Modding.ModManager.ReadModsInDirRecursive(String path, ModSource source, List`1 newMods)
   at MegaCrit.Sts2.Core.Modding.ModManager.ReadModsInDirRecursive(String path, ModSource source, List`1 newMods)
   at MegaCrit.Sts2.Core.Modding.ModManager.Initialize(IModManagerFileIo fileIo, ModSettings settings)
   at MegaCrit.Sts2.Core.Helpers.OneTimeInitialization.ExecuteVeryEarly()
   at MegaCrit.Sts2.Core.Nodes.NGame.GameStartup()
   at System.Runtime.CompilerServices.AsyncMethodBuilderCore.Start[TStateMachine](TStateMachine& stateMachine)
   at MegaCrit.Sts2.Core.Nodes.NGame.GameStartup()
   at MegaCrit.Sts2.Core.Nodes.NGame.GameStartupWrapper()
   at System.Runtime.CompilerServices.AsyncMethodBuilderCore.Start[TStateMachine](TStateMachine& stateMachine)
   at MegaCrit.Sts2.Core.Nodes.NGame.GameStartupWrapper()
   at MegaCrit.Sts2.Core.Nodes.NGame._EnterTree()
   at Godot.Node.InvokeGodotClassMethod(godot_string_name& method, NativeVariantPtrArgs args, godot_variant& ret)
   at Godot.CanvasItem.InvokeGodotClassMethod(godot_string_name& method, NativeVariantPtrArgs args, godot_variant& ret)
   at Godot.Control.InvokeGodotClassMethod(godot_string_name& method, NativeVariantPtrArgs args, godot_variant& ret)
   at MegaCrit.Sts2.Core.Nodes.NGame.InvokeGodotClassMethod(godot_string_name& method, NativeVariantPtrArgs args, godot_variant& ret)
   at Godot.Bridge.CSharpInstanceBridge.Call(IntPtr godotObjectGCHandle, godot_string_name* method, godot_variant** args, Int32 argCount, godot_variant_call_error* refCallError, godot_variant* ret)

[INFO] Found mod manifest file E:\SteamLibrary\steamapps\common\Slay the Spire 2\mods\TheQueen\TheQueen\localization\zhs\monsters.json
[ERROR] Mod manifest E:\SteamLibrary\steamapps\common\Slay the Spire 2\mods\TheQueen\TheQueen\localization\zhs\monsters.json is missing the 'id' field! This is not allowed. The mod will not be loaded.
   at MegaCrit.Sts2.Core.Modding.ModManager.ReadModManifest(String filename, ModSource source)
   at MegaCrit.Sts2.Core.Modding.ModManager.ReadModsInDirRecursive(String path, ModSource source, List`1 newMods)
   at MegaCrit.Sts2.Core.Modding.ModManager.ReadModsInDirRecursive(String path, ModSource source, List`1 newMods)
   at MegaCrit.Sts2.Core.Modding.ModManager.ReadModsInDirRecursive(String path, ModSource source, List`1 newMods)
   at MegaCrit.Sts2.Core.Modding.ModManager.ReadModsInDirRecursive(String path, ModSource source, List`1 newMods)
   at MegaCrit.Sts2.Core.Modding.ModManager.ReadModsInDirRecursive(String path, ModSource source, List`1 newMods)
   at MegaCrit.Sts2.Core.Modding.ModManager.Initialize(IModManagerFileIo fileIo, ModSettings settings)
   at MegaCrit.Sts2.Core.Helpers.OneTimeInitialization.ExecuteVeryEarly()
   at MegaCrit.Sts2.Core.Nodes.NGame.GameStartup()
   at System.Runtime.CompilerServices.AsyncMethodBuilderCore.Start[TStateMachine](TStateMachine& stateMachine)
   at MegaCrit.Sts2.Core.Nodes.NGame.GameStartup()
   at MegaCrit.Sts2.Core.Nodes.NGame.GameStartupWrapper()
   at System.Runtime.CompilerServices.AsyncMethodBuilderCore.Start[TStateMachine](TStateMachine& stateMachine)
   at MegaCrit.Sts2.Core.Nodes.NGame.GameStartupWrapper()
   at MegaCrit.Sts2.Core.Nodes.NGame._EnterTree()
   at Godot.Node.InvokeGodotClassMethod(godot_string_name& method, NativeVariantPtrArgs args, godot_variant& ret)
   at Godot.CanvasItem.InvokeGodotClassMethod(godot_string_name& method, NativeVariantPtrArgs args, godot_variant& ret)
   at Godot.Control.InvokeGodotClassMethod(godot_string_name& method, NativeVariantPtrArgs args, godot_variant& ret)
   at MegaCrit.Sts2.Core.Nodes.NGame.InvokeGodotClassMethod(godot_string_name& method, NativeVariantPtrArgs args, godot_variant& ret)
   at Godot.Bridge.CSharpInstanceBridge.Call(IntPtr godotObjectGCHandle, godot_string_name* method, godot_variant** args, Int32 argCount, godot_variant_call_error* refCallError, godot_variant* ret)

[INFO] Found mod manifest file E:\SteamLibrary\steamapps\common\Slay the Spire 2\mods\TheQueen\TheQueen\localization\zhs\potions.json
[ERROR] Mod manifest E:\SteamLibrary\steamapps\common\Slay the Spire 2\mods\TheQueen\TheQueen\localization\zhs\potions.json is missing the 'id' field! This is not allowed. The mod will not be loaded.
   at MegaCrit.Sts2.Core.Modding.ModManager.ReadModManifest(String filename, ModSource source)
   at MegaCrit.Sts2.Core.Modding.ModManager.ReadModsInDirRecursive(String path, ModSource source, List`1 newMods)
   at MegaCrit.Sts2.Core.Modding.ModManager.ReadModsInDirRecursive(String path, ModSource source, List`1 newMods)
   at MegaCrit.Sts2.Core.Modding.ModManager.ReadModsInDirRecursive(String path, ModSource source, List`1 newMods)
   at MegaCrit.Sts2.Core.Modding.ModManager.ReadModsInDirRecursive(String path, ModSource source, List`1 newMods)
   at MegaCrit.Sts2.Core.Modding.ModManager.ReadModsInDirRecursive(String path, ModSource source, List`1 newMods)
   at MegaCrit.Sts2.Core.Modding.ModManager.Initialize(IModManagerFileIo fileIo, ModSettings settings)
   at MegaCrit.Sts2.Core.Helpers.OneTimeInitialization.ExecuteVeryEarly()
   at MegaCrit.Sts2.Core.Nodes.NGame.GameStartup()
   at System.Runtime.CompilerServices.AsyncMethodBuilderCore.Start[TStateMachine](TStateMachine& stateMachine)
   at MegaCrit.Sts2.Core.Nodes.NGame.GameStartup()
   at MegaCrit.Sts2.Core.Nodes.NGame.GameStartupWrapper()
   at System.Runtime.CompilerServices.AsyncMethodBuilderCore.Start[TStateMachine](TStateMachine& stateMachine)
   at MegaCrit.Sts2.Core.Nodes.NGame.GameStartupWrapper()
   at MegaCrit.Sts2.Core.Nodes.NGame._EnterTree()
   at Godot.Node.InvokeGodotClassMethod(godot_string_name& method, NativeVariantPtrArgs args, godot_variant& ret)
   at Godot.CanvasItem.InvokeGodotClassMethod(godot_string_name& method, NativeVariantPtrArgs args, godot_variant& ret)
   at Godot.Control.InvokeGodotClassMethod(godot_string_name& method, NativeVariantPtrArgs args, godot_variant& ret)
   at MegaCrit.Sts2.Core.Nodes.NGame.InvokeGodotClassMethod(godot_string_name& method, NativeVariantPtrArgs args, godot_variant& ret)
   at Godot.Bridge.CSharpInstanceBridge.Call(IntPtr godotObjectGCHandle, godot_string_name* method, godot_variant** args, Int32 argCount, godot_variant_call_error* refCallError, godot_variant* ret)

[INFO] Found mod manifest file E:\SteamLibrary\steamapps\common\Slay the Spire 2\mods\TheQueen\TheQueen\localization\zhs\powers.json
[ERROR] Mod manifest E:\SteamLibrary\steamapps\common\Slay the Spire 2\mods\TheQueen\TheQueen\localization\zhs\powers.json is missing the 'id' field! This is not allowed. The mod will not be loaded.
   at MegaCrit.Sts2.Core.Modding.ModManager.ReadModManifest(String filename, ModSource source)
   at MegaCrit.Sts2.Core.Modding.ModManager.ReadModsInDirRecursive(String path, ModSource source, List`1 newMods)
   at MegaCrit.Sts2.Core.Modding.ModManager.ReadModsInDirRecursive(String path, ModSource source, List`1 newMods)
   at MegaCrit.Sts2.Core.Modding.ModManager.ReadModsInDirRecursive(String path, ModSource source, List`1 newMods)
   at MegaCrit.Sts2.Core.Modding.ModManager.ReadModsInDirRecursive(String path, ModSource source, List`1 newMods)
   at MegaCrit.Sts2.Core.Modding.ModManager.ReadModsInDirRecursive(String path, ModSource source, List`1 newMods)
   at MegaCrit.Sts2.Core.Modding.ModManager.Initialize(IModManagerFileIo fileIo, ModSettings settings)
   at MegaCrit.Sts2.Core.Helpers.OneTimeInitialization.ExecuteVeryEarly()
   at MegaCrit.Sts2.Core.Nodes.NGame.GameStartup()
   at System.Runtime.CompilerServices.AsyncMethodBuilderCore.Start[TStateMachine](TStateMachine& stateMachine)
   at MegaCrit.Sts2.Core.Nodes.NGame.GameStartup()
   at MegaCrit.Sts2.Core.Nodes.NGame.GameStartupWrapper()
   at System.Runtime.CompilerServices.AsyncMethodBuilderCore.Start[TStateMachine](TStateMachine& stateMachine)
   at MegaCrit.Sts2.Core.Nodes.NGame.GameStartupWrapper()
   at MegaCrit.Sts2.Core.Nodes.NGame._EnterTree()
   at Godot.Node.InvokeGodotClassMethod(godot_string_name& method, NativeVariantPtrArgs args, godot_variant& ret)
   at Godot.CanvasItem.InvokeGodotClassMethod(godot_string_name& method, NativeVariantPtrArgs args, godot_variant& ret)
   at Godot.Control.InvokeGodotClassMethod(godot_string_name& method, NativeVariantPtrArgs args, godot_variant& ret)
   at MegaCrit.Sts2.Core.Nodes.NGame.InvokeGodotClassMethod(godot_string_name& method, NativeVariantPtrArgs args, godot_variant& ret)
   at Godot.Bridge.CSharpInstanceBridge.Call(IntPtr godotObjectGCHandle, godot_string_name* method, godot_variant** args, Int32 argCount, godot_variant_call_error* refCallError, godot_variant* ret)

[INFO] Found mod manifest file E:\SteamLibrary\steamapps\common\Slay the Spire 2\mods\TheQueen\TheQueen\localization\zhs\relics.json
[ERROR] Mod manifest E:\SteamLibrary\steamapps\common\Slay the Spire 2\mods\TheQueen\TheQueen\localization\zhs\relics.json is missing the 'id' field! This is not allowed. The mod will not be loaded.
   at MegaCrit.Sts2.Core.Modding.ModManager.ReadModManifest(String filename, ModSource source)
   at MegaCrit.Sts2.Core.Modding.ModManager.ReadModsInDirRecursive(String path, ModSource source, List`1 newMods)
   at MegaCrit.Sts2.Core.Modding.ModManager.ReadModsInDirRecursive(String path, ModSource source, List`1 newMods)
   at MegaCrit.Sts2.Core.Modding.ModManager.ReadModsInDirRecursive(String path, ModSource source, List`1 newMods)
   at MegaCrit.Sts2.Core.Modding.ModManager.ReadModsInDirRecursive(String path, ModSource source, List`1 newMods)
   at MegaCrit.Sts2.Core.Modding.ModManager.ReadModsInDirRecursive(String path, ModSource source, List`1 newMods)
   at MegaCrit.Sts2.Core.Modding.ModManager.Initialize(IModManagerFileIo fileIo, ModSettings settings)
   at MegaCrit.Sts2.Core.Helpers.OneTimeInitialization.ExecuteVeryEarly()
   at MegaCrit.Sts2.Core.Nodes.NGame.GameStartup()
   at System.Runtime.CompilerServices.AsyncMethodBuilderCore.Start[TStateMachine](TStateMachine& stateMachine)
   at MegaCrit.Sts2.Core.Nodes.NGame.GameStartup()
   at MegaCrit.Sts2.Core.Nodes.NGame.GameStartupWrapper()
   at System.Runtime.CompilerServices.AsyncMethodBuilderCore.Start[TStateMachine](TStateMachine& stateMachine)
   at MegaCrit.Sts2.Core.Nodes.NGame.GameStartupWrapper()
   at MegaCrit.Sts2.Core.Nodes.NGame._EnterTree()
   at Godot.Node.InvokeGodotClassMethod(godot_string_name& method, NativeVariantPtrArgs args, godot_variant& ret)
   at Godot.CanvasItem.InvokeGodotClassMethod(godot_string_name& method, NativeVariantPtrArgs args, godot_variant& ret)
   at Godot.Control.InvokeGodotClassMethod(godot_string_name& method, NativeVariantPtrArgs args, godot_variant& ret)
   at MegaCrit.Sts2.Core.Nodes.NGame.InvokeGodotClassMethod(godot_string_name& method, NativeVariantPtrArgs args, godot_variant& ret)
   at Godot.Bridge.CSharpInstanceBridge.Call(IntPtr godotObjectGCHandle, godot_string_name* method, godot_variant** args, Int32 argCount, godot_variant_call_error* refCallError, godot_variant* ret)

[INFO] Found mod manifest file E:\SteamLibrary\steamapps\common\Slay the Spire 2\mods\TheQueen\TheQueen\localization\zhs\static_hover_tips.json
[ERROR] Mod manifest E:\SteamLibrary\steamapps\common\Slay the Spire 2\mods\TheQueen\TheQueen\localization\zhs\static_hover_tips.json is missing the 'id' field! This is not allowed. The mod will not be loaded.
   at MegaCrit.Sts2.Core.Modding.ModManager.ReadModManifest(String filename, ModSource source)
   at MegaCrit.Sts2.Core.Modding.ModManager.ReadModsInDirRecursive(String path, ModSource source, List`1 newMods)
   at MegaCrit.Sts2.Core.Modding.ModManager.ReadModsInDirRecursive(String path, ModSource source, List`1 newMods)
   at MegaCrit.Sts2.Core.Modding.ModManager.ReadModsInDirRecursive(String path, ModSource source, List`1 newMods)
   at MegaCrit.Sts2.Core.Modding.ModManager.ReadModsInDirRecursive(String path, ModSource source, List`1 newMods)
   at MegaCrit.Sts2.Core.Modding.ModManager.ReadModsInDirRecursive(String path, ModSource source, List`1 newMods)
   at MegaCrit.Sts2.Core.Modding.ModManager.Initialize(IModManagerFileIo fileIo, ModSettings settings)
   at MegaCrit.Sts2.Core.Helpers.OneTimeInitialization.ExecuteVeryEarly()
   at MegaCrit.Sts2.Core.Nodes.NGame.GameStartup()
   at System.Runtime.CompilerServices.AsyncMethodBuilderCore.Start[TStateMachine](TStateMachine& stateMachine)
   at MegaCrit.Sts2.Core.Nodes.NGame.GameStartup()
   at MegaCrit.Sts2.Core.Nodes.NGame.GameStartupWrapper()
   at System.Runtime.CompilerServices.AsyncMethodBuilderCore.Start[TStateMachine](TStateMachine& stateMachine)
   at MegaCrit.Sts2.Core.Nodes.NGame.GameStartupWrapper()
   at MegaCrit.Sts2.Core.Nodes.NGame._EnterTree()
   at Godot.Node.InvokeGodotClassMethod(godot_string_name& method, NativeVariantPtrArgs args, godot_variant& ret)
   at Godot.CanvasItem.InvokeGodotClassMethod(godot_string_name& method, NativeVariantPtrArgs args, godot_variant& ret)
   at Godot.Control.InvokeGodotClassMethod(godot_string_name& method, NativeVariantPtrArgs args, godot_variant& ret)
   at MegaCrit.Sts2.Core.Nodes.NGame.InvokeGodotClassMethod(godot_string_name& method, NativeVariantPtrArgs args, godot_variant& ret)
   at Godot.Bridge.CSharpInstanceBridge.Call(IntPtr godotObjectGCHandle, godot_string_name* method, godot_variant** args, Int32 argCount, godot_variant_call_error* refCallError, godot_variant* ret)

[INFO] Found mod manifest file E:\SteamLibrary\steamapps\common\Slay the Spire 2\mods\baselib\BaseLib.json
[INFO] Found mod manifest file E:\SteamLibrary\steamapps\common\Slay the Spire 2\mods\reload\QuickReload.json
[INFO] Found mod manifest file E:\SteamLibrary\steamapps\common\Slay the Spire 2\mods\restart\QuickRestart.json
[INFO] Found mod manifest file E:\SteamLibrary\steamapps\common\Slay the Spire 2\mods\优化体验 路线规划\RoutePlanner.json
[INFO] Found mod manifest file E:\SteamLibrary\steamapps\common\Slay the Spire 2\mods\更好体验\BetterExperience.json
[INFO] Found mod manifest file E:\SteamLibrary\steamapps\common\Slay the Spire 2\mods\更强角色\BetterCharacters.json
[INFO] Found mod manifest file E:\SteamLibrary\steamapps\common\Slay the Spire 2\mods\模型替换 门扉\LunchShark‘s cute doorMaker.json
[INFO] Loading assembly DLL E:\SteamLibrary\steamapps\common\Slay the Spire 2\mods\RitsuLib\STS2-RitsuLib.dll
[INFO] Calling initializer method of type STS2RitsuLib.RitsuLibFramework for STS2-RitsuLib, Version=0.4.11.0, Culture=neutral, PublicKeyToken=null
[INFO] [com.ritsukage.sts2-RitsuLib] Framework ID: com.ritsukage.sts2-RitsuLib
[INFO] [com.ritsukage.sts2-RitsuLib] Framework Name: RitsuLib
[INFO] [com.ritsukage.sts2-RitsuLib] Version: 0.4.11 [compat branch: 0.103.2]
[INFO] [com.ritsukage.sts2-RitsuLib] Initializing shared framework...
[INFO] [com.ritsukage.sts2-RitsuLib] [Config] Debug compatibility master is disabled. Sub-flags (only when master on): LocTable=True, UnlockEpoch=True, AncientArchitect=True. Mod Steam cloud mirror: disabled. Config file: user://steam/76561199401820476/mod_data/com.ritsukage.sts2-RitsuLib/settings.json
[INFO] [com.ritsukage.sts2-RitsuLib] [DebugLogViewer] Local debug log viewer listening at http://127.0.0.1:18742/?token=c36c08916cf557d7b7a39633952f59d0
[INFO] [com.ritsukage.sts2-RitsuLib] [Godot] RitsuGodot node factories initialized.
[INFO] [com.ritsukage.sts2-RitsuLib] [Patcher - framework core] Applying 356 patches...
[INFO] [com.ritsukage.sts2-RitsuLib] [Patcher - framework core] [Optional] ritsulib_sidecar_sync_net_buffer - Ignored: Target method not found but patch is marked ignorable: NetMessageBus.SetBufferMessages
[INFO] [com.ritsukage.sts2-RitsuLib] [Patcher - framework core] Patch application complete: 355 applied, 1 ignored, 0 failed, 356 total
[INFO] [com.ritsukage.sts2-RitsuLib] [Patcher - framework core] All required patches applied; 1 optional patch target(s) were ignored
[INFO] [com.ritsukage.sts2-RitsuLib] [Patcher - settings ui] Applying 5 patches...
[INFO] [com.ritsukage.sts2-RitsuLib] [Patcher - settings ui] Patch application complete: 5 applied, 0 ignored, 0 failed, 5 total
[INFO] [com.ritsukage.sts2-RitsuLib] [Patcher - settings ui] All patches applied successfully
[INFO] [com.ritsukage.sts2-RitsuLib] [Patcher - content assets] Applying 110 patches...
[INFO] [com.ritsukage.sts2-RitsuLib] [Patcher - content assets] Patch application complete: 110 applied, 0 ignored, 0 failed, 110 total
[INFO] [com.ritsukage.sts2-RitsuLib] [Patcher - content assets] All patches applied successfully
[INFO] [com.ritsukage.sts2-RitsuLib] [Patcher - character assets] Applying 47 patches...
[INFO] [com.ritsukage.sts2-RitsuLib] [Patcher - character assets] Patch application complete: 47 applied, 0 ignored, 0 failed, 47 total
[INFO] [com.ritsukage.sts2-RitsuLib] [Patcher - character assets] All patches applied successfully
[INFO] [com.ritsukage.sts2-RitsuLib] [Patcher - content registry] Applying 24 patches...
[INFO] [com.ritsukage.sts2-RitsuLib] [Patcher - content registry] Patch application complete: 24 applied, 0 ignored, 0 failed, 24 total
[INFO] [com.ritsukage.sts2-RitsuLib] [Patcher - content registry] All patches applied successfully
[INFO] [com.ritsukage.sts2-RitsuLib] [Patcher - persistence] Applying 3 patches...
[INFO] [com.ritsukage.sts2-RitsuLib] [Patcher - persistence] Patch application complete: 3 applied, 0 ignored, 0 failed, 3 total
[INFO] [com.ritsukage.sts2-RitsuLib] [Patcher - persistence] All patches applied successfully
[INFO] [com.ritsukage.sts2-RitsuLib] [Patcher - unlocks] Applying 23 patches...
[INFO] [com.ritsukage.sts2-RitsuLib] [Patcher - unlocks] Patch application complete: 23 applied, 0 ignored, 0 failed, 23 total
[INFO] [com.ritsukage.sts2-RitsuLib] [Patcher - unlocks] All patches applied successfully
[INFO] [com.ritsukage.sts2-RitsuLib] Shared framework initialization complete.
[INFO] Finished mod initialization for 'RitsuLib (STS2 0.103.2 compat)' (STS2-RitsuLib).
[INFO] Loading assembly DLL E:\SteamLibrary\steamapps\common\Slay the Spire 2\mods\TheQueen\TheQueen.dll
[INFO] Loading Godot PCK E:\SteamLibrary\steamapps\common\Slay the Spire 2\mods\TheQueen\TheQueen.pck
[INFO] Calling initializer method of type ComicChess.TheQueen.Entry for TheQueen, Version=1.0.0.0, Culture=neutral, PublicKeyToken=null
[INFO] [sts2.comicchess.thequeen] [Content] Registered card library compendium shared pool filter 'enemy' -> EnemyCardPool
[INFO] [com.ritsukage.sts2-RitsuLib] [mod_settings] Merged from PCK: res://TheQueen/localization/mod_settings/zhs.json (5 entries, 5 new)
[INFO] [com.ritsukage.sts2-RitsuLib] [mod_settings] Total: 5 entries from 1 source(s)
[INFO] [com.ritsukage.sts2-RitsuLib] [mod_settings] Successfully reloaded translations for language 'zhs' (5 entries)
[INFO] [sts2.comicchess.thequeen] [Patcher - the-queen] Applying 55 patches...
[INFO] [sts2.comicchess.thequeen] [Patcher - the-queen] Patch application complete: 55 applied, 0 ignored, 0 failed, 55 total
[INFO] [sts2.comicchess.thequeen] [Patcher - the-queen] All patches applied successfully
[INFO] Finished mod initialization for 'TheQueen' (TheQueen).
[INFO] Loading assembly DLL E:\SteamLibrary\steamapps\common\Slay the Spire 2\mods\HextechRunes\HextechRunes.dll
[INFO] Loading Godot PCK E:\SteamLibrary\steamapps\common\Slay the Spire 2\mods\HextechRunes\HextechRunes.pck
[INFO] Calling initializer method of type HextechRunes.ModEntry for HextechRunes, Version=1.0.0.0, Culture=neutral, PublicKeyToken=null
[INFO] [HextechRunes][Mayhem] SavedPropertiesTypeCache NetIdBitSize updated: old=6 new=16 propertyNames=97
[INFO] [HextechRunes][Mayhem] Relic visibility toggle loaded: hide_relics=False.
[INFO] [HextechRunes] Loaded for Slay the Spire 2 0.103.3.
[INFO] Finished mod initialization for '海克斯符文' (HextechRunes).
[INFO] Loading assembly DLL E:\SteamLibrary\steamapps\common\Slay the Spire 2\mods\STS2_WineFox\STS2_WineFox.dll
[INFO] Loading Godot PCK E:\SteamLibrary\steamapps\common\Slay the Spire 2\mods\STS2_WineFox\STS2_WineFox.pck
[INFO] Calling initializer method of type STS2_WineFox.Main for STS2_WineFox, Version=1.0.0.0, Culture=neutral, PublicKeyToken=null
[INFO] [STS2-WineFox] Mod ID: STS2-WineFox
[INFO] [STS2-WineFox] Version: 1.1.12
[INFO] [STS2-WineFox] Initializing mod...
[INFO] [STS2-WineFox] [Patcher - runtime effects] Applying 5 patches...
[INFO] [STS2-WineFox] [Patcher - runtime effects] Patch application complete: 5 applied, 0 ignored, 0 failed, 5 total
[INFO] [STS2-WineFox] [Patcher - runtime effects] All patches applied successfully
[INFO] [STS2-WineFox] [Content] Registered card library compendium shared pool filter 'winefox_crafting' -> WineFoxCraftingCardPool
[INFO] [STS2-WineFox] Mod initialization complete - Mod is now ACTIVE
[INFO] Finished mod initialization for 'WineFox' (STS2_WineFox).
[INFO] Loading assembly DLL E:\SteamLibrary\steamapps\common\Slay the Spire 2\mods\更强角色\BetterCharacters.dll
[INFO] Loading Godot PCK E:\SteamLibrary\steamapps\common\Slay the Spire 2\mods\更强角色\BetterCharacters.pck
[INFO] Calling initializer method of type BetterCharacters.Entry for BetterCharacters, Version=1.0.0.0, Culture=neutral, PublicKeyToken=null
[INFO] Finished mod initialization for '我已神化' (BetterCharacters).
[INFO] Loading assembly DLL E:\SteamLibrary\steamapps\common\Slay the Spire 2\mods\更好体验\BetterExperience.dll
[INFO] Loading Godot PCK E:\SteamLibrary\steamapps\common\Slay the Spire 2\mods\更好体验\BetterExperience.pck
[INFO] Calling initializer method of type BetterExperience.Entry for BetterExperience, Version=1.0.0.0, Culture=neutral, PublicKeyToken=null
[INFO] Finished mod initialization for '更好的体验' (BetterExperience).
[INFO] Loading assembly DLL E:\SteamLibrary\steamapps\common\Slay the Spire 2\mods\优化体验 路线规划\RoutePlanner.dll
[INFO] Loading Godot PCK E:\SteamLibrary\steamapps\common\Slay the Spire 2\mods\优化体验 路线规划\RoutePlanner.pck
[INFO] Calling initializer method of type RoutePlanner.RoutePlannerMod for RoutePlanner, Version=1.0.0.0, Culture=neutral, PublicKeyToken=null
[WARN] [RoutePlanner] loaded
[WARN] [RoutePlanner] reflection: OK
[INFO] Finished mod initialization for '路线规划器' (RoutePlanner).
[INFO] Loading assembly DLL E:\SteamLibrary\steamapps\common\Slay the Spire 2\mods\restart\QuickRestart.dll
[INFO] Loading Godot PCK E:\SteamLibrary\steamapps\common\Slay the Spire 2\mods\restart\QuickRestart.pck
[INFO] Calling initializer method of type QuickRestart.QuickRestartMod for QuickRestart, Version=1.0.0.0, Culture=neutral, PublicKeyToken=null
[INFO] Finished mod initialization for 'Quick Restart' (QuickRestart).
[INFO] Loading assembly DLL E:\SteamLibrary\steamapps\common\Slay the Spire 2\mods\reload\QuickReload.dll
[INFO] Loading Godot PCK E:\SteamLibrary\steamapps\common\Slay the Spire 2\mods\reload\QuickReload.pck
[INFO] Calling initializer method of type QuickReload.Entry for QuickReload, Version=1.0.0.0, Culture=neutral, PublicKeyToken=null
[INFO] [QUICKRELOAD]: QuickReload mod initialized!
[INFO] Finished mod initialization for 'Quick Reload' (QuickReload).
[INFO] Loading assembly DLL E:\SteamLibrary\steamapps\common\Slay the Spire 2\mods\baselib\BaseLib.dll
[INFO] Loading Godot PCK E:\SteamLibrary\steamapps\common\Slay the Spire 2\mods\baselib\BaseLib.pck
[INFO] Calling initializer method of type BaseLib.BaseLibMain for BaseLib, Version=3.1.2.0, Culture=neutral, PublicKeyToken=null
[INFO] [BaseLib] Created node factory for Control.
[INFO] [BaseLib] Created node factory for NCreatureVisuals.
[INFO] [BaseLib] Created node factory for NRestSiteCharacter.
[INFO] [BaseLib] Created node factory for NMerchantCharacter.
[INFO] [BaseLib] Created node factory for NEnergyCounter.
[INFO] [BaseLib] Created node factory for NCustomTreasureRoomChest.
[INFO] [BaseLib] Registered config for mod BaseLib
[INFO] [BaseLib] Performing CustomPile patch
[INFO] [BaseLib] Starting PatchAll for assembly BaseLib, Version=3.1.2.0, Culture=neutral, PublicKeyToken=null
[INFO] [BaseLib] Patching StateMachineType: MegaCrit.Sts2.Core.Nodes.Combat.NCreature+<AnimDie>d__102
[INFO] [BaseLib] Adding new state 5 for method CustomAnimationPatch.WaitCustomAnim before Wait with result type None ()
[INFO] [BaseLib] Patching StateMachineType: MegaCrit.Sts2.Core.Hooks.Hook+<AfterCardPlayed>d__15
[INFO] [BaseLib] Adding new state 2 for method AfterCardPlayedPatch.BeforeAfterPlayHooks before AfterCardPlayed with result type None ()
[INFO] [BaseLib] Applied 177 patches successfully, 0 failed
[INFO] Finished mod initialization for 'BaseLib' (BaseLib).
[INFO] Loading assembly DLL E:\SteamLibrary\steamapps\common\Slay the Spire 2\mods\STS2商人娘化IImod\Merchant2CuteII.dll
[INFO] Loading Godot PCK E:\SteamLibrary\steamapps\common\Slay the Spire 2\mods\STS2商人娘化IImod\Merchant2CuteII.pck
[INFO] Calling initializer method of type Merchant2CuteII.Merchant2CuteIIMod for Merchant2CuteII, Version=1.0.0.0, Culture=neutral, PublicKeyToken=null
[Merchant2CuteII] Preloaded: res://animations/customs/merchant/leg.png
[Merchant2CuteII] Preloaded audio resource: res://debug_audio/jp/welcome.mp3
[Merchant2CuteII] Preloaded audio resource: res://debug_audio/jp/thanks.mp3
[Merchant2CuteII] Preloaded spine resource: res://animations/backgrounds/fake_merchant_room/hand/fake_merchant_hand_skel_data.tres
[INFO] Finished mod initialization for 'Merchant2CuteII' (Merchant2CuteII).
[ERROR] Mod manifest for mod LunchShark‘s cute doorMaker declares that it should load an assembly, but no assembly at path E:\SteamLibrary\steamapps\common\Slay the Spire 2\mods\模型替换 门扉\LunchShark‘s cute doorMaker.dll was found!
   at MegaCrit.Sts2.Core.Modding.ModManager.TryLoadMod(Mod mod)
   at MegaCrit.Sts2.Core.Modding.ModManager.Initialize(IModManagerFileIo fileIo, ModSettings settings)
   at MegaCrit.Sts2.Core.Helpers.OneTimeInitialization.ExecuteVeryEarly()
   at MegaCrit.Sts2.Core.Nodes.NGame.GameStartup()
   at System.Runtime.CompilerServices.AsyncMethodBuilderCore.Start[TStateMachine](TStateMachine& stateMachine)
   at MegaCrit.Sts2.Core.Nodes.NGame.GameStartup()
   at MegaCrit.Sts2.Core.Nodes.NGame.GameStartupWrapper()
   at System.Runtime.CompilerServices.AsyncMethodBuilderCore.Start[TStateMachine](TStateMachine& stateMachine)
   at MegaCrit.Sts2.Core.Nodes.NGame.GameStartupWrapper()
   at MegaCrit.Sts2.Core.Nodes.NGame._EnterTree()
   at Godot.Node.InvokeGodotClassMethod(godot_string_name& method, NativeVariantPtrArgs args, godot_variant& ret)
   at Godot.CanvasItem.InvokeGodotClassMethod(godot_string_name& method, NativeVariantPtrArgs args, godot_variant& ret)
   at Godot.Control.InvokeGodotClassMethod(godot_string_name& method, NativeVariantPtrArgs args, godot_variant& ret)
   at MegaCrit.Sts2.Core.Nodes.NGame.InvokeGodotClassMethod(godot_string_name& method, NativeVariantPtrArgs args, godot_variant& ret)
   at Godot.Bridge.CSharpInstanceBridge.Call(IntPtr godotObjectGCHandle, godot_string_name* method, godot_variant** args, Int32 argCount, godot_variant_call_error* refCallError, godot_variant* ret)

[INFO] Loading Godot PCK E:\SteamLibrary\steamapps\common\Slay the Spire 2\mods\模型替换 门扉\LunchShark‘s cute doorMaker.pck
[INFO] Finished mod initialization for 'LunchShark‘s cute doorMaker' (LunchShark‘s cute doorMaker).
[INFO] Loading assembly DLL E:\SteamLibrary\steamapps\common\Slay the Spire 2\mods\MoreBosses\MoreBosses.dll
[INFO] Loading Godot PCK E:\SteamLibrary\steamapps\common\Slay the Spire 2\mods\MoreBosses\MoreBosses.pck
[INFO] Calling initializer method of type MoreBosses.ModEntry for MoreBosses, Version=0.1.1.0, Culture=neutral, PublicKeyToken=null
[INFO] [MoreBosses] Loaded for Slay the Spire 2 0.103.2.
[INFO] Finished mod initialization for '更多 Boss' (MoreBosses).
[INFO] [com.ritsukage.sts2-RitsuLib] 
=== RitsuLib Mod Debug Information ===
Host Version: v0.103.3
RitsuLib Version: 0.4.11 [compat branch: 0.103.2]
Loaded Mods: 13
Registered Mods: 13
Mod List:
  * RitsuLib (STS2 0.103.2 compat) [STS2-RitsuLib] (0.4.11)
  * TheQueen (1.1)
  * 海克斯符文 [HextechRunes] (0.7.1)
  * WineFox [STS2_WineFox] (1.1.21)
  * 我已神化 [BetterCharacters] (1.6)
  * 更好的体验 [BetterExperience] (1.3)
  * 路线规划器 [RoutePlanner] (1.0.0)
  * Quick Restart [QuickRestart] (1.0.0)
  * Quick Reload [QuickReload] (1.0.3)
  * BaseLib (v3.1.2)
  * Merchant2CuteII (v1.4.0)
  * LunchShark‘s cute doorMaker (0.0.1)
  * 更多 Boss [MoreBosses] (0.1.1)

[INFO]  --- RUNNING MODDED! --- Loaded 13 mods (13 total)
[INFO] Syncing cloud save files to the local save directory
[WARN] Asset not cached: res://scenes/cards/card.tscn
[INFO] Copying modded/profile1\saves\history/1776688124.run from cloud to local. Local file exists: True Cloud save time: 04/21/2026 05:33:50 +00:00 Local save time: 04/21/2026 05:33:49 +00:00
[INFO] Copying modded/profile1\saves\history/1776749638.run from cloud to local. Local file exists: True Cloud save time: 04/21/2026 05:53:53 +00:00 Local save time: 04/21/2026 05:53:52 +00:00
[INFO] Copying modded/profile1\saves\history/1776750842.run from cloud to local. Local file exists: True Cloud save time: 04/21/2026 06:06:12 +00:00 Local save time: 04/21/2026 06:06:11 +00:00
[INFO] Copying modded/profile1\saves\history/1776753439.run from cloud to local. Local file exists: True Cloud save time: 04/21/2026 06:53:49 +00:00 Local save time: 04/21/2026 06:53:48 +00:00
[INFO] Copying modded/profile1\saves\history/1776755267.run from cloud to local. Local file exists: True Cloud save time: 04/21/2026 07:24:25 +00:00 Local save time: 04/21/2026 07:24:24 +00:00
[INFO] Copying modded/profile1\saves\history/1776756291.run from cloud to local. Local file exists: True Cloud save time: 04/21/2026 07:31:27 +00:00 Local save time: 04/21/2026 07:31:26 +00:00
[INFO] Copying modded/profile1\saves\history/1776772820.run from cloud to local. Local file exists: True Cloud save time: 04/21/2026 23:15:18 +00:00 Local save time: 04/21/2026 23:15:17 +00:00
[INFO] Copying modded/profile1\saves\history/1776813579.run from cloud to local. Local file exists: True Cloud save time: 04/21/2026 23:28:57 +00:00 Local save time: 04/21/2026 23:28:56 +00:00
[WARN] Asset not cached: res://scenes/cards/holders/grid_card_holder.tscn
[INFO] AtlasManager: Loaded ui_atlas with 102 sprites
[INFO] AtlasManager: Loaded compressed with 45 sprites
[INFO] [STS2_WineFox] [Content] Registered card: Forging -> WineFoxCardPool
[INFO] [STS2_WineFox] [Content] Registered card: NetheritePickaxe -> WineFoxCardPool
[INFO] [STS2_WineFox] [Content] Registered card: BasicCraft -> WineFoxCardPool
[INFO] [STS2_WineFox] [Content] Registered card: BasicMine -> WineFoxCardPool
[INFO] [STS2_WineFox] [Content] Registered card: WineFoxDefend -> WineFoxCardPool
[INFO] [STS2_WineFox] [Content] Registered card: WineFoxStrike -> WineFoxCardPool
[INFO] [STS2_WineFox] [Content] Registered card: BackupCrafting -> WineFoxCardPool
[INFO] [STS2_WineFox] [Content] Registered card: BarrierWave -> WineFoxCardPool
[INFO] [STS2_WineFox] [Content] Registered card: ChangeEquipment -> WineFoxCardPool
[INFO] [STS2_WineFox] [Content] Registered card: FullForceCollision -> WineFoxCardPool
[INFO] [STS2_WineFox] [Content] Registered card: GettingWood -> WineFoxCardPool
[INFO] [STS2_WineFox] [Content] Registered card: HoardingHabit -> WineFoxCardPool
[INFO] [STS2_WineFox] [Content] Registered card: ImprovisedWeapon -> WineFoxCardPool
[INFO] [STS2_WineFox] [Content] Registered card: IronZombie -> WineFoxCardPool
[INFO] [STS2_WineFox] [Content] Registered card: LightAssault -> WineFoxCardPool
[INFO] [STS2_WineFox] [Content] Registered card: MagicMissile -> WineFoxCardPool
[INFO] [STS2_WineFox] [Content] Registered card: PlantTrees -> WineFoxCardPool
[INFO] [STS2_WineFox] [Content] Registered card: PowerUp -> WineFoxCardPool
[INFO] [STS2_WineFox] [Content] Registered card: PreProcessing -> WineFoxCardPool
[INFO] [STS2_WineFox] [Content] Registered card: QuickAttack -> WineFoxCardPool
[INFO] [STS2_WineFox] [Content] Registered card: QuickShelter -> WineFoxCardPool
[INFO] [STS2_WineFox] [Content] Registered card: Regroup -> WineFoxCardPool
[INFO] [STS2_WineFox] [Content] Registered card: TicTacToeGrid -> WineFoxCardPool
[INFO] [STS2_WineFox] [Content] Registered card: Traditionalist -> WineFoxCardPool
[INFO] [STS2_WineFox] [Content] Registered card: VacantDomain -> WineFoxCardPool
[INFO] [STS2_WineFox] [Content] Registered card: WindCrank -> WineFoxCardPool
[INFO] [STS2_WineFox] [Content] Registered card: AllItem -> WineFoxCardPool
[INFO] [STS2_WineFox] [Content] Registered card: ArmToTeeth -> WineFoxCardPool
[INFO] [STS2_WineFox] [Content] Registered card: AutoCrafter -> WineFoxCardPool
[INFO] [STS2_WineFox] [Content] Registered card: BatchCraft -> WineFoxCardPool
[INFO] [STS2_WineFox] [Content] Registered card: CobblestoneGenerator -> WineFoxCardPool
[INFO] [STS2_WineFox] [Content] Registered card: EasyPeasy -> WineFoxCardPool
[INFO] [STS2_WineFox] [Content] Registered card: EssenceReconstruction -> WineFoxCardPool
[INFO] [STS2_WineFox] [Content] Registered card: EternalMelody -> WineFoxCardPool
[INFO] [STS2_WineFox] [Content] Registered card: ExplosionMagic -> WineFoxCardPool
[INFO] [STS2_WineFox] [Content] Registered card: HellGift -> WineFoxCardPool
[INFO] [STS2_WineFox] [Content] Registered card: LessHoliday -> WineFoxCardPool
[INFO] [STS2_WineFox] [Content] Registered card: Liberation -> WineFoxCardPool
[INFO] [STS2_WineFox] [Content] Registered card: MagicOverloaded -> WineFoxCardPool
[INFO] [STS2_WineFox] [Content] Registered card: MaidSupport -> WineFoxCardPool
[INFO] [STS2_WineFox] [Content] Registered card: Milk -> WineFoxCardPool
[INFO] [STS2_WineFox] [Content] Registered card: MiningGems -> WineFoxCardPool
[INFO] [STS2_WineFox] [Content] Registered card: NetheriteChestPlate -> WineFoxCardPool
[INFO] [STS2_WineFox] [Content] Registered card: NetheriteSword -> WineFoxCardPool
[INFO] [STS2_WineFox] [Content] Registered card: NoMoreFalchion -> WineFoxCardPool
[INFO] [STS2_WineFox] [Content] Registered card: PaybackTime -> WineFoxCardPool
[INFO] [STS2_WineFox] [Content] Registered card: PlanningExpert -> WineFoxCardPool
[INFO] [STS2_WineFox] [Content] Registered card: ShieldAttack -> WineFoxCardPool
[INFO] [STS2_WineFox] [Content] Registered card: SpinningHand -> WineFoxCardPool
[INFO] [STS2_WineFox] [Content] Registered card: SpiritFoxForm -> WineFoxCardPool
[INFO] [STS2_WineFox] [Content] Registered card: SteamEngine -> WineFoxCardPool
[INFO] [STS2_WineFox] [Content] Registered card: WirelessTerminal -> WineFoxCardPool
[INFO] [STS2_WineFox] [Content] Registered card: DiamondArmor -> WineFoxCraftingCardPool
[INFO] [STS2_WineFox] [Content] Registered card: DiamondPickaxe -> WineFoxCraftingCardPool
[INFO] [STS2_WineFox] [Content] Registered card: DiamondSword -> WineFoxCraftingCardPool
[INFO] [STS2_WineFox] [Content] Registered card: IronArmor -> WineFoxCraftingCardPool
[INFO] [STS2_WineFox] [Content] Registered card: IronPickaxe -> WineFoxCraftingCardPool
[INFO] [STS2_WineFox] [Content] Registered card: IronSword -> WineFoxCraftingCardPool
[INFO] [STS2_WineFox] [Content] Registered card: Nothing -> WineFoxCraftingCardPool
[INFO] [STS2_WineFox] [Content] Registered card: Shield -> WineFoxCraftingCardPool
[INFO] [STS2_WineFox] [Content] Registered card: StoneArmor -> WineFoxCraftingCardPool
[INFO] [STS2_WineFox] [Content] Registered card: StonePickaxe -> WineFoxCraftingCardPool
[INFO] [STS2_WineFox] [Content] Registered card: StoneSword -> WineFoxCraftingCardPool
[INFO] [STS2_WineFox] [Content] Registered card: WoodenArmor -> WineFoxCraftingCardPool
[INFO] [STS2_WineFox] [Content] Registered card: WoodenPickaxe -> WineFoxCraftingCardPool
[INFO] [STS2_WineFox] [Content] Registered card: WoodenSword -> WineFoxCraftingCardPool
[INFO] [STS2_WineFox] [Content] Registered card: ObtainMaterials -> WineFoxTokenCardPool
[INFO] [STS2_WineFox] [Content] Registered card: ObtainStress -> WineFoxTokenCardPool
[INFO] [STS2_WineFox] [Content] Registered card: GoldenArmor -> WineFoxTokenCardPool
[INFO] [STS2_WineFox] [Content] Registered card: GoldenPickaxe -> WineFoxTokenCardPool
[INFO] [STS2_WineFox] [Content] Registered card: GoldenSword -> WineFoxTokenCardPool
[INFO] [STS2_WineFox] [Content] Registered card: WorkWork -> WineFoxTokenCardPool
[INFO] [STS2_WineFox] [Content] Registered card: CraftUpgrade -> WineFoxCraftingCardPool
[INFO] [STS2_WineFox] [Content] Registered card: FeedingUpgrade -> WineFoxCraftingCardPool
[INFO] [STS2_WineFox] [Content] Registered card: RestockUpgrade -> WineFoxCraftingCardPool
[INFO] [STS2_WineFox] [Content] Registered card: SavingsUpgrade -> WineFoxCraftingCardPool
[INFO] [STS2_WineFox] [Content] Registered card: SmeltingUpgrade -> WineFoxCraftingCardPool
[INFO] [STS2_WineFox] [Content] Registered card: StonecutterUpgrade -> WineFoxCraftingCardPool
[INFO] [STS2_WineFox] [Content] Registered card: AlterPath -> WineFoxCardPool
[INFO] [STS2_WineFox] [Content] Registered card: Alternator -> WineFoxCardPool
[INFO] [STS2_WineFox] [Content] Registered card: AnticipateAdvantage -> WineFoxCardPool
[INFO] [STS2_WineFox] [Content] Registered card: BlueprintPrinting -> WineFoxCardPool
[INFO] [STS2_WineFox] [Content] Registered card: Bucket -> WineFoxCardPool
[INFO] [STS2_WineFox] [Content] Registered card: CrushingWheel -> WineFoxCardPool
[INFO] [STS2_WineFox] [Content] Registered card: DripstoneTrap -> WineFoxCardPool
[INFO] [STS2_WineFox] [Content] Registered card: EnmergencyRepair -> WineFoxCardPool
[INFO] [STS2_WineFox] [Content] Registered card: Erosion -> WineFoxCardPool
[INFO] [STS2_WineFox] [Content] Registered card: FoxBite -> WineFoxCardPool
[INFO] [STS2_WineFox] [Content] Registered card: FullAttack -> WineFoxCardPool
[INFO] [STS2_WineFox] [Content] Registered card: HammerStrike -> WineFoxCardPool
[INFO] [STS2_WineFox] [Content] Registered card: HighlyFocused -> WineFoxCardPool
[INFO] [STS2_WineFox] [Content] Registered card: IntermittentChanting -> WineFoxCardPool
[INFO] [STS2_WineFox] [Content] Registered card: KaleidoscopePot -> WineFoxCardPool
[INFO] [STS2_WineFox] [Content] Registered card: LaunchPlatform -> WineFoxCardPool
[INFO] [STS2_WineFox] [Content] Registered card: Logistics -> WineFoxCardPool
[INFO] [STS2_WineFox] [Content] Registered card: MassProduction -> WineFoxCardPool
[INFO] [STS2_WineFox] [Content] Registered card: MechanicalDrill -> WineFoxCardPool
[INFO] [STS2_WineFox] [Content] Registered card: MechanicalSaw -> WineFoxCardPool
[INFO] [STS2_WineFox] [Content] Registered card: Memory -> WineFoxCardPool
[INFO] [STS2_WineFox] [Content] Registered card: OtherworldCrossing -> WineFoxCardPool
[INFO] [STS2_WineFox] [Content] Registered card: PetrificationSpell -> WineFoxCardPool
[INFO] [STS2_WineFox] [Content] Registered card: PressWToThink -> WineFoxCardPool
[INFO] [STS2_WineFox] [Content] Registered card: ProductionDocument -> WineFoxCardPool
[INFO] [STS2_WineFox] [Content] Registered card: Recuperate -> WineFoxCardPool
[INFO] [STS2_WineFox] [Content] Registered card: RedemptionStrike -> WineFoxCardPool
[INFO] [STS2_WineFox] [Content] Registered card: RiclearPowerPlant -> WineFoxCardPool
[INFO] [STS2_WineFox] [Content] Registered card: Scratch -> WineFoxCardPool
[INFO] [STS2_WineFox] [Content] Registered card: ShardCopy -> WineFoxCardPool
[INFO] [STS2_WineFox] [Content] Registered card: SlashBladeWood -> WineFoxCardPool
[INFO] [STS2_WineFox] [Content] Registered card: SnowBallOverwhelming -> WineFoxCardPool
[INFO] [STS2_WineFox] [Content] Registered card: StressResponse -> WineFoxCardPool
[INFO] [STS2_WineFox] [Content] Registered card: Sweep -> WineFoxCardPool
[INFO] [STS2_WineFox] [Content] Registered card: SweetDream -> WineFoxCardPool
[INFO] [STS2_WineFox] [Content] Registered card: WorkbenchBackpack -> WineFoxCardPool
[INFO] [STS2_WineFox] [Content] Registered character: WineFox
[INFO] [STS2_WineFox] [Content] Registered shared card pool: WineFoxCraftingCardPool
[INFO] [STS2_WineFox] [Content] Registered shared potion pool: WineFoxFoodPotionPool
[INFO] [STS2_WineFox] [Content] Registered shared card pool: WineFoxTokenCardPool
[INFO] [STS2_WineFox] [Content] Registered enchantment: FireAspect
[INFO] [STS2_WineFox] [Content] Registered enchantment: SweepingEdge
[INFO] [STS2_WineFox] [Content] Registered potion: Apple -> WineFoxFoodPotionPool
[INFO] [STS2_WineFox] [Content] Registered potion: BakedPotato -> WineFoxFoodPotionPool
[INFO] [STS2_WineFox] [Content] Registered potion: Beet -> WineFoxFoodPotionPool
[INFO] [STS2_WineFox] [Content] Registered potion: BeetSoup -> WineFoxFoodPotionPool
[INFO] [STS2_WineFox] [Content] Registered potion: Bread -> WineFoxFoodPotionPool
[INFO] [STS2_WineFox] [Content] Registered potion: Cake -> WineFoxFoodPotionPool
[INFO] [STS2_WineFox] [Content] Registered potion: Carrot -> WineFoxFoodPotionPool
[INFO] [STS2_WineFox] [Content] Registered potion: ChorusFruit -> WineFoxFoodPotionPool
[INFO] [STS2_WineFox] [Content] Registered potion: Cookie -> WineFoxFoodPotionPool
[INFO] [STS2_WineFox] [Content] Registered potion: EnchantedGoldenApple -> WineFoxFoodPotionPool
[INFO] [STS2_WineFox] [Content] Registered potion: GlisteringMelon -> WineFoxFoodPotionPool
[INFO] [STS2_WineFox] [Content] Registered potion: GlowBerries -> WineFoxFoodPotionPool
[INFO] [STS2_WineFox] [Content] Registered potion: GoldenApple -> WineFoxFoodPotionPool
[INFO] [STS2_WineFox] [Content] Registered potion: GoldenCarrot -> WineFoxFoodPotionPool
[INFO] [STS2_WineFox] [Content] Registered potion: GoldenSweetBerries -> WineFoxFoodPotionPool
[INFO] [STS2_WineFox] [Content] Registered potion: Mushroom -> WineFoxFoodPotionPool
[INFO] [STS2_WineFox] [Content] Registered potion: MushroomStew -> WineFoxFoodPotionPool
[INFO] [STS2_WineFox] [Content] Registered potion: Potato -> WineFoxFoodPotionPool
[INFO] [STS2_WineFox] [Content] Registered potion: Pumpkin -> WineFoxFoodPotionPool
[INFO] [STS2_WineFox] [Content] Registered potion: PumpkinPie -> WineFoxFoodPotionPool
[INFO] [STS2_WineFox] [Content] Registered potion: SmokedCarrot -> WineFoxFoodPotionPool
[INFO] [STS2_WineFox] [Content] Registered potion: SweetBerries -> WineFoxFoodPotionPool
[INFO] [STS2_WineFox] [Content] Registered potion: Watermelon -> WineFoxFoodPotionPool
[INFO] [STS2_WineFox] [Content] Registered potion: Wheat -> WineFoxFoodPotionPool
[INFO] [STS2_WineFox] [Content] Registered power: AnticipateAdvantageDexPower
[INFO] [STS2_WineFox] [Content] Registered power: ArmToTeethPower
[INFO] [STS2_WineFox] [Content] Registered power: AutoCrafterPower
[INFO] [STS2_WineFox] [Content] Registered power: BrushStoneFormPower
[INFO] [STS2_WineFox] [Content] Registered power: BurningPower
[INFO] [STS2_WineFox] [Content] Registered power: ChantPower
[INFO] [STS2_WineFox] [Content] Registered power: DiamondArmorPower
[INFO] [STS2_WineFox] [Content] Registered power: DiamondPickaxePower
[INFO] [STS2_WineFox] [Content] Registered power: DiamondPower
[INFO] [STS2_WineFox] [Content] Registered power: DiamondSwordPower
[INFO] [STS2_WineFox] [Content] Registered power: DiggingPower
[INFO] [STS2_WineFox] [Content] Registered power: EasyPeasyPower
[INFO] [STS2_WineFox] [Content] Registered power: EternalMelodyRetentionPower
[INFO] [STS2_WineFox] [Content] Registered power: GoldenArmorPower
[INFO] [STS2_WineFox] [Content] Registered power: GoldenPickaxePower
[INFO] [STS2_WineFox] [Content] Registered power: GoldenSwordPower
[INFO] [STS2_WineFox] [Content] Registered power: HighlyFocusedPower
[INFO] [STS2_WineFox] [Content] Registered power: HighlyFocusedTrackerPower
[INFO] [STS2_WineFox] [Content] Registered power: HoardingHabitPower
[INFO] [STS2_WineFox] [Content] Registered power: HpLossReductionPower
[INFO] [STS2_WineFox] [Content] Registered power: IronArmorPower
[INFO] [STS2_WineFox] [Content] Registered power: IronPickaxePower
[INFO] [STS2_WineFox] [Content] Registered power: IronPickaxePowerUpgraded
[INFO] [STS2_WineFox] [Content] Registered power: IronPower
[INFO] [STS2_WineFox] [Content] Registered power: IronSwordPower
[INFO] [STS2_WineFox] [Content] Registered power: LaunchPlatformPower
[INFO] [STS2_WineFox] [Content] Registered power: LiberationPower
[INFO] [STS2_WineFox] [Content] Registered power: MassProductionPower
[INFO] [STS2_WineFox] [Content] Registered power: MemoryPower
[INFO] [STS2_WineFox] [Content] Registered power: MemoryPowerUpgraded
[INFO] [STS2_WineFox] [Content] Registered power: NetheriteChestPlatePower
[INFO] [STS2_WineFox] [Content] Registered power: NetheritePickaxePower
[INFO] [STS2_WineFox] [Content] Registered power: OtherworldCrossingPower
[INFO] [STS2_WineFox] [Content] Registered power: PlanningExpertPower
[INFO] [STS2_WineFox] [Content] Registered power: PlantPower
[INFO] [STS2_WineFox] [Content] Registered power: ProductionDocumentPower
[INFO] [STS2_WineFox] [Content] Registered power: RadiationLeakPower
[INFO] [STS2_WineFox] [Content] Registered power: RepairPower
[INFO] [STS2_WineFox] [Content] Registered power: ShardCopyPower
[INFO] [STS2_WineFox] [Content] Registered power: ShieldCooldownPower
[INFO] [STS2_WineFox] [Content] Registered power: ShieldDexPower
[INFO] [STS2_WineFox] [Content] Registered power: SlashBladeWoodPower
[INFO] [STS2_WineFox] [Content] Registered power: SnowBallOverwhelmingPower
[INFO] [STS2_WineFox] [Content] Registered power: SpiritFoxFormPower
[INFO] [STS2_WineFox] [Content] Registered power: SteamPower
[INFO] [STS2_WineFox] [Content] Registered power: StoneArmorPower
[INFO] [STS2_WineFox] [Content] Registered power: StonePower
[INFO] [STS2_WineFox] [Content] Registered power: StoneSwordPower
[INFO] [STS2_WineFox] [Content] Registered power: StressPower
[INFO] [STS2_WineFox] [Content] Registered power: TrackingPower
[INFO] [STS2_WineFox] [Content] Registered power: WoodPower
[INFO] [STS2_WineFox] [Content] Registered power: WoodenSwordPower
[INFO] [STS2_WineFox] [Content] Registered relic: CreativeMotor -> WineFoxRelicPool
[INFO] [STS2_WineFox] [Content] Registered relic: Deployer -> WineFoxRelicPool
[INFO] [STS2_WineFox] [Content] Registered relic: HandCrank -> WineFoxRelicPool
[INFO] [STS2_WineFox] [Content] Registered relic: MaidBackpack -> WineFoxRelicPool
[INFO] [STS2_WineFox] [Content] Registered relic: OrangeTigerCake -> WineFoxRelicPool
[INFO] [STS2_WineFox] [Content] Registered relic: SophisticatedBackpack -> WineFoxRelicPool
[INFO] [STS2_WineFox] [Content] Registered relic: TotemofUndying -> WineFoxRelicPool
[INFO] [STS2_WineFox] [Content] Registered starter card: BasicCraft x1 -> WineFox
[INFO] [STS2_WineFox] [Content] Registered starter card: BasicMine x1 -> WineFox
[INFO] [STS2_WineFox] [Content] Registered starter card: WineFoxDefend x4 -> WineFox
[INFO] [STS2_WineFox] [Content] Registered starter card: WineFoxStrike x4 -> WineFox
[INFO] [STS2_WineFox] [Content] Registered act event: DesertPyramid -> Overgrowth
[INFO] [STS2_WineFox] [Content] Registered act event: DesertPyramid -> Underdocks
[INFO] [STS2_WineFox] [Content] Registered starter relic: HandCrank x1 -> WineFox
[INFO] [STS2_WineFox] [Keywords] Registered keyword: STS2_WINE_FOX_KEYWORD_CRAFT (CardKeyword=0x657E0214)
[INFO] [STS2_WineFox] [Keywords] Registered keyword: STS2_WINE_FOX_KEYWORD_DIAMOND (CardKeyword=0x721477B6)
[INFO] [STS2_WineFox] [Keywords] Registered keyword: STS2_WINE_FOX_KEYWORD_DIGGING (CardKeyword=0x7515B8CD)
[INFO] [STS2_WineFox] [Keywords] Registered keyword: STS2_WINE_FOX_KEYWORD_EXCHANGE (CardKeyword=0x4229CA54)
[INFO] [STS2_WineFox] [Keywords] Registered keyword: STS2_WINE_FOX_KEYWORD_IRON (CardKeyword=0x40BA4B62)
[INFO] [STS2_WineFox] [Keywords] Registered keyword: STS2_WINE_FOX_KEYWORD_MATERIAL (CardKeyword=0x5EE42C7D)
[INFO] [STS2_WineFox] [Keywords] Registered keyword: STS2_WINE_FOX_KEYWORD_PLANT (CardKeyword=0x7D8A065B)
[INFO] [STS2_WineFox] [Keywords] Registered keyword: STS2_WINE_FOX_KEYWORD_PLATING (CardKeyword=0x72466B08)
[INFO] [STS2_WineFox] [Keywords] Registered keyword: STS2_WINE_FOX_KEYWORD_STEAM (CardKeyword=0x6F94DED8)
[INFO] [STS2_WineFox] [Keywords] Registered keyword: STS2_WINE_FOX_KEYWORD_STONE (CardKeyword=0x504F8F8C)
[INFO] [STS2_WineFox] [Keywords] Registered keyword: STS2_WINE_FOX_KEYWORD_STRENGTH (CardKeyword=0x61CC5288)
[INFO] [STS2_WineFox] [Keywords] Registered keyword: STS2_WINE_FOX_KEYWORD_STRESS (CardKeyword=0x4C0DDAD3)
[INFO] [STS2_WineFox] [Keywords] Registered keyword: STS2_WINE_FOX_KEYWORD_WOOD (CardKeyword=0x7903A9B6)
[INFO] [STS2_WineFox] [TopBar] Registered top-bar button: STS2_WINE_FOX_TOPBARBUTTON_CRAFTING_CODEX (Order=0)
[INFO] [STS2_WineFox] [Timeline] Registered story: WineFoxModStory (id=S_T_S2_WINE_FOX)
[INFO] [STS2_WineFox] [Timeline] Registered epoch: WineFoxAct1Epoch (id=STS2_WINE_FOX_CHARACTER_WINE_FOX2_EPOCH)
[INFO] [STS2_WineFox] [Timeline] Story-epoch binding: WineFoxModStory ← WineFoxAct1Epoch
[INFO] [STS2_WineFox] [Timeline] Registered epoch: WineFoxAct2Epoch (id=STS2_WINE_FOX_CHARACTER_WINE_FOX3_EPOCH)
[INFO] [STS2_WineFox] [Timeline] Story-epoch binding: WineFoxModStory ← WineFoxAct2Epoch
[INFO] [STS2_WineFox] [Timeline] Registered epoch: WineFoxAct3Epoch (id=STS2_WINE_FOX_CHARACTER_WINE_FOX4_EPOCH)
[INFO] [STS2_WineFox] [Timeline] Story-epoch binding: WineFoxModStory ← WineFoxAct3Epoch
[INFO] [STS2_WineFox] [Timeline] Registered epoch: WineFoxAscensionOneEpoch (id=WINEFOX_ASCENSION_ONE_EPOCH)
[INFO] [STS2_WineFox] [Timeline] Story-epoch binding: WineFoxModStory ← WineFoxAscensionOneEpoch
[INFO] [STS2_WineFox] [Timeline] Registered epoch: WineFoxBossEpoch (id=WINEFOX_BOSS_MILESTONE_EPOCH)
[INFO] [STS2_WineFox] [Timeline] Story-epoch binding: WineFoxModStory ← WineFoxBossEpoch
[INFO] [STS2_WineFox] [Timeline] Registered epoch: WineFoxCardEpoch (id=WINEFOX_CARD_EPOCH)
[INFO] [STS2_WineFox] [Timeline] Story-epoch binding: WineFoxModStory ← WineFoxCardEpoch
[INFO] [STS2_WineFox] [Timeline] Registered epoch: WineFoxCharacterEpoch (id=WINEFOX_CHARACTER_EPOCH)
[INFO] [STS2_WineFox] [Timeline] Story-epoch binding: WineFoxModStory ← WineFoxCharacterEpoch
[INFO] [STS2_WineFox] [Timeline] Registered epoch: WineFoxEliteEpoch (id=WINEFOX_ELITE_MILESTONE_EPOCH)
[INFO] [STS2_WineFox] [Timeline] Story-epoch binding: WineFoxModStory ← WineFoxEliteEpoch
[INFO] [STS2_WineFox] [Timeline] Registered epoch: WineFoxVictoryEpoch (id=WINEFOX_VICTORY_EPOCH)
[INFO] [STS2_WineFox] [Timeline] Story-epoch binding: WineFoxModStory ← WineFoxVictoryEpoch
[INFO] [com.ritsukage.sts2-RitsuLib] [AutoRegister] Processed assembly 'STS2_WineFox': 270 operation(s), 270 succeeded, 0 failed.
[INFO] [TheQueen] [Content] Registered card: AcidGoop -> EnemyCardPool
[INFO] [TheQueen] [Content] Registered card: AdmissionTicket -> TokenCardPool
[INFO] [TheQueen] [Content] Registered card: AdvancedGas -> EnemyCardPool
[INFO] [TheQueen] [Content] Registered card: AllSlippery -> EnemyCardPool
[INFO] [TheQueen] [Content] Registered card: AllSoulSlash -> QueenCardPool
[INFO] [TheQueen] [Content] Registered card: AmalgamArmyBreak -> QueenCardPool
[INFO] [TheQueen] [Content] Registered card: AshenWall -> QueenCardPool
[INFO] [TheQueen] [Content] Registered card: Astrolabe -> QueenCardPool
[INFO] [TheQueen] [Content] Registered card: Awaken -> QueenCardPool
[INFO] [TheQueen] [Content] Registered card: AwakenFear -> TokenCardPool
[INFO] [TheQueen] [Content] Registered card: AwakenPain -> TokenCardPool
[INFO] [TheQueen] [Content] Registered card: BackAttack -> EnemyCardPool
[INFO] [TheQueen] [Content] Registered card: BeastCry -> EnemyCardPool
[INFO] [TheQueen] [Content] Registered card: Beckon -> EnemyCardPool
[INFO] [TheQueen] [Content] Registered card: BeetleCharge -> EnemyCardPool
[INFO] [TheQueen] [Content] Registered card: BindCard -> QueenCardPool
[INFO] [TheQueen] [Content] Registered card: Bite -> EnemyCardPool
[INFO] [TheQueen] [Content] Registered relic: BrokenMagicMirrorRelic -> QueenRelicPool
[INFO] [TheQueen] [Content] Registered card: Buff -> EnemyCardPool
[INFO] [TheQueen] [Content] Registered card: BurnBrightForMe -> QueenCardPool
[INFO] [TheQueen] [Content] Registered card: Burrow -> EnemyCardPool
[INFO] [TheQueen] [Content] Registered card: Butt -> EnemyCardPool
[INFO] [TheQueen] [Content] Registered card: CarefulPick -> QueenCardPool
[INFO] [TheQueen] [Content] Registered card: Cataclysm -> QueenCardPool
[INFO] [TheQueen] [Content] Registered card: ChainsPrison -> QueenCardPool
[INFO] [TheQueen] [Content] Registered card: Clamp -> EnemyCardPool
[INFO] [TheQueen] [Content] Registered card: CloseDoor -> EnemyCardPool
[INFO] [TheQueen] [Content] Registered card: Constrict -> EnemyCardPool
[INFO] [TheQueen] [Content] Registered card: ContinueIntent -> TokenCardPool
[INFO] [TheQueen] [Content] Registered card: CorpseSlugHunger -> EnemyCardPool
[INFO] [TheQueen] [Content] Registered card: CrabRage -> EnemyCardPool
[INFO] [TheQueen] [Content] Registered card: CurlUp -> EnemyCardPool
[INFO] [TheQueen] [Content] Registered card: CurseOfKnowledge -> EnemyCardPool
[INFO] [TheQueen] [Content] Registered card: Dampen -> EnemyCardPool
[INFO] [TheQueen] [Content] Registered card: DarkVeil -> QueenCardPool
[INFO] [TheQueen] [Content] Registered potion: DeathElixir -> QueenPotionPool
[INFO] [TheQueen] [Content] Registered card: DeathTorrent -> QueenCardPool
[INFO] [TheQueen] [Content] Registered card: DebilitatingSmog -> EnemyCardPool
[INFO] [TheQueen] [Content] Registered card: Declaration -> QueenCardPool
[INFO] [TheQueen] [Content] Registered card: DefendQueen -> QueenCardPool
[INFO] [TheQueen] [Content] Registered card: DelegateLabor -> TokenCardPool
[INFO] [TheQueen] [Content] Registered card: Devour -> TokenCardPool
[INFO] [TheQueen] [Content] Registered card: DiffuseCharge -> TokenCardPool
[INFO] [TheQueen] [Content] Registered card: Disintegration -> TokenCardPool
[INFO] [TheQueen] [Content] Registered card: Distract -> TokenCardPool
[INFO] [TheQueen] [Content] Registered card: DormantRebirth -> QueenCardPool
[INFO] [TheQueen] [Content] Registered card: DoubleBlast -> EnemyCardPool
[INFO] [TheQueen] [Content] Registered card: DrainLife -> EnemyCardPool
[INFO] [TheQueen] [Content] Registered card: DropStrike -> QueenCardPool
[INFO] [TheQueen] [Content] Registered potion: EcosphereBottle -> QueenPotionPool
[INFO] [TheQueen] [Content] Registered card: EmergencyEvasion -> QueenCardPool
[INFO] [TheQueen] [Content] Registered shared card pool: EnemyCardPool
[INFO] [TheQueen] [Content] Registered card: EnergyOrb -> EnemyCardPool
[INFO] [TheQueen] [Content] Registered card: EnjoyDinner -> QueenCardPool
[INFO] [TheQueen] [Content] Registered card: EveningStar -> TokenCardPool
[INFO] [TheQueen] [Content] Registered card: EvolutionTheory -> QueenCardPool
[INFO] [TheQueen] [Content] Registered card: Execution -> QueenCardPool
[INFO] [TheQueen] [Content] Registered card: Explode -> TokenCardPool
[INFO] [TheQueen] [Content] Registered card: Fabricate -> EnemyCardPool
[INFO] [TheQueen] [Content] Registered card: Feeding -> QueenCardPool
[INFO] [TheQueen] [Content] Registered card: FeedingBone -> TokenCardPool
[INFO] [TheQueen] [Content] Registered card: FeedingFlesh -> TokenCardPool
[INFO] [TheQueen] [Content] Registered card: FightForMe -> QueenCardPool
[INFO] [TheQueen] [Content] Registered card: FinalChant -> TokenCardPool
[INFO] [TheQueen] [Content] Registered card: FireWall -> QueenCardPool
[INFO] [TheQueen] [Content] Registered card: FirstChant -> TokenCardPool
[INFO] [TheQueen] [Content] Registered relic: FirstGiftRelic -> QueenRelicPool
[INFO] [TheQueen] [Content] Registered card: Flail -> EnemyCardPool
[INFO] [TheQueen] [Content] Registered card: Flamethrower -> EnemyCardPool
[INFO] [TheQueen] [Content] Registered card: Flee -> EnemyCardPool
[INFO] [TheQueen] [Content] Registered card: ForbiddenIncantation -> EnemyCardPool
[INFO] [TheQueen] [Content] Registered card: FrailSpores -> EnemyCardPool
[INFO] [TheQueen] [Content] Registered card: FranticTug -> TokenCardPool
[INFO] [TheQueen] [Content] Registered card: FrenziedBite -> QueenCardPool
[INFO] [TheQueen] [Content] Registered card: Galvanic -> EnemyCardPool
[INFO] [TheQueen] [Content] Registered card: Gaze -> QueenCardPool
[INFO] [TheQueen] [Content] Registered card: GemCharge -> QueenCardPool
[INFO] [TheQueen] [Content] Registered card: GemFlame -> QueenCardPool
[INFO] [TheQueen] [Content] Registered card: GemShield -> QueenCardPool
[INFO] [TheQueen] [Content] Registered card: GemWhirl -> QueenCardPool
[INFO] [TheQueen] [Content] Registered card: Gimme -> EnemyCardPool
[INFO] [TheQueen] [Content] Registered card: GluttonousFeast -> QueenCardPool
[INFO] [TheQueen] [Content] Registered relic: GoldenFingerRelic -> QueenRelicPool
[INFO] [TheQueen] [Content] Registered card: Goop -> EnemyCardPool
[INFO] [TheQueen] [Content] Registered card: GrantDefense -> QueenCardPool
[INFO] [TheQueen] [Content] Registered card: GrantOffense -> QueenCardPool
[INFO] [TheQueen] [Content] Registered card: GraspingVines -> EnemyCardPool
[INFO] [TheQueen] [Content] Registered card: GremlinStab -> EnemyCardPool
[INFO] [TheQueen] [Content] Registered card: Guard -> TokenCardPool
[INFO] [TheQueen] [Content] Registered card: HandOfRefusal -> TokenCardPool
[INFO] [TheQueen] [Content] Registered card: HandOfSeizure -> TokenCardPool
[INFO] [TheQueen] [Content] Registered card: HardToKill -> EnemyCardPool
[INFO] [TheQueen] [Content] Registered card: HardenedShell -> EnemyCardPool
[INFO] [TheQueen] [Content] Registered card: Haunt -> EnemyCardPool
[INFO] [TheQueen] [Content] Registered card: Headbutt -> EnemyCardPool
[INFO] [TheQueen] [Content] Registered card: Hex -> EnemyCardPool
[INFO] [TheQueen] [Content] Registered card: Hounds -> EnemyCardPool
[INFO] [TheQueen] [Content] Registered card: HundredHandsBanquet -> QueenCardPool
[INFO] [TheQueen] [Content] Registered card: Hunger -> QueenCardPool
[INFO] [TheQueen] [Content] Registered card: Illusion -> EnemyCardPool
[INFO] [TheQueen] [Content] Registered card: Illusion2 -> EnemyCardPool
[INFO] [TheQueen] [Content] Registered card: Incantation -> EnemyCardPool
[INFO] [TheQueen] [Content] Registered card: Joyless -> QueenCardPool
[INFO] [TheQueen] [Content] Registered card: Killshot -> EnemyCardPool
[INFO] [TheQueen] [Content] Registered card: LampDrive -> QueenCardPool
[INFO] [TheQueen] [Content] Registered potion: LampInABottle -> QueenPotionPool
[INFO] [TheQueen] [Content] Registered card: Lash -> EnemyCardPool
[INFO] [TheQueen] [Content] Registered card: LayEggs -> EnemyCardPool
[INFO] [TheQueen] [Content] Registered card: LiquifyGround -> EnemyCardPool
[INFO] [TheQueen] [Content] Registered card: LocalMaterials -> QueenCardPool
[INFO] [TheQueen] [Content] Registered potion: MagicMirrorShard -> QueenPotionPool
[INFO] [TheQueen] [Content] Registered potion: MagicMirrorShard -> TokenPotionPool
[INFO] [TheQueen] [Content] Registered card: MagicPigment -> QueenCardPool
[INFO] [TheQueen] [Content] Registered card: MagicTime -> QueenCardPool
[INFO] [TheQueen] [Content] Registered card: Mandragora -> QueenCardPool
[INFO] [TheQueen] [Content] Registered card: Marionette -> QueenCardPool
[INFO] [TheQueen] [Content] Registered card: Miasma -> EnemyCardPool
[INFO] [TheQueen] [Content] Registered card: MiasmaStrike -> QueenCardPool
[INFO] [TheQueen] [Content] Registered card: MindClarity -> TokenCardPool
[INFO] [TheQueen] [Content] Registered card: MindControl -> QueenCardPool
[INFO] [TheQueen] [Content] Registered card: MindYourManners -> QueenCardPool
[INFO] [TheQueen] [Content] Registered card: MorningStar -> TokenCardPool
[INFO] [TheQueen] [Content] Registered card: MysticChant -> QueenCardPool
[INFO] [TheQueen] [Content] Registered card: Nibble -> TokenCardPool
[INFO] [TheQueen] [Content] Registered relic: NightLightRelic -> QueenRelicPool
[INFO] [TheQueen] [Content] Registered card: Noise -> TokenCardPool
[INFO] [TheQueen] [Content] Registered card: OilSpray -> EnemyCardPool
[INFO] [TheQueen] [Content] Registered relic: OminousCurseRelic -> QueenRelicPool
[INFO] [TheQueen] [Content] Registered card: OpenGallery -> QueenCardPool
[INFO] [TheQueen] [Content] Registered card: OppressivePresence -> QueenCardPool
[INFO] [TheQueen] [Content] Registered card: PaperCuts -> EnemyCardPool
[INFO] [TheQueen] [Content] Registered relic: PaperCutsRelic -> EventRelicPool
[INFO] [TheQueen] [Content] Registered card: PathOfPain -> QueenCardPool
[INFO] [TheQueen] [Content] Registered relic: PeachHeartWoodenSwordRelic -> QueenRelicPool
[INFO] [TheQueen] [Content] Registered card: Peep -> QueenCardPool
[INFO] [TheQueen] [Content] Registered card: PheromoneSpit -> EnemyCardPool
[INFO] [TheQueen] [Content] Registered card: PiercingCharge -> TokenCardPool
[INFO] [TheQueen] [Content] Registered card: Plating -> EnemyCardPool
[INFO] [TheQueen] [Content] Registered card: PlayWith -> QueenCardPool
[INFO] [TheQueen] [Content] Registered card: PowerDance -> TokenCardPool
[INFO] [TheQueen] [Content] Registered card: PredatoryAssimilation -> QueenCardPool
[INFO] [TheQueen] [Content] Registered card: PrismaticArt -> QueenCardPool
[INFO] [TheQueen] [Content] Registered card: ProtrudingSpikes -> EnemyCardPool
[INFO] [TheQueen] [Content] Registered card: Psychokinesis -> QueenCardPool
[INFO] [TheQueen] [Content] Registered card: PulseStrike -> QueenCardPool
[INFO] [TheQueen] [Content] Registered card: PunchOff -> EnemyCardPool
[INFO] [TheQueen] [Content] Registered card: PurificationRite -> QueenCardPool
[INFO] [TheQueen] [Content] Registered character: QueenCharacter
[INFO] [TheQueen] [Content] Registered relic: QueensGraceRelic -> QueenRelicPool
[INFO] [TheQueen] [Content] Registered card: QuickAdaptation -> QueenCardPool
[INFO] [TheQueen] [Content] Registered card: Raid -> QueenCardPool
[INFO] [TheQueen] [Content] Registered card: Rampart -> EnemyCardPool
[INFO] [TheQueen] [Content] Registered card: Reattach -> EnemyCardPool
[INFO] [TheQueen] [Content] Registered card: Rejuvenate -> TokenCardPool
[INFO] [TheQueen] [Content] Registered card: Release -> QueenCardPool
[INFO] [TheQueen] [Content] Registered card: ReloadFire -> EnemyCardPool
[INFO] [TheQueen] [Content] Registered card: Reminisce -> QueenCardPool
[INFO] [TheQueen] [Content] Registered card: RenounceIntent -> TokenCardPool
[INFO] [TheQueen] [Content] Registered card: ReturnToSilence -> QueenCardPool
[INFO] [TheQueen] [Content] Registered relic: RevelationCupRelic -> QueenRelicPool
[INFO] [TheQueen] [Content] Registered card: Rift -> QueenCardPool
[INFO] [TheQueen] [Content] Registered card: Roar -> EnemyCardPool
[INFO] [TheQueen] [Content] Registered card: RoarClaw -> EnemyCardPool
[INFO] [TheQueen] [Content] Registered card: RollOut -> EnemyCardPool
[INFO] [TheQueen] [Content] Registered card: RuinousArt -> QueenCardPool
[INFO] [TheQueen] [Content] Registered card: Salvage -> QueenCardPool
[INFO] [TheQueen] [Content] Registered card: Schizophrenia -> QueenCardPool
[INFO] [TheQueen] [Content] Registered card: Scratch -> QueenCardPool
[INFO] [TheQueen] [Content] Registered card: Screech -> EnemyCardPool
[INFO] [TheQueen] [Content] Registered card: SecondChant -> TokenCardPool
[INFO] [TheQueen] [Content] Registered card: SelfDestruct -> QueenCardPool
[INFO] [TheQueen] [Content] Registered card: Shriek -> EnemyCardPool
[INFO] [TheQueen] [Content] Registered card: Shrinker -> EnemyCardPool
[INFO] [TheQueen] [Content] Registered relic: SilverBraceletRelic -> QueenRelicPool
[INFO] [TheQueen] [Content] Registered card: Siphon -> QueenCardPool
[INFO] [TheQueen] [Content] Registered card: Skittish -> EnemyCardPool
[INFO] [TheQueen] [Content] Registered card: Slam -> TokenCardPool
[INFO] [TheQueen] [Content] Registered card: Slippery -> EnemyCardPool
[INFO] [TheQueen] [Content] Registered card: Soar -> EnemyCardPool
[INFO] [TheQueen] [Content] Registered card: SoulBeam -> QueenCardPool
[INFO] [TheQueen] [Content] Registered card: SoulCalmCasket -> QueenCardPool
[INFO] [TheQueen] [Content] Registered card: SoulDefend -> TokenCardPool
[INFO] [TheQueen] [Content] Registered card: SoulLockCasket -> QueenCardPool
[INFO] [TheQueen] [Content] Registered card: SoulMold -> QueenCardPool
[INFO] [TheQueen] [Content] Registered card: SoulResonance -> QueenCardPool
[INFO] [TheQueen] [Content] Registered card: SoulSiphon -> EnemyCardPool
[INFO] [TheQueen] [Content] Registered card: SoulStrike -> TokenCardPool
[INFO] [TheQueen] [Content] Registered card: Spiken -> EnemyCardPool
[INFO] [TheQueen] [Content] Registered card: SpinningKick -> EnemyCardPool
[INFO] [TheQueen] [Content] Registered card: SqueezeBlood -> QueenCardPool
[INFO] [TheQueen] [Content] Registered card: Stab -> TokenCardPool
[INFO] [TheQueen] [Content] Registered card: SteamEruption -> EnemyCardPool
[INFO] [TheQueen] [Content] Registered card: StickyShot -> EnemyCardPool
[INFO] [TheQueen] [Content] Registered card: Stock -> EnemyCardPool
[INFO] [TheQueen] [Content] Registered card: StrikeQueen -> QueenCardPool
[INFO] [TheQueen] [Content] Registered card: StrongAdaptability -> QueenCardPool
[INFO] [TheQueen] [Content] Registered card: SubmitToMe -> QueenCardPool
[INFO] [TheQueen] [Content] Registered card: Suck -> EnemyCardPool
[INFO] [TheQueen] [Content] Registered card: SummonSoul -> QueenCardPool
[INFO] [TheQueen] [Content] Registered card: Swing -> EnemyCardPool
[INFO] [TheQueen] [Content] Registered card: Swipe -> EnemyCardPool
[INFO] [TheQueen] [Content] Registered card: SwitchSide -> TokenCardPool
[INFO] [TheQueen] [Content] Registered card: Tackle -> TokenCardPool
[INFO] [TheQueen] [Content] Registered card: TacticalDirective -> QueenCardPool
[INFO] [TheQueen] [Content] Registered affliction: Tainted
[INFO] [TheQueen] [Content] Registered card: TakeOver -> TokenCardPool
[INFO] [TheQueen] [Content] Registered card: Taste -> QueenCardPool
[INFO] [TheQueen] [Content] Registered card: TearSpace -> QueenCardPool
[INFO] [TheQueen] [Content] Registered card: Tender -> EnemyCardPool
[INFO] [TheQueen] [Content] Registered card: TerminusForm -> QueenCardPool
[INFO] [TheQueen] [Content] Registered card: Territorial -> EnemyCardPool
[INFO] [TheQueen] [Content] Registered card: TestSubject -> EnemyCardPool
[INFO] [TheQueen] [Content] Registered card: TheKins -> EnemyCardPool
[INFO] [TheQueen] [Content] Registered card: TimeTrick -> QueenCardPool
[INFO] [TheQueen] [Content] Registered card: ToughEgg -> TokenCardPool
[INFO] [TheQueen] [Content] Registered card: ToxicCard -> EnemyCardPool
[INFO] [TheQueen] [Content] Registered card: ToxicSpit -> EnemyCardPool
[INFO] [TheQueen] [Content] Registered card: TreasurePavilion -> QueenCardPool
[INFO] [TheQueen] [Content] Registered card: UnfinishedCalamity -> QueenCardPool
[INFO] [TheQueen] [Content] Registered card: Unload -> EnemyCardPool
[INFO] [TheQueen] [Content] Registered card: Vanguard -> QueenCardPool
[INFO] [TheQueen] [Content] Registered card: VitalSpark -> EnemyCardPool
[INFO] [TheQueen] [Content] Registered card: VomitIcho -> EnemyCardPool
[INFO] [TheQueen] [Content] Registered card: Willful -> QueenCardPool
[INFO] [TheQueen] [Content] Registered card: WishFameAndFortune -> TokenCardPool
[INFO] [TheQueen] [Content] Registered card: WishLongevity -> TokenCardPool
[INFO] [TheQueen] [Content] Registered card: WishMountainStrength -> TokenCardPool
[INFO] [TheQueen] [Content] Registered card: WishVer2 -> QueenCardPool
[INFO] [TheQueen] [Content] Registered card: WitheringPresence -> EnemyCardPool
[INFO] [TheQueen] [Content] Registered card: Wriggle -> EnemyCardPool
[INFO] [TheQueen] [Content] Registered card: YouAreMine -> QueenCardPool
[INFO] [TheQueen] [Content] Registered card: YourJoueneyEndsHere -> EnemyCardPool
[INFO] [TheQueen] [Content] Registered card: Zap -> TokenCardPool
[INFO] [TheQueen] [Content] Registered starter card: DefendQueen x4 -> QueenCharacter
[INFO] [TheQueen] [Content] Registered starter relic: FirstGiftRelic x1 -> QueenCharacter
[INFO] [TheQueen] [Content] Registered starter card: SoulLockCasket x1 -> QueenCharacter
[INFO] [TheQueen] [Content] Registered starter card: StrikeQueen x4 -> QueenCharacter
[INFO] [TheQueen] [Content] Registered starter card: SummonSoul x1 -> QueenCharacter
[INFO] [com.ritsukage.sts2-RitsuLib] [AutoRegister] Processed assembly 'TheQueen': 240 operation(s), 240 succeeded, 0 failed.
[INFO] [sts2.comicchess.thequeen] [Keywords] Registered keyword: STS2_COMICCHESS_THEQUEEN_KEYWORD_FADE (CardKeyword=0x6C54AFEA)
[INFO] [sts2.comicchess.thequeen] [Keywords] Registered keyword: STS2_COMICCHESS_THEQUEEN_KEYWORD_AMALGAM_COMPOSITE (CardKeyword=0x663AE641)
[INFO] [sts2.comicchess.thequeen] [Keywords] Registered keyword: STS2_COMICCHESS_THEQUEEN_KEYWORD_AMALGAM_COMPOSITE1 (CardKeyword=0x6EA9C0A2)
[INFO] [sts2.comicchess.thequeen] [Keywords] Registered keyword: STS2_COMICCHESS_THEQUEEN_KEYWORD_AMALGAM_COMPOSITE2 (CardKeyword=0x6A21D2EB)
[INFO] [sts2.comicchess.thequeen] [Keywords] Registered keyword: STS2_COMICCHESS_THEQUEEN_KEYWORD_AMALGAM_COMPOSITE3 (CardKeyword=0x66452ED8)
[INFO] [sts2.comicchess.thequeen] [ContentPack] Applied 4 deferred registration step(s).
[INFO] [com.ritsukage.sts2-RitsuLib] [ContentPack] Flushed 1 deferred content pack(s).
[INFO] [BaseLib] Performing post-mod init patch
[INFO] [BaseLib] Patching act types for custom encounters and events | DeprecatedAct | Glory | Hive | Overgrowth | Underdocks
[INFO] [BaseLib] Generating interop methods and properties
[WARN] [BaseLib] Recommended to add a prefix such as "ComicChess_" to SavedProperty Cuts for compatibility.
[WARN] [BaseLib] Recommended to add a prefix such as "ComicChess_" to SavedProperty CombatsSeen for compatibility.
[WARN] [BaseLib] Recommended to add a prefix such as "HextechRunes_" to SavedProperty SavedStackCount for compatibility.
[WARN] [BaseLib] Recommended to add a prefix such as "HextechRunes_" to SavedProperty SavedStackCount for compatibility.
[WARN] [BaseLib] Recommended to add a prefix such as "HextechRunes_" to SavedProperty SavedStackCount for compatibility.
[WARN] [BaseLib] Recommended to add a prefix such as "HextechRunes_" to SavedProperty SavedStackCount for compatibility.
[WARN] [BaseLib] Recommended to add a prefix such as "HextechRunes_" to SavedProperty SavedStackCount for compatibility.
[WARN] [BaseLib] Recommended to add a prefix such as "HextechRunes_" to SavedProperty SavedStackCount for compatibility.
[WARN] [BaseLib] Recommended to add a prefix such as "HextechRunes_" to SavedProperty SavedStackCount for compatibility.
[WARN] [BaseLib] Recommended to add a prefix such as "HextechRunes_" to SavedProperty SavedStackCount for compatibility.
[WARN] [BaseLib] Recommended to add a prefix such as "HextechRunes_" to SavedProperty SavedStackCount for compatibility.
[WARN] [BaseLib] Recommended to add a prefix such as "HextechRunes_" to SavedProperty SavedStackCount for compatibility.
[WARN] [BaseLib] Recommended to add a prefix such as "HextechRunes_" to SavedProperty SavedStackCount for compatibility.
[WARN] [BaseLib] Recommended to add a prefix such as "HextechRunes_" to SavedProperty SavedStackCount for compatibility.
[WARN] [BaseLib] Recommended to add a prefix such as "HextechRunes_" to SavedProperty SavedStackCount for compatibility.
[WARN] [BaseLib] Recommended to add a prefix such as "HextechRunes_" to SavedProperty SavedStackCount for compatibility.
[WARN] [BaseLib] Recommended to add a prefix such as "HextechRunes_" to SavedProperty SavedStackCount for compatibility.
[WARN] [BaseLib] Recommended to add a prefix such as "HextechRunes_" to SavedProperty SavedStackCount for compatibility.
[WARN] [BaseLib] Recommended to add a prefix such as "HextechRunes_" to SavedProperty SavedStackCount for compatibility.
[WARN] [BaseLib] Recommended to add a prefix such as "HextechRunes_" to SavedProperty SavedStackCount for compatibility.
[WARN] [BaseLib] Recommended to add a prefix such as "HextechRunes_" to SavedProperty SavedStackCount for compatibility.
[WARN] [BaseLib] Recommended to add a prefix such as "HextechRunes_" to SavedProperty SavedStackCount for compatibility.
[WARN] [BaseLib] Recommended to add a prefix such as "HextechRunes_" to SavedProperty SavedStackCount for compatibility.
[WARN] [BaseLib] Recommended to add a prefix such as "HextechRunes_" to SavedProperty SavedStackCount for compatibility.
[WARN] [BaseLib] Recommended to add a prefix such as "HextechRunes_" to SavedProperty SavedStackCount for compatibility.
[WARN] [BaseLib] Recommended to add a prefix such as "HextechRunes_" to SavedProperty SavedStackCount for compatibility.
[WARN] [BaseLib] Recommended to add a prefix such as "HextechRunes_" to SavedProperty SavedStackCount for compatibility.
[WARN] [BaseLib] Recommended to add a prefix such as "HextechRunes_" to SavedProperty SavedStackCount for compatibility.
[WARN] [BaseLib] Recommended to add a prefix such as "HextechRunes_" to SavedProperty SavedStackCount for compatibility.
[WARN] [BaseLib] Recommended to add a prefix such as "HextechRunes_" to SavedProperty SavedStackCount for compatibility.
[WARN] [BaseLib] Recommended to add a prefix such as "HextechRunes_" to SavedProperty SavedStackCount for compatibility.
[WARN] [BaseLib] Recommended to add a prefix such as "HextechRunes_" to SavedProperty SavedStackCount for compatibility.
[WARN] [BaseLib] Recommended to add a prefix such as "HextechRunes_" to SavedProperty SavedStackCount for compatibility.
[WARN] [BaseLib] Recommended to add a prefix such as "HextechRunes_" to SavedProperty SavedStackCount for compatibility.
[WARN] [BaseLib] Recommended to add a prefix such as "HextechRunes_" to SavedProperty SavedStackCount for compatibility.
[WARN] [BaseLib] Recommended to add a prefix such as "HextechRunes_" to SavedProperty SavedStacks for compatibility.
[WARN] [BaseLib] Recommended to add a prefix such as "HextechRunes_" to SavedProperty SavedBaseMaxHp for compatibility.
[WARN] [BaseLib] Recommended to add a prefix such as "HextechRunes_" to SavedProperty SavedStacks for compatibility.
[WARN] [BaseLib] Recommended to add a prefix such as "HextechRunes_" to SavedProperty SavedStacks for compatibility.
[WARN] [BaseLib] Recommended to add a prefix such as "HextechRunes_" to SavedProperty SavedStacks for compatibility.
[WARN] [BaseLib] Recommended to add a prefix such as "HextechRunes_" to SavedProperty SavedCycleIndex for compatibility.
[WARN] [BaseLib] Recommended to add a prefix such as "HextechRunes_" to SavedProperty SavedCounter for compatibility.
[WARN] [BaseLib] Recommended to add a prefix such as "HextechRunes_" to SavedProperty SavedStacks for compatibility.
[WARN] [BaseLib] Recommended to add a prefix such as "HextechRunes_" to SavedProperty SavedStacks for compatibility.
[WARN] [BaseLib] Recommended to add a prefix such as "HextechRunes_" to SavedProperty SavedStacks for compatibility.
[WARN] [BaseLib] Recommended to add a prefix such as "STS2_WineFox_" to SavedProperty WasUsed for compatibility.
[WARN] [BaseLib] Recommended to add a prefix such as "MoreBosses_" to SavedProperty HasUsedPrepare for compatibility.
[WARN] [BaseLib] Recommended to add a prefix such as "MoreBosses_" to SavedProperty MoveCycleIndex for compatibility.
[WARN] [BaseLib] Recommended to add a prefix such as "MoreBosses_" to SavedProperty MoveCycleIndex for compatibility.
[WARN] [BaseLib] Recommended to add a prefix such as "MoreBosses_" to SavedProperty MoveCycleIndex for compatibility.
[WARN] [BaseLib] Recommended to add a prefix such as "MoreBosses_" to SavedProperty StolenStrength for compatibility.
[WARN] [BaseLib] Recommended to add a prefix such as "MoreBosses_" to SavedProperty StolenDexterity for compatibility.
[INFO] [BaseLib] Found 0 SavedSpireFields.
[INFO] Loading locale path=res://localization/eng
[INFO] Found loc table from mod: eng afflictions.json. Merging with base loc table
[INFO] Found loc table from mod: eng ancients.json. Merging with base loc table
[INFO] Found loc table from mod: eng ancients.json. Merging with base loc table
[INFO] Found loc table from mod: eng ancients.json. Merging with base loc table
[INFO] Found loc table from mod: eng ascension.json. Merging with base loc table
[INFO] Found loc table from mod: eng card_keywords.json. Merging with base loc table
[INFO] Found loc table from mod: eng card_keywords.json. Merging with base loc table
[INFO] Found loc table from mod: eng card_keywords.json. Merging with base loc table
[INFO] Found loc table from mod: eng card_library.json. Merging with base loc table
[INFO] Found loc table from mod: eng cards.json. Merging with base loc table
[INFO] Found loc table from mod: eng cards.json. Merging with base loc table
[INFO] Found loc table from mod: eng cards.json. Merging with base loc table
[INFO] Found loc table from mod: eng cards.json. Merging with base loc table
[INFO] Found loc table from mod: eng cards.json. Merging with base loc table
[INFO] Found loc table from mod: eng cards.json. Merging with base loc table
[INFO] Found loc table from mod: eng characters.json. Merging with base loc table
[INFO] Found loc table from mod: eng characters.json. Merging with base loc table
[INFO] Found loc table from mod: eng enchantments.json. Merging with base loc table
[INFO] Found loc table from mod: eng enchantments.json. Merging with base loc table
[INFO] Found loc table from mod: eng enchantments.json. Merging with base loc table
[INFO] Found loc table from mod: eng enchantments.json. Merging with base loc table
[INFO] Found loc table from mod: eng encounters.json. Merging with base loc table
[INFO] Found loc table from mod: eng epochs.json. Merging with base loc table
[INFO] Found loc table from mod: eng events.json. Merging with base loc table
[INFO] Found loc table from mod: eng events.json. Merging with base loc table
[INFO] Found loc table from mod: eng gameplay_ui.json. Merging with base loc table
[INFO] Found loc table from mod: eng intents.json. Merging with base loc table
[INFO] Found loc table from mod: eng main_menu_ui.json. Merging with base loc table
[INFO] Found loc table from mod: eng main_menu_ui.json. Merging with base loc table
[INFO] Found loc table from mod: eng main_menu_ui.json. Merging with base loc table
[INFO] Found loc table from mod: eng modifiers.json. Merging with base loc table
[INFO] Found loc table from mod: eng modifiers.json. Merging with base loc table
[INFO] Found loc table from mod: eng monsters.json. Merging with base loc table
[INFO] Found loc table from mod: eng monsters.json. Merging with base loc table
[INFO] Found loc table from mod: eng potions.json. Merging with base loc table
[INFO] Found loc table from mod: eng potions.json. Merging with base loc table
[INFO] Found loc table from mod: eng powers.json. Merging with base loc table
[INFO] Found loc table from mod: eng powers.json. Merging with base loc table
[INFO] Found loc table from mod: eng powers.json. Merging with base loc table
[INFO] Found loc table from mod: eng powers.json. Merging with base loc table
[INFO] Found loc table from mod: eng powers.json. Merging with base loc table
[INFO] Found loc table from mod: eng powers.json. Merging with base loc table
[INFO] Found loc table from mod: eng relic_collection.json. Merging with base loc table
[INFO] Found loc table from mod: eng relics.json. Merging with base loc table
[INFO] Found loc table from mod: eng relics.json. Merging with base loc table
[INFO] Found loc table from mod: eng relics.json. Merging with base loc table
[INFO] Found loc table from mod: eng relics.json. Merging with base loc table
[INFO] Found loc table from mod: eng settings_ui.json. Merging with base loc table
[INFO] Found loc table from mod: eng static_hover_tips.json. Merging with base loc table
[INFO] Found loc table from mod: eng static_hover_tips.json. Merging with base loc table
[INFO] Found loc table from mod: eng static_hover_tips.json. Merging with base loc table
[INFO] Found loc table from mod: eng static_hover_tips.json. Merging with base loc table
[INFO] Loading locale path=res://localization/zhs
[INFO] Found loc table from mod: zhs afflictions.json. Merging with base loc table
[INFO] Found loc table from mod: zhs ancients.json. Merging with base loc table
[INFO] Found loc table from mod: zhs ancients.json. Merging with base loc table
[INFO] Found loc table from mod: zhs ancients.json. Merging with base loc table
[INFO] Found loc table from mod: zhs ascension.json. Merging with base loc table
[INFO] Found loc table from mod: zhs card_keywords.json. Merging with base loc table
[INFO] Found loc table from mod: zhs card_keywords.json. Merging with base loc table
[INFO] Found loc table from mod: zhs card_library.json. Merging with base loc table
[INFO] Found loc table from mod: zhs cards.json. Merging with base loc table
[INFO] Found loc table from mod: zhs cards.json. Merging with base loc table
[INFO] Found loc table from mod: zhs cards.json. Merging with base loc table
[INFO] Found loc table from mod: zhs cards.json. Merging with base loc table
[INFO] Found loc table from mod: zhs cards.json. Merging with base loc table
[INFO] Found loc table from mod: zhs cards.json. Merging with base loc table
[INFO] Found loc table from mod: zhs characters.json. Merging with base loc table
[INFO] Found loc table from mod: zhs characters.json. Merging with base loc table
[INFO] Found loc table from mod: zhs enchantments.json. Merging with base loc table
[INFO] Found loc table from mod: zhs enchantments.json. Merging with base loc table
[INFO] Found loc table from mod: zhs enchantments.json. Merging with base loc table
[INFO] Found loc table from mod: zhs enchantments.json. Merging with base loc table
[INFO] Found loc table from mod: zhs encounters.json. Merging with base loc table
[INFO] Found loc table from mod: zhs epochs.json. Merging with base loc table
[INFO] Found loc table from mod: zhs events.json. Merging with base loc table
[INFO] Found loc table from mod: zhs events.json. Merging with base loc table
[INFO] Found loc table from mod: zhs gameplay_ui.json. Merging with base loc table
[INFO] Found loc table from mod: zhs intents.json. Merging with base loc table
[INFO] Found loc table from mod: zhs main_menu_ui.json. Merging with base loc table
[INFO] Found loc table from mod: zhs main_menu_ui.json. Merging with base loc table
[INFO] Found loc table from mod: zhs main_menu_ui.json. Merging with base loc table
[INFO] Found loc table from mod: zhs modifiers.json. Merging with base loc table
[INFO] Found loc table from mod: zhs modifiers.json. Merging with base loc table
[INFO] Found loc table from mod: zhs monsters.json. Merging with base loc table
[INFO] Found loc table from mod: zhs monsters.json. Merging with base loc table
[INFO] Found loc table from mod: zhs potions.json. Merging with base loc table
[INFO] Found loc table from mod: zhs potions.json. Merging with base loc table
[INFO] Found loc table from mod: zhs powers.json. Merging with base loc table
[INFO] Found loc table from mod: zhs powers.json. Merging with base loc table
[INFO] Found loc table from mod: zhs powers.json. Merging with base loc table
[INFO] Found loc table from mod: zhs powers.json. Merging with base loc table
[INFO] Found loc table from mod: zhs powers.json. Merging with base loc table
[INFO] Found loc table from mod: zhs powers.json. Merging with base loc table
[INFO] Found loc table from mod: zhs relic_collection.json. Merging with base loc table
[INFO] Found loc table from mod: zhs relics.json. Merging with base loc table
[INFO] Found loc table from mod: zhs relics.json. Merging with base loc table
[INFO] Found loc table from mod: zhs relics.json. Merging with base loc table
[INFO] Found loc table from mod: zhs relics.json. Merging with base loc table
[INFO] Found loc table from mod: zhs settings_ui.json. Merging with base loc table
[INFO] Found loc table from mod: zhs static_hover_tips.json. Merging with base loc table
[INFO] Found loc table from mod: zhs static_hover_tips.json. Merging with base loc table
[INFO] Found loc table from mod: zhs static_hover_tips.json. Merging with base loc table
[INFO] Found loc table from mod: zhs static_hover_tips.json. Merging with base loc table
[INFO] [STS2-WineFox] [Patcher - deferred runtime effects] Applying 1 patches...
[INFO] [STS2-WineFox] [Patcher - deferred runtime effects] Patch application complete: 1 applied, 0 ignored, 0 failed, 1 total
[INFO] [STS2-WineFox] [Patcher - deferred runtime effects] All patches applied successfully
[INFO] [sts2.comicchess.thequeen] [Content] Content registration is now frozen (Init).
[INFO] [STS2-WineFox] [Content] Content registration is now frozen (Init).
[INFO] [STS2_WineFox] [Content] Content registration is now frozen (Init).
[INFO] [TheQueen] [Content] Content registration is now frozen (Init).
[INFO] [sts2.comicchess.thequeen] [Keywords] Keyword registration is now frozen (Init).
[INFO] [STS2_WineFox] [Keywords] Keyword registration is now frozen (Init).
[INFO] [TheQueen] [Keywords] Keyword registration is now frozen (Init).
[INFO] [sts2.comicchess.thequeen] [CardTags] Card tag registration is now frozen (Init).
[INFO] [STS2_WineFox] [CardTags] Card tag registration is now frozen (Init).
[INFO] [TheQueen] [CardTags] Card tag registration is now frozen (Init).
[INFO] [sts2.comicchess.thequeen] [CardPiles] Pile registration is now frozen (Init).
[INFO] [com.ritsukage.sts2-RitsuLib] [Patcher - content registry] Applying 25 dynamic patch(es)...
[INFO] [com.ritsukage.sts2-RitsuLib] [Patcher - content registry] Dynamic patch application complete: 25/25 succeeded
[INFO] [com.ritsukage.sts2-RitsuLib] [Content] Dynamic act content patching initialized for 5 act type(s).
[INFO] [com.ritsukage.sts2-RitsuLib] [Patcher - content registry] Applying 17 dynamic patch(es)...
[INFO] [com.ritsukage.sts2-RitsuLib] [Patcher - content registry] Dynamic patch application complete: 17/17 succeeded
[INFO] [com.ritsukage.sts2-RitsuLib] [Content] Dynamic character starter patching initialized for 10 character type(s).
[INFO] [BaseLib] Generated KeyGenerator for enum MegaCrit.Sts2.Core.Entities.Cards.CardKeyword with starting value 8 | IsFlag: False | Half-Size: 16
[INFO] ModelIdSerializationCache initialized. Categories: 19 Entries: 2588 Epochs: 66 Hash: 3338902427
[Sentry.GDExtension] Initialized: env=playtesters, release=v0.103.3
[INFO] Applying display settings...
  FULLSCREEN: True
  ASPECT_RATIO: (SixteenByNine)
  TARGET_DISPLAY: (0)
  WINDOW_SIZE: (1920, 1080)
  POSITION: (-1, -1)
[INFO] [Display] Min size: (64, 64) Max size: (16384, 16384)
[INFO] Window changed! New size: (1920, 1055)
[INFO] [Display] Setting FULLSCREEN on Display: 1 of 1
[INFO] Window changed! New size: (1936, 1102)
[INFO] Window changed! New size: (1920, 1080)
[INFO] VSync: Adaptive
[Merchant2CuteII] Preloaded audio resource: res://debug_audio/jp/disapointment.mp3
[Merchant2CuteII] Preloaded audio resource: res://debug_audio/zh/welcome1.wav
ERROR: Cannot open file 'res://animations/backgrounds/fake_merchant_room/top/fake_merchant_top.tres.tres'.
   at: load (scene/resources/resource_format_text.cpp:1401)
   C# backtrace (most recent call first):
       [0] Godot.GodotObject Godot.NativeCalls.godot_icall_3_1180(nint, nint, string, string, int)
       [1] Godot.Resource Godot.ResourceLoader.Load(string, string, Godot.ResourceLoader+CacheMode)
       [2] T Godot.ResourceLoader.Load<T>(string, string, Godot.ResourceLoader+CacheMode)
       [3] void Merchant2CuteII.script.ResourcePreloader+<PreloadSpinePathsAsync>d__4.MoveNext()
       [4] void System.Threading.ExecutionContext.RunInternal(System.Threading.ExecutionContext, System.Threading.ContextCallback, object)
       [5] void System.Runtime.CompilerServices.AsyncTaskMethodBuilder`1+AsyncStateMachineBox`1.MoveNext(System.Threading.Thread)
       [6] void Godot.SignalAwaiter.SignalCallback(nint, Godot.NativeInterop.godot_variant**, int, Godot.NativeInterop.godot_bool*)
[INFO] Wrote 223413 bytes to path=user://steam/76561199401820476/modded/profile1\saves\history/1776772820.run save_dir=user://steam/76561199401820476
[INFO] Wrote 27494 bytes to path=user://steam/76561199401820476/modded/profile1\saves\history/1776756291.run save_dir=user://steam/76561199401820476
[INFO] Wrote 58714 bytes to path=user://steam/76561199401820476/modded/profile1\saves\history/1776753439.run save_dir=user://steam/76561199401820476
[INFO] Wrote 14779 bytes to path=user://steam/76561199401820476/modded/profile1\saves\history/1776813579.run save_dir=user://steam/76561199401820476
[INFO] Wrote 15424 bytes to path=user://steam/76561199401820476/modded/profile1\saves\history/1776749638.run save_dir=user://steam/76561199401820476
[INFO] Wrote 101282 bytes to path=user://steam/76561199401820476/modded/profile1\saves\history/1776755267.run save_dir=user://steam/76561199401820476
[INFO] Wrote 38971 bytes to path=user://steam/76561199401820476/modded/profile1\saves\history/1776688124.run save_dir=user://steam/76561199401820476
[INFO] Wrote 14721 bytes to path=user://steam/76561199401820476/modded/profile1\saves\history/1776750842.run save_dir=user://steam/76561199401820476
[INFO] Copying modded/profile1\saves\history/1776814146.run from cloud to local. Local file exists: True Cloud save time: 04/21/2026 23:40:39 +00:00 Local save time: 04/21/2026 23:40:38 +00:00
[INFO] Copying modded/profile1\saves\history/1776814849.run from cloud to local. Local file exists: True Cloud save time: 04/22/2026 08:15:30 +00:00 Local save time: 04/22/2026 08:15:29 +00:00
[INFO] Copying modded/profile1\saves\history/1776845802.run from cloud to local. Local file exists: True Cloud save time: 04/22/2026 08:23:37 +00:00 Local save time: 04/22/2026 08:23:36 +00:00
[INFO] Copying modded/profile1\saves\history/1776846245.run from cloud to local. Local file exists: True Cloud save time: 04/22/2026 08:30:20 +00:00 Local save time: 04/22/2026 08:30:19 +00:00
[INFO] Copying modded/profile1\saves\history/1776849432.run from cloud to local. Local file exists: True Cloud save time: 04/22/2026 09:24:32 +00:00 Local save time: 04/22/2026 09:24:31 +00:00
[INFO] Copying modded/profile1\saves\history/1776849887.run from cloud to local. Local file exists: True Cloud save time: 04/22/2026 09:28:23 +00:00 Local save time: 04/22/2026 09:28:22 +00:00
[INFO] Copying modded/profile1\saves\history/1776850111.run from cloud to local. Local file exists: True Cloud save time: 04/22/2026 09:35:17 +00:00 Local save time: 04/22/2026 09:35:16 +00:00
[INFO] Copying modded/profile1\saves\history/1776850524.run from cloud to local. Local file exists: True Cloud save time: 04/22/2026 09:48:00 +00:00 Local save time: 04/22/2026 09:47:59 +00:00
ERROR: Failed loading resource: res://animations/backgrounds/fake_merchant_room/top/fake_merchant_top.tres.tres.
   at: _load (core/io/resource_loader.cpp:343)
   C# backtrace (most recent call first):
       [0] Godot.GodotObject Godot.NativeCalls.godot_icall_3_1180(nint, nint, string, string, int)
       [1] Godot.Resource Godot.ResourceLoader.Load(string, string, Godot.ResourceLoader+CacheMode)
       [2] T Godot.ResourceLoader.Load<T>(string, string, Godot.ResourceLoader+CacheMode)
       [3] void Merchant2CuteII.script.ResourcePreloader+<PreloadSpinePathsAsync>d__4.MoveNext()
       [4] void System.Threading.ExecutionContext.RunInternal(System.Threading.ExecutionContext, System.Threading.ContextCallback, object)
       [5] void System.Runtime.CompilerServices.AsyncTaskMethodBuilder`1+AsyncStateMachineBox`1.MoveNext(System.Threading.Thread)
       [6] void Godot.SignalAwaiter.SignalCallback(nint, Godot.NativeInterop.godot_variant**, int, Godot.NativeInterop.godot_bool*)
ERROR: Error loading resource: 'res://animations/backgrounds/fake_merchant_room/top/fake_merchant_top.tres.tres'.
   at: load (core/core_bind.cpp:74)
   C# backtrace (most recent call first):
       [0] Godot.GodotObject Godot.NativeCalls.godot_icall_3_1180(nint, nint, string, string, int)
       [1] Godot.Resource Godot.ResourceLoader.Load(string, string, Godot.ResourceLoader+CacheMode)
       [2] T Godot.ResourceLoader.Load<T>(string, string, Godot.ResourceLoader+CacheMode)
       [3] void Merchant2CuteII.script.ResourcePreloader+<PreloadSpinePathsAsync>d__4.MoveNext()
       [4] void System.Threading.ExecutionContext.RunInternal(System.Threading.ExecutionContext, System.Threading.ContextCallback, object)
       [5] void System.Runtime.CompilerServices.AsyncTaskMethodBuilder`1+AsyncStateMachineBox`1.MoveNext(System.Threading.Thread)
       [6] void Godot.SignalAwaiter.SignalCallback(nint, Godot.NativeInterop.godot_variant**, int, Godot.NativeInterop.godot_bool*)
[Merchant2CuteII] Preload spine: resource not found res://animations/backgrounds/fake_merchant_room/top/fake_merchant_top.tres.tres
[INFO] === Godot OS Debug Information ===
Timestamp: 06/09/2026 07:48:30
OS: Windows
OS Version: 10.0.26200
Distribution Name: Windows
Device Model: HP Pavilion Laptop 13-bb1xxx
Is Debug Build: False
Is Sandboxed: False
Executable Path: E:/SteamLibrary/steamapps/common/Slay the Spire 2/SlayTheSpire2.exe
Data Directory: C:/Users/HP/AppData/Roaming
User Data Directory: C:/Users/HP/AppData/Roaming/SlayTheSpire2
Command Line Args: 
User Command Line Args: 
OS Locale: zh_CN
OS Language: zh
Game Locale: zh_CN
Is UserFS Persistent: True
Is Stdout Verbose: False
Is Low Processor Usage Mode: False
Architecture: x86_64
Engine Version: 4.5.1-m.9 (custom_build)
Is Editor: False
Release Version: v0.103.3
Release Commit: 460a0ece
Release Date: 05/29/2026 20:36:05
Processor Count: 8
Processor Name: 11th Gen Intel(R) Core(TM) i5-1155G7 @ 2.50GHz
Main assembly hash: -1584622192
Rendering device name: Intel(R) Iris(R) Xe Graphics
  Graphics adapter 0: Intel(R) Iris(R) Xe Graphics
  version: 30.0.101.0
  Graphics adapter 1: Microsoft Basic Render Driver
  version: 10.0.26100.0
Screen info (primary 0):
  Index 0: Size: (1920, 1080) Orientation: Landscape Scale: 1 DPI: 120 Refresh Rate: 60.04947
Video Memory Used: 0.0B
Memory Info:
  physical: 15.8GB
  free: 6.8GB
  available: 20.8GB
  stack: 8.0MB
  Static Memory Usage: 0.0B
  Static Memory Peak Usage: 0.0B
Important Environment Variables:
  PATH: C:\WINDOWS\system32;C:\WINDOWS;C:\WINDOWS\System32\Wbem;C:\WINDOWS\System32\WindowsPowerShell\v1.0\;C:\WINDOWS\System32\OpenSSH\;C:\Users\HP\AppData\Local\Microsoft\WindowsApps;
  GODOT_ROOT_DIR: 
  HOME: 
  DYLD_LIBRARY_PATH: 
  LD_LIBRARY_PATH: 

[INFO] SteamStatsManager: Global stats received (found=True), architect damage = 253540532739
[INFO] SteamStatsManager: User stats received
[Merchant2CuteII] Preloaded audio resource: res://debug_audio/zh/welcome2.wav
[Merchant2CuteII] Preloaded audio resource: res://debug_audio/zh/thanks.wav
[INFO] Wrote 103907 bytes to path=user://steam/76561199401820476/modded/profile1\saves\history/1776850524.run save_dir=user://steam/76561199401820476
[INFO] Wrote 223925 bytes to path=user://steam/76561199401820476/modded/profile1\saves\history/1776814849.run save_dir=user://steam/76561199401820476
[INFO] Wrote 31813 bytes to path=user://steam/76561199401820476/modded/profile1\saves\history/1776846245.run save_dir=user://steam/76561199401820476
[INFO] Wrote 17943 bytes to path=user://steam/76561199401820476/modded/profile1\saves\history/1776845802.run save_dir=user://steam/76561199401820476
[INFO] Wrote 49381 bytes to path=user://steam/76561199401820476/modded/profile1\saves\history/1776814146.run save_dir=user://steam/76561199401820476
[INFO] Wrote 38988 bytes to path=user://steam/76561199401820476/modded/profile1\saves\history/1776850111.run save_dir=user://steam/76561199401820476
[INFO] Wrote 28724 bytes to path=user://steam/76561199401820476/modded/profile1\saves\history/1776849432.run save_dir=user://steam/76561199401820476
[INFO] Wrote 28971 bytes to path=user://steam/76561199401820476/modded/profile1\saves\history/1776849887.run save_dir=user://steam/76561199401820476
[Merchant2CuteII] Preloaded spine resource: res://animations/backgrounds/merchant_room/hand/merchant_hand_skel_data.tres
[INFO] Copying modded/profile1\saves\history/1776857994.run from cloud to local. Local file exists: True Cloud save time: 04/22/2026 11:50:07 +00:00 Local save time: 04/22/2026 11:50:06 +00:00
[INFO] Copying modded/profile1\saves\history/1776858614.run from cloud to local. Local file exists: True Cloud save time: 04/22/2026 12:32:56 +00:00 Local save time: 04/22/2026 12:32:55 +00:00
[INFO] Copying modded/profile1\saves\history/1776861230.run from cloud to local. Local file exists: True Cloud save time: 04/22/2026 13:31:26 +00:00 Local save time: 04/22/2026 13:31:25 +00:00
[INFO] Copying modded/profile1\saves\history/1776865711.run from cloud to local. Local file exists: True Cloud save time: 04/22/2026 14:22:56 +00:00 Local save time: 04/22/2026 14:22:55 +00:00
[INFO] Copying modded/profile1\saves\history/1776867921.run from cloud to local. Local file exists: True Cloud save time: 04/22/2026 14:33:23 +00:00 Local save time: 04/22/2026 14:33:22 +00:00
[INFO] Copying modded/profile1\saves\history/1776920830.run from cloud to local. Local file exists: True Cloud save time: 04/23/2026 05:22:35 +00:00 Local save time: 04/23/2026 05:22:34 +00:00
[INFO] Copying modded/profile1\saves\history/1776921811.run from cloud to local. Local file exists: True Cloud save time: 04/23/2026 05:29:32 +00:00 Local save time: 04/23/2026 05:29:31 +00:00
[INFO] Copying modded/profile1\saves\history/1776934937.run from cloud to local. Local file exists: True Cloud save time: 04/23/2026 09:10:12 +00:00 Local save time: 04/23/2026 09:10:11 +00:00
[Merchant2CuteII] Preloaded audio resource: res://debug_audio/zh/disappointment.wav
[Merchant2CuteII] PreloadAudioPathsAsync completed: loaded=7 timeMs=3139
[INFO] Wrote 59129 bytes to path=user://steam/76561199401820476/modded/profile1\saves\history/1776857994.run save_dir=user://steam/76561199401820476
[INFO] Wrote 59351 bytes to path=user://steam/76561199401820476/modded/profile1\saves\history/1776934937.run save_dir=user://steam/76561199401820476
[INFO] Wrote 42715 bytes to path=user://steam/76561199401820476/modded/profile1\saves\history/1776921811.run save_dir=user://steam/76561199401820476
[INFO] Wrote 296666 bytes to path=user://steam/76561199401820476/modded/profile1\saves\history/1776858614.run save_dir=user://steam/76561199401820476
[INFO] Wrote 52401 bytes to path=user://steam/76561199401820476/modded/profile1\saves\history/1776865711.run save_dir=user://steam/76561199401820476
[INFO] Wrote 65388 bytes to path=user://steam/76561199401820476/modded/profile1\saves\history/1776867921.run save_dir=user://steam/76561199401820476
[INFO] Wrote 205214 bytes to path=user://steam/76561199401820476/modded/profile1\saves\history/1776861230.run save_dir=user://steam/76561199401820476
[INFO] Wrote 95677 bytes to path=user://steam/76561199401820476/modded/profile1\saves\history/1776920830.run save_dir=user://steam/76561199401820476
[INFO] Copying modded/profile1\saves\history/1776935421.run from cloud to local. Local file exists: True Cloud save time: 04/23/2026 09:18:42 +00:00 Local save time: 04/23/2026 09:18:41 +00:00
[INFO] Copying modded/profile1\saves\history/1776935932.run from cloud to local. Local file exists: True Cloud save time: 04/23/2026 09:55:39 +00:00 Local save time: 04/23/2026 09:55:38 +00:00
[Merchant2CuteII] Preloaded spine resource: res://animations/backgrounds/merchant_room/top/shop_merchant_top.tres
[INFO] Copying modded/profile1\saves\history/1776946912.run from cloud to local. Local file exists: True Cloud save time: 04/23/2026 12:25:32 +00:00 Local save time: 04/23/2026 12:25:31 +00:00
[INFO] Copying modded/profile1\saves\history/1776947144.run from cloud to local. Local file exists: True Cloud save time: 04/23/2026 12:50:34 +00:00 Local save time: 04/23/2026 12:50:33 +00:00
[INFO] Copying modded/profile1\saves\history/1776948643.run from cloud to local. Local file exists: True Cloud save time: 04/23/2026 14:19:57 +00:00 Local save time: 04/23/2026 14:19:56 +00:00
[INFO] Copying modded/profile1\saves\history/1776954106.run from cloud to local. Local file exists: True Cloud save time: 04/23/2026 14:26:56 +00:00 Local save time: 04/23/2026 14:26:55 +00:00
[Merchant2CuteII] PreloadSpinePathsAsync completed: loaded=3 timeMs=3198
[INFO] Copying modded/profile1\saves\history/1776956236.run from cloud to local. Local file exists: True Cloud save time: 04/24/2026 02:28:28 +00:00 Local save time: 04/24/2026 02:28:27 +00:00
[INFO] Wrote 211390 bytes to path=user://steam/76561199401820476/modded/profile1\saves\history/1776935932.run save_dir=user://steam/76561199401820476
[INFO] Wrote 55154 bytes to path=user://steam/76561199401820476/modded/profile1\saves\history/1776935421.run save_dir=user://steam/76561199401820476
[INFO] Wrote 127621 bytes to path=user://steam/76561199401820476/modded/profile1\saves\history/1776947144.run save_dir=user://steam/76561199401820476
[INFO] Wrote 27727 bytes to path=user://steam/76561199401820476/modded/profile1\saves\history/1776946912.run save_dir=user://steam/76561199401820476
[INFO] Wrote 195879 bytes to path=user://steam/76561199401820476/modded/profile1\saves\history/1776948643.run save_dir=user://steam/76561199401820476
[INFO] Wrote 43442 bytes to path=user://steam/76561199401820476/modded/profile1\saves\history/1776956236.run save_dir=user://steam/76561199401820476
[INFO] Wrote 29220 bytes to path=user://steam/76561199401820476/modded/profile1\saves\history/1776954106.run save_dir=user://steam/76561199401820476
[INFO] Copying modded/profile1\saves\history/1777042043.run from cloud to local. Local file exists: True Cloud save time: 04/24/2026 14:47:39 +00:00 Local save time: 04/24/2026 14:47:38 +00:00
[INFO] Copying modded/profile1\saves\history/1777042068.run from cloud to local. Local file exists: True Cloud save time: 04/24/2026 14:54:35 +00:00 Local save time: 04/24/2026 14:54:34 +00:00
[INFO] Copying modded/profile1\saves\history/1777042482.run from cloud to local. Local file exists: True Cloud save time: 04/24/2026 14:58:57 +00:00 Local save time: 04/24/2026 14:58:56 +00:00
[INFO] Copying modded/profile1\saves\history/1777042744.run from cloud to local. Local file exists: True Cloud save time: 04/24/2026 15:40:42 +00:00 Local save time: 04/24/2026 15:40:41 +00:00
[INFO] Wrote 4653 bytes to path=user://steam/76561199401820476/modded/profile1\saves\history/1777042043.run save_dir=user://steam/76561199401820476
[INFO] Wrote 295070 bytes to path=user://steam/76561199401820476/modded/profile1\saves\history/1777042744.run save_dir=user://steam/76561199401820476
[INFO] Wrote 37264 bytes to path=user://steam/76561199401820476/modded/profile1\saves\history/1777042482.run save_dir=user://steam/76561199401820476
[INFO] Wrote 33865 bytes to path=user://steam/76561199401820476/modded/profile1\saves\history/1777042068.run save_dir=user://steam/76561199401820476
[INFO] Copying modded/profile1\saves\history/1777559696.run from cloud to local. Local file exists: True Cloud save time: 04/30/2026 16:19:04 +00:00 Local save time: 04/30/2026 16:19:03 +00:00
[INFO] Copying modded/profile1\saves\history/1777565990.run from cloud to local. Local file exists: True Cloud save time: 04/30/2026 16:20:11 +00:00 Local save time: 04/30/2026 16:20:10 +00:00
[INFO] Copying modded/profile1\saves\history/1777566314.run from cloud to local. Local file exists: True Cloud save time: 04/30/2026 16:43:07 +00:00 Local save time: 04/30/2026 16:43:06 +00:00
[INFO] Wrote 82192 bytes to path=user://steam/76561199401820476/modded/profile1\saves\history/1777559696.run save_dir=user://steam/76561199401820476
[INFO] Wrote 88594 bytes to path=user://steam/76561199401820476/modded/profile1\saves\history/1777566314.run save_dir=user://steam/76561199401820476
[INFO] Wrote 4634 bytes to path=user://steam/76561199401820476/modded/profile1\saves\history/1777565990.run save_dir=user://steam/76561199401820476
[INFO] Copying modded/profile1\saves\history/1777567977.run from cloud to local. Local file exists: True Cloud save time: 04/30/2026 17:35:15 +00:00 Local save time: 04/30/2026 17:35:14 +00:00
[INFO] Copying modded/profile1\saves\history/1777658700.run from cloud to local. Local file exists: True Cloud save time: 05/02/2026 05:57:48 +00:00 Local save time: 05/02/2026 05:57:47 +00:00
[INFO] Copying modded/profile1\saves\history/1777701634.run from cloud to local. Local file exists: True Cloud save time: 05/02/2026 06:49:36 +00:00 Local save time: 05/02/2026 06:49:35 +00:00
[INFO] Copying modded/profile1\saves\history/1777709228.run from cloud to local. Local file exists: True Cloud save time: 05/02/2026 14:00:30 +00:00 Local save time: 05/02/2026 14:00:29 +00:00
[INFO] Copying modded/profile1\saves\history/1777734327.run from cloud to local. Local file exists: True Cloud save time: 05/02/2026 15:58:18 +00:00 Local save time: 05/02/2026 15:58:17 +00:00
[INFO] Copying modded/profile1\saves\history/1777795567.run from cloud to local. Local file exists: True Cloud save time: 05/03/2026 08:08:24 +00:00 Local save time: 05/03/2026 08:08:23 +00:00
[INFO] Copying modded/profile1\saves\history/1777795718.run from cloud to local. Local file exists: True Cloud save time: 05/04/2026 15:21:16 +00:00 Local save time: 05/04/2026 15:21:15 +00:00
[INFO] Copying modded/profile1\saves\history/1777908082.run from cloud to local. Local file exists: True Cloud save time: 05/04/2026 16:22:16 +00:00 Local save time: 05/04/2026 16:22:15 +00:00
[INFO] Wrote 105498 bytes to path=user://steam/76561199401820476/modded/profile1\saves\history/1777734327.run save_dir=user://steam/76561199401820476
[INFO] Wrote 26552 bytes to path=user://steam/76561199401820476/modded/profile1\saves\history/1777908082.run save_dir=user://steam/76561199401820476
[INFO] Wrote 7861 bytes to path=user://steam/76561199401820476/modded/profile1\saves\history/1777795567.run save_dir=user://steam/76561199401820476
[INFO] Wrote 260490 bytes to path=user://steam/76561199401820476/modded/profile1\saves\history/1777567977.run save_dir=user://steam/76561199401820476
[INFO] Wrote 1982 bytes to path=user://steam/76561199401820476/modded/profile1\saves\history/1777795718.run save_dir=user://steam/76561199401820476
[INFO] Wrote 15163 bytes to path=user://steam/76561199401820476/modded/profile1\saves\history/1777658700.run save_dir=user://steam/76561199401820476
[INFO] Wrote 98605 bytes to path=user://steam/76561199401820476/modded/profile1\saves\history/1777709228.run save_dir=user://steam/76561199401820476
[INFO] Wrote 221319 bytes to path=user://steam/76561199401820476/modded/profile1\saves\history/1777701634.run save_dir=user://steam/76561199401820476
[INFO] Copying modded/profile1\saves\history/1778163940.run from cloud to local. Local file exists: True Cloud save time: 05/07/2026 14:33:19 +00:00 Local save time: 05/07/2026 14:33:18 +00:00
[INFO] Copying modded/profile1\saves\history/1778214603.run from cloud to local. Local file exists: True Cloud save time: 05/08/2026 05:29:01 +00:00 Local save time: 05/08/2026 05:29:00 +00:00
[INFO] Wrote 19966 bytes to path=user://steam/76561199401820476/modded/profile1\saves\history/1778163940.run save_dir=user://steam/76561199401820476
[INFO] Wrote 102609 bytes to path=user://steam/76561199401820476/modded/profile1\saves\history/1778214603.run save_dir=user://steam/76561199401820476
[INFO] Copying modded/profile1\saves\history/1778218248.run from cloud to local. Local file exists: True Cloud save time: 05/08/2026 06:01:57 +00:00 Local save time: 05/08/2026 06:01:56 +00:00
[INFO] Copying modded/profile1\saves\history/1778220951.run from cloud to local. Local file exists: True Cloud save time: 05/08/2026 06:22:27 +00:00 Local save time: 05/08/2026 06:22:26 +00:00
[INFO] Copying modded/profile1\saves\history/1778236470.run from cloud to local. Local file exists: True Cloud save time: 05/08/2026 11:17:37 +00:00 Local save time: 05/08/2026 11:17:36 +00:00
[INFO] Copying modded/profile1\saves\history/1778248583.run from cloud to local. Local file exists: True Cloud save time: 05/08/2026 14:05:07 +00:00 Local save time: 05/08/2026 14:05:06 +00:00
[INFO] Copying modded/profile1\saves\history/1778249115.run from cloud to local. Local file exists: True Cloud save time: 05/08/2026 15:05:10 +00:00 Local save time: 05/08/2026 15:05:09 +00:00
[INFO] Copying modded/profile1\saves\history/1778281449.run from cloud to local. Local file exists: True Cloud save time: 05/08/2026 23:13:52 +00:00 Local save time: 05/08/2026 23:13:51 +00:00
[INFO] Copying modded/profile1\saves\history/1778282042.run from cloud to local. Local file exists: True Cloud save time: 05/08/2026 23:35:39 +00:00 Local save time: 05/08/2026 23:35:38 +00:00
[INFO] Copying modded/profile1\saves\history/1778286312.run from cloud to local. Local file exists: True Cloud save time: 05/09/2026 01:14:13 +00:00 Local save time: 05/09/2026 01:14:12 +00:00
[INFO] Wrote 26018 bytes to path=user://steam/76561199401820476/modded/profile1\saves\history/1778281449.run save_dir=user://steam/76561199401820476
[INFO] Wrote 64755 bytes to path=user://steam/76561199401820476/modded/profile1\saves\history/1778218248.run save_dir=user://steam/76561199401820476
[INFO] Wrote 55686 bytes to path=user://steam/76561199401820476/modded/profile1\saves\history/1778282042.run save_dir=user://steam/76561199401820476
[INFO] Wrote 79685 bytes to path=user://steam/76561199401820476/modded/profile1\saves\history/1778286312.run save_dir=user://steam/76561199401820476
[INFO] Wrote 27194 bytes to path=user://steam/76561199401820476/modded/profile1\saves\history/1778220951.run save_dir=user://steam/76561199401820476
[INFO] Wrote 127405 bytes to path=user://steam/76561199401820476/modded/profile1\saves\history/1778249115.run save_dir=user://steam/76561199401820476
[INFO] Wrote 109384 bytes to path=user://steam/76561199401820476/modded/profile1\saves\history/1778236470.run save_dir=user://steam/76561199401820476
[INFO] Wrote 24275 bytes to path=user://steam/76561199401820476/modded/profile1\saves\history/1778248583.run save_dir=user://steam/76561199401820476
[INFO] Copying modded/profile1\saves\history/1778330247.run from cloud to local. Local file exists: True Cloud save time: 05/09/2026 13:27:30 +00:00 Local save time: 05/09/2026 13:27:29 +00:00
[INFO] Copying modded/profile1\saves\history/1778334043.run from cloud to local. Local file exists: True Cloud save time: 05/09/2026 23:40:08 +00:00 Local save time: 05/09/2026 23:40:07 +00:00
[INFO] Copying modded/profile1\saves\history/1778370068.run from cloud to local. Local file exists: True Cloud save time: 05/10/2026 00:27:18 +00:00 Local save time: 05/10/2026 00:27:17 +00:00
[INFO] Copying modded/profile1\saves\history/1778383014.run from cloud to local. Local file exists: True Cloud save time: 05/10/2026 03:20:11 +00:00 Local save time: 05/10/2026 03:20:10 +00:00
[INFO] Copying modded/profile1\saves\history/1778383238.run from cloud to local. Local file exists: True Cloud save time: 05/10/2026 03:40:47 +00:00 Local save time: 05/10/2026 03:40:46 +00:00
[INFO] Copying modded/profile1\saves\history/1778422815.run from cloud to local. Local file exists: True Cloud save time: 05/10/2026 17:21:34 +00:00 Local save time: 05/10/2026 17:21:33 +00:00
[INFO] Copying modded/profile1\saves\history/1778433715.run from cloud to local. Local file exists: True Cloud save time: 05/10/2026 17:30:30 +00:00 Local save time: 05/10/2026 17:30:29 +00:00
[INFO] Copying modded/profile1\saves\history/1778457349.run from cloud to local. Local file exists: True Cloud save time: 05/11/2026 04:22:27 +00:00 Local save time: 05/11/2026 04:22:26 +00:00
[INFO] Wrote 5132 bytes to path=user://steam/76561199401820476/modded/profile1\saves\history/1778334043.run save_dir=user://steam/76561199401820476
[INFO] Wrote 95730 bytes to path=user://steam/76561199401820476/modded/profile1\saves\history/1778330247.run save_dir=user://steam/76561199401820476
[INFO] Wrote 80713 bytes to path=user://steam/76561199401820476/modded/profile1\saves\history/1778370068.run save_dir=user://steam/76561199401820476
[INFO] Wrote 8206 bytes to path=user://steam/76561199401820476/modded/profile1\saves\history/1778383014.run save_dir=user://steam/76561199401820476
[INFO] Wrote 39501 bytes to path=user://steam/76561199401820476/modded/profile1\saves\history/1778383238.run save_dir=user://steam/76561199401820476
[INFO] Wrote 15262 bytes to path=user://steam/76561199401820476/modded/profile1\saves\history/1778433715.run save_dir=user://steam/76561199401820476
[INFO] Wrote 90414 bytes to path=user://steam/76561199401820476/modded/profile1\saves\history/1778457349.run save_dir=user://steam/76561199401820476
[INFO] Wrote 88812 bytes to path=user://steam/76561199401820476/modded/profile1\saves\history/1778422815.run save_dir=user://steam/76561199401820476
[INFO] Copying modded/profile1\saves\history/1778473358.run from cloud to local. Local file exists: True Cloud save time: 05/11/2026 08:52:31 +00:00 Local save time: 05/11/2026 08:52:30 +00:00
[INFO] Copying modded/profile1\saves\history/1778507489.run from cloud to local. Local file exists: True Cloud save time: 05/12/2026 01:05:10 +00:00 Local save time: 05/12/2026 01:05:09 +00:00
[INFO] Copying modded/profile1\saves\history/1778547926.run from cloud to local. Local file exists: True Cloud save time: 05/12/2026 01:20:17 +00:00 Local save time: 05/12/2026 01:20:16 +00:00
[INFO] Copying modded/profile1\saves\history/1778548987.run from cloud to local. Local file exists: True Cloud save time: 05/12/2026 01:29:44 +00:00 Local save time: 05/12/2026 01:29:43 +00:00
[INFO] Copying modded/profile1\saves\history/1778550994.run from cloud to local. Local file exists: True Cloud save time: 05/12/2026 02:17:06 +00:00 Local save time: 05/12/2026 02:17:05 +00:00
[INFO] Copying modded/profile1\saves\history/1778553992.run from cloud to local. Local file exists: True Cloud save time: 05/12/2026 02:58:54 +00:00 Local save time: 05/12/2026 02:58:53 +00:00
[INFO] Copying modded/profile1\saves\history/1778594894.run from cloud to local. Local file exists: True Cloud save time: 05/12/2026 14:25:50 +00:00 Local save time: 05/12/2026 14:25:49 +00:00
[INFO] Copying modded/profile1\saves\history/1778596710.run from cloud to local. Local file exists: True Cloud save time: 05/12/2026 14:43:59 +00:00 Local save time: 05/12/2026 14:43:58 +00:00
[INFO] Wrote 49621 bytes to path=user://steam/76561199401820476/modded/profile1\saves\history/1778547926.run save_dir=user://steam/76561199401820476
[INFO] Wrote 42349 bytes to path=user://steam/76561199401820476/modded/profile1\saves\history/1778550994.run save_dir=user://steam/76561199401820476
[INFO] Wrote 134060 bytes to path=user://steam/76561199401820476/modded/profile1\saves\history/1778507489.run save_dir=user://steam/76561199401820476
[INFO] Wrote 19294 bytes to path=user://steam/76561199401820476/modded/profile1\saves\history/1778548987.run save_dir=user://steam/76561199401820476
[INFO] Wrote 21001 bytes to path=user://steam/76561199401820476/modded/profile1\saves\history/1778596710.run save_dir=user://steam/76561199401820476
[INFO] Wrote 49496 bytes to path=user://steam/76561199401820476/modded/profile1\saves\history/1778594894.run save_dir=user://steam/76561199401820476
[INFO] Wrote 106315 bytes to path=user://steam/76561199401820476/modded/profile1\saves\history/1778473358.run save_dir=user://steam/76561199401820476
[INFO] Wrote 30237 bytes to path=user://steam/76561199401820476/modded/profile1\saves\history/1778553992.run save_dir=user://steam/76561199401820476
[INFO] Copying modded/profile1\saves\history/1779352078.run from cloud to local. Local file exists: True Cloud save time: 05/21/2026 08:44:47 +00:00 Local save time: 05/21/2026 08:44:46 +00:00
[INFO] Wrote 58688 bytes to path=user://steam/76561199401820476/modded/profile1\saves\history/1779352078.run save_dir=user://steam/76561199401820476
[INFO] Copying modded/profile1\saves\history/1779414756.run from cloud to local. Local file exists: True Cloud save time: 05/22/2026 02:11:33 +00:00 Local save time: 05/22/2026 02:11:32 +00:00
[INFO] Copying modded/profile1\saves\history/1779420952.run from cloud to local. Local file exists: True Cloud save time: 05/22/2026 04:15:42 +00:00 Local save time: 05/22/2026 04:15:41 +00:00
[INFO] Copying modded/profile1\saves\history/1779461917.run from cloud to local. Local file exists: True Cloud save time: 05/22/2026 16:00:19 +00:00 Local save time: 05/22/2026 16:00:18 +00:00
[INFO] Copying modded/profile1\saves\history/1779466122.run from cloud to local. Local file exists: True Cloud save time: 05/23/2026 02:09:13 +00:00 Local save time: 05/23/2026 02:09:12 +00:00
[INFO] Copying modded/profile1\saves\history/1779502160.run from cloud to local. Local file exists: True Cloud save time: 05/23/2026 08:08:49 +00:00 Local save time: 05/23/2026 08:08:48 +00:00
[INFO] Copying modded/profile1\saves\history/1779523902.run from cloud to local. Local file exists: True Cloud save time: 05/23/2026 08:46:20 +00:00 Local save time: 05/23/2026 08:46:19 +00:00
[INFO] Copying modded/profile1\saves\history/1779535078.run from cloud to local. Local file exists: True Cloud save time: 05/23/2026 11:39:01 +00:00 Local save time: 05/23/2026 11:39:00 +00:00
[INFO] Wrote 4738 bytes to path=user://steam/76561199401820476/modded/profile1\saves\history/1779466122.run save_dir=user://steam/76561199401820476
[INFO] Wrote 143178 bytes to path=user://steam/76561199401820476/modded/profile1\saves\history/1779461917.run save_dir=user://steam/76561199401820476
[INFO] Wrote 117340 bytes to path=user://steam/76561199401820476/modded/profile1\saves\history/1779502160.run save_dir=user://steam/76561199401820476
[INFO] Wrote 58609 bytes to path=user://steam/76561199401820476/modded/profile1\saves\history/1779414756.run save_dir=user://steam/76561199401820476
[INFO] Wrote 93677 bytes to path=user://steam/76561199401820476/modded/profile1\saves\history/1779420952.run save_dir=user://steam/76561199401820476
[INFO] Wrote 66613 bytes to path=user://steam/76561199401820476/modded/profile1\saves\history/1779523902.run save_dir=user://steam/76561199401820476
[INFO] Wrote 47698 bytes to path=user://steam/76561199401820476/modded/profile1\saves\history/1779535078.run save_dir=user://steam/76561199401820476
[INFO] Copying modded/profile1\saves\history/1779547693.run from cloud to local. Local file exists: True Cloud save time: 05/23/2026 15:36:59 +00:00 Local save time: 05/23/2026 15:36:58 +00:00
[INFO] Copying modded/profile1\saves\history/1779588905.run from cloud to local. Local file exists: True Cloud save time: 05/24/2026 04:19:06 +00:00 Local save time: 05/24/2026 04:19:05 +00:00
[INFO] Copying modded/profile1\saves\history/1779608995.run from cloud to local. Local file exists: True Cloud save time: 05/24/2026 08:02:46 +00:00 Local save time: 05/24/2026 08:02:45 +00:00
[INFO] Copying modded/profile1\saves\history/1779687487.run from cloud to local. Local file exists: True Cloud save time: 05/25/2026 07:34:48 +00:00 Local save time: 05/25/2026 07:34:47 +00:00
[INFO] Copying modded/profile1\saves\history/1779778642.run from cloud to local. Local file exists: True Cloud save time: 05/26/2026 08:35:19 +00:00 Local save time: 05/26/2026 08:35:18 +00:00
[INFO] Copying modded/profile1\saves\history/1779812160.run from cloud to local. Local file exists: True Cloud save time: 05/26/2026 23:49:07 +00:00 Local save time: 05/26/2026 23:49:06 +00:00
[INFO] Wrote 103216 bytes to path=user://steam/76561199401820476/modded/profile1\saves\history/1779547693.run save_dir=user://steam/76561199401820476
[INFO] Wrote 116924 bytes to path=user://steam/76561199401820476/modded/profile1\saves\history/1779687487.run save_dir=user://steam/76561199401820476
[INFO] Wrote 97866 bytes to path=user://steam/76561199401820476/modded/profile1\saves\history/1779588905.run save_dir=user://steam/76561199401820476
[INFO] Wrote 24224 bytes to path=user://steam/76561199401820476/modded/profile1\saves\history/1779608995.run save_dir=user://steam/76561199401820476
[INFO] Wrote 120547 bytes to path=user://steam/76561199401820476/modded/profile1\saves\history/1779812160.run save_dir=user://steam/76561199401820476
[INFO] Wrote 92993 bytes to path=user://steam/76561199401820476/modded/profile1\saves\history/1779778642.run save_dir=user://steam/76561199401820476
[INFO] Copying modded/profile1\saves\history/1779885095.run from cloud to local. Local file exists: True Cloud save time: 05/27/2026 12:45:44 +00:00 Local save time: 05/27/2026 12:45:43 +00:00
[INFO] Copying modded/profile1\saves\history/1779887028.run from cloud to local. Local file exists: True Cloud save time: 05/27/2026 13:06:55 +00:00 Local save time: 05/27/2026 13:06:54 +00:00
[INFO] Copying modded/profile1\saves\history/1779954338.run from cloud to local. Local file exists: True Cloud save time: 05/28/2026 08:51:17 +00:00 Local save time: 05/28/2026 08:51:16 +00:00
[INFO] Copying modded/profile1\saves\history/1780005877.run from cloud to local. Local file exists: True Cloud save time: 05/28/2026 22:19:42 +00:00 Local save time: 05/28/2026 22:19:41 +00:00
[INFO] Wrote 23480 bytes to path=user://steam/76561199401820476/modded/profile1\saves\history/1779885095.run save_dir=user://steam/76561199401820476
[INFO] Wrote 43274 bytes to path=user://steam/76561199401820476/modded/profile1\saves\history/1780005877.run save_dir=user://steam/76561199401820476
[INFO] Wrote 12712 bytes to path=user://steam/76561199401820476/modded/profile1\saves\history/1779887028.run save_dir=user://steam/76561199401820476
[INFO] Wrote 115553 bytes to path=user://steam/76561199401820476/modded/profile1\saves\history/1779954338.run save_dir=user://steam/76561199401820476
[INFO] Copying modded/profile1\saves\history/1780063833.run from cloud to local. Local file exists: True Cloud save time: 05/29/2026 16:57:56 +00:00 Local save time: 05/29/2026 16:57:57 +00:00
[INFO] Deleting modded/profile1\saves\history/1776688124.run.backup because it does not exist on remote
[ERROR] Error deleting path modded/profile1\saves\history/1776688124.run.backup.backup: Failed
   at MegaCrit.Sts2.Core.Saves.GodotFileIo.DeleteFile(String path)
   at MegaCrit.Sts2.Core.Saves.CloudSaveStore.SyncCloudToLocalInternal(String path)
   at System.Runtime.CompilerServices.AsyncMethodBuilderCore.Start[TStateMachine](TStateMachine& stateMachine)
   at MegaCrit.Sts2.Core.Saves.CloudSaveStore.SyncCloudToLocalInternal(String path)
   at MegaCrit.Sts2.Core.Saves.CloudSaveStore.SyncCloudToLocal(String path)
   at System.Runtime.CompilerServices.AsyncMethodBuilderCore.Start[TStateMachine](TStateMachine& stateMachine)
   at MegaCrit.Sts2.Core.Saves.CloudSaveStore.SyncCloudToLocal(String path)
   at MegaCrit.Sts2.Core.Saves.CloudSaveStore.SyncCloudToLocalDirectory(String directoryPath)+MoveNext()
   at MegaCrit.Sts2.Core.Saves.SaveManager.EnumerateCloudSyncTasks(CloudSaveStore cloudStore)+MoveNext()
   at MegaCrit.Sts2.Core.Saves.SaveManager.SyncCloudToLocal()
   at System.Runtime.CompilerServices.AsyncTaskMethodBuilder`1.AsyncStateMachineBox`1.ExecutionContextCallback(Object s)
   at System.Threading.ExecutionContext.RunInternal(ExecutionContext executionContext, ContextCallback callback, Object state)
   at System.Runtime.CompilerServices.AsyncTaskMethodBuilder`1.AsyncStateMachineBox`1.MoveNext(Thread threadPoolThread)
   at System.Runtime.CompilerServices.AsyncTaskMethodBuilder`1.AsyncStateMachineBox`1.MoveNext()
   at System.Threading.Tasks.AwaitTaskContinuation.RunOrScheduleAction(IAsyncStateMachineBox box, Boolean allowInlining)
   at System.Threading.Tasks.Task.RunContinuations(Object continuationObject)
   at System.Threading.Tasks.Task.TrySetResult()
   at System.Threading.Tasks.Task.WhenAllPromise.Invoke(Task completedTask)
   at System.Threading.Tasks.Task.RunContinuations(Object continuationObject)
   at System.Threading.Tasks.Task`1.TrySetResult(TResult result)
   at System.Runtime.CompilerServices.AsyncTaskMethodBuilder`1.SetExistingTaskResult(Task`1 task, TResult result)
   at System.Runtime.CompilerServices.AsyncTaskMethodBuilder.SetResult()
   at MegaCrit.Sts2.Core.Saves.CloudSaveStore.SyncCloudToLocal(String path)
   at System.Runtime.CompilerServices.AsyncTaskMethodBuilder`1.AsyncStateMachineBox`1.ExecutionContextCallback(Object s)
   at System.Threading.ExecutionContext.RunInternal(ExecutionContext executionContext, ContextCallback callback, Object state)
   at System.Runtime.CompilerServices.AsyncTaskMethodBuilder`1.AsyncStateMachineBox`1.MoveNext(Thread threadPoolThread)
   at System.Runtime.CompilerServices.AsyncTaskMethodBuilder`1.AsyncStateMachineBox`1.MoveNext()
   at System.Threading.Tasks.AwaitTaskContinuation.RunOrScheduleAction(IAsyncStateMachineBox box, Boolean allowInlining)
   at System.Threading.Tasks.Task.RunContinuations(Object continuationObject)
   at System.Threading.Tasks.Task`1.TrySetResult(TResult result)
   at System.Runtime.CompilerServices.AsyncTaskMethodBuilder`1.SetExistingTaskResult(Task`1 task, TResult result)
   at System.Runtime.CompilerServices.AsyncTaskMethodBuilder.SetResult()
   at MegaCrit.Sts2.Core.Saves.CloudSaveStore.SyncCloudToLocalInternal(String path)
   at System.Runtime.CompilerServices.AsyncTaskMethodBuilder`1.AsyncStateMachineBox`1.ExecutionContextCallback(Object s)
   at System.Threading.ExecutionContext.RunInternal(ExecutionContext executionContext, ContextCallback callback, Object state)
   at System.Runtime.CompilerServices.AsyncTaskMethodBuilder`1.AsyncStateMachineBox`1.MoveNext(Thread threadPoolThread)
   at System.Runtime.CompilerServices.AsyncTaskMethodBuilder`1.AsyncStateMachineBox`1.MoveNext()
   at System.Threading.Tasks.AwaitTaskContinuation.RunOrScheduleAction(IAsyncStateMachineBox box, Boolean allowInlining)
   at System.Threading.Tasks.Task.RunContinuations(Object continuationObject)
   at System.Threading.Tasks.Task`1.TrySetResult(TResult result)
   at System.Runtime.CompilerServices.AsyncTaskMethodBuilder`1.SetExistingTaskResult(Task`1 task, TResult result)
   at System.Runtime.CompilerServices.AsyncTaskMethodBuilder.SetResult()
   at MegaCrit.Sts2.Core.Saves.GodotFileIo.WriteFileAsync(String path, Byte[] bytes)
   at System.Runtime.CompilerServices.AsyncTaskMethodBuilder`1.AsyncStateMachineBox`1.ExecutionContextCallback(Object s)
   at System.Threading.ExecutionContext.RunInternal(ExecutionContext executionContext, ContextCallback callback, Object state)
   at System.Runtime.CompilerServices.AsyncTaskMethodBuilder`1.AsyncStateMachineBox`1.MoveNext(Thread threadPoolThread)
   at System.Runtime.CompilerServices.AsyncTaskMethodBuilder`1.AsyncStateMachineBox`1.MoveNext()
   at System.Threading.Tasks.AwaitTaskContinuation.RunOrScheduleAction(IAsyncStateMachineBox box, Boolean allowInlining)
   at System.Threading.Tasks.Task.RunContinuations(Object continuationObject)
   at System.Threading.Tasks.Task.ExecuteWithThreadLocal(Task& currentTaskSlot, Thread threadPoolThread)
   at System.Threading.ThreadPoolWorkQueue.Dispatch()
   at System.Threading.PortableThreadPool.WorkerThread.WorkerThreadStart()

[INFO] Deleting modded/profile1\saves\history/1776749638.run.backup because it does not exist on remote
[ERROR] Error deleting path modded/profile1\saves\history/1776749638.run.backup.backup: Failed
   at MegaCrit.Sts2.Core.Saves.GodotFileIo.DeleteFile(String path)
   at MegaCrit.Sts2.Core.Saves.CloudSaveStore.SyncCloudToLocalInternal(String path)
   at System.Runtime.CompilerServices.AsyncMethodBuilderCore.Start[TStateMachine](TStateMachine& stateMachine)
   at MegaCrit.Sts2.Core.Saves.CloudSaveStore.SyncCloudToLocalInternal(String path)
   at MegaCrit.Sts2.Core.Saves.CloudSaveStore.SyncCloudToLocal(String path)
   at System.Runtime.CompilerServices.AsyncMethodBuilderCore.Start[TStateMachine](TStateMachine& stateMachine)
   at MegaCrit.Sts2.Core.Saves.CloudSaveStore.SyncCloudToLocal(String path)
   at MegaCrit.Sts2.Core.Saves.CloudSaveStore.SyncCloudToLocalDirectory(String directoryPath)+MoveNext()
   at MegaCrit.Sts2.Core.Saves.SaveManager.EnumerateCloudSyncTasks(CloudSaveStore cloudStore)+MoveNext()
   at MegaCrit.Sts2.Core.Saves.SaveManager.SyncCloudToLocal()
   at System.Runtime.CompilerServices.AsyncTaskMethodBuilder`1.AsyncStateMachineBox`1.ExecutionContextCallback(Object s)
   at System.Threading.ExecutionContext.RunInternal(ExecutionContext executionContext, ContextCallback callback, Object state)
   at System.Runtime.CompilerServices.AsyncTaskMethodBuilder`1.AsyncStateMachineBox`1.MoveNext(Thread threadPoolThread)
   at System.Runtime.CompilerServices.AsyncTaskMethodBuilder`1.AsyncStateMachineBox`1.MoveNext()
   at System.Threading.Tasks.AwaitTaskContinuation.RunOrScheduleAction(IAsyncStateMachineBox box, Boolean allowInlining)
   at System.Threading.Tasks.Task.RunContinuations(Object continuationObject)
   at System.Threading.Tasks.Task.TrySetResult()
   at System.Threading.Tasks.Task.WhenAllPromise.Invoke(Task completedTask)
   at System.Threading.Tasks.Task.RunContinuations(Object continuationObject)
   at System.Threading.Tasks.Task`1.TrySetResult(TResult result)
   at System.Runtime.CompilerServices.AsyncTaskMethodBuilder`1.SetExistingTaskResult(Task`1 task, TResult result)
   at System.Runtime.CompilerServices.AsyncTaskMethodBuilder.SetResult()
   at MegaCrit.Sts2.Core.Saves.CloudSaveStore.SyncCloudToLocal(String path)
   at System.Runtime.CompilerServices.AsyncTaskMethodBuilder`1.AsyncStateMachineBox`1.ExecutionContextCallback(Object s)
   at System.Threading.ExecutionContext.RunInternal(ExecutionContext executionContext, ContextCallback callback, Object state)
   at System.Runtime.CompilerServices.AsyncTaskMethodBuilder`1.AsyncStateMachineBox`1.MoveNext(Thread threadPoolThread)
   at System.Runtime.CompilerServices.AsyncTaskMethodBuilder`1.AsyncStateMachineBox`1.MoveNext()
   at System.Threading.Tasks.AwaitTaskContinuation.RunOrScheduleAction(IAsyncStateMachineBox box, Boolean allowInlining)
   at System.Threading.Tasks.Task.RunContinuations(Object continuationObject)
   at System.Threading.Tasks.Task`1.TrySetResult(TResult result)
   at System.Runtime.CompilerServices.AsyncTaskMethodBuilder`1.SetExistingTaskResult(Task`1 task, TResult result)
   at System.Runtime.CompilerServices.AsyncTaskMethodBuilder.SetResult()
   at MegaCrit.Sts2.Core.Saves.CloudSaveStore.SyncCloudToLocalInternal(String path)
   at System.Runtime.CompilerServices.AsyncTaskMethodBuilder`1.AsyncStateMachineBox`1.ExecutionContextCallback(Object s)
   at System.Threading.ExecutionContext.RunInternal(ExecutionContext executionContext, ContextCallback callback, Object state)
   at System.Runtime.CompilerServices.AsyncTaskMethodBuilder`1.AsyncStateMachineBox`1.MoveNext(Thread threadPoolThread)
   at System.Runtime.CompilerServices.AsyncTaskMethodBuilder`1.AsyncStateMachineBox`1.MoveNext()
   at System.Threading.Tasks.AwaitTaskContinuation.RunOrScheduleAction(IAsyncStateMachineBox box, Boolean allowInlining)
   at System.Threading.Tasks.Task.RunContinuations(Object continuationObject)
   at System.Threading.Tasks.Task`1.TrySetResult(TResult result)
   at System.Runtime.CompilerServices.AsyncTaskMethodBuilder`1.SetExistingTaskResult(Task`1 task, TResult result)
   at System.Runtime.CompilerServices.AsyncTaskMethodBuilder.SetResult()
   at MegaCrit.Sts2.Core.Saves.GodotFileIo.WriteFileAsync(String path, Byte[] bytes)
   at System.Runtime.CompilerServices.AsyncTaskMethodBuilder`1.AsyncStateMachineBox`1.ExecutionContextCallback(Object s)
   at System.Threading.ExecutionContext.RunInternal(ExecutionContext executionContext, ContextCallback callback, Object state)
   at System.Runtime.CompilerServices.AsyncTaskMethodBuilder`1.AsyncStateMachineBox`1.MoveNext(Thread threadPoolThread)
   at System.Runtime.CompilerServices.AsyncTaskMethodBuilder`1.AsyncStateMachineBox`1.MoveNext()
   at System.Threading.Tasks.AwaitTaskContinuation.RunOrScheduleAction(IAsyncStateMachineBox box, Boolean allowInlining)
   at System.Threading.Tasks.Task.RunContinuations(Object continuationObject)
   at System.Threading.Tasks.Task.ExecuteWithThreadLocal(Task& currentTaskSlot, Thread threadPoolThread)
   at System.Threading.ThreadPoolWorkQueue.Dispatch()
   at System.Threading.PortableThreadPool.WorkerThread.WorkerThreadStart()

[INFO] Wrote 65629 bytes to path=user://steam/76561199401820476/modded/profile1\saves\history/1780063833.run save_dir=user://steam/76561199401820476
[INFO] Deleting modded/profile1\saves\history/1776750842.run.backup because it does not exist on remote
[ERROR] Error deleting path modded/profile1\saves\history/1776750842.run.backup.backup: Failed
   at MegaCrit.Sts2.Core.Saves.GodotFileIo.DeleteFile(String path)
   at MegaCrit.Sts2.Core.Saves.CloudSaveStore.SyncCloudToLocalInternal(String path)
   at System.Runtime.CompilerServices.AsyncMethodBuilderCore.Start[TStateMachine](TStateMachine& stateMachine)
   at MegaCrit.Sts2.Core.Saves.CloudSaveStore.SyncCloudToLocalInternal(String path)
   at MegaCrit.Sts2.Core.Saves.CloudSaveStore.SyncCloudToLocal(String path)
   at System.Runtime.CompilerServices.AsyncMethodBuilderCore.Start[TStateMachine](TStateMachine& stateMachine)
   at MegaCrit.Sts2.Core.Saves.CloudSaveStore.SyncCloudToLocal(String path)
   at MegaCrit.Sts2.Core.Saves.CloudSaveStore.SyncCloudToLocalDirectory(String directoryPath)+MoveNext()
   at MegaCrit.Sts2.Core.Saves.SaveManager.EnumerateCloudSyncTasks(CloudSaveStore cloudStore)+MoveNext()
   at MegaCrit.Sts2.Core.Saves.SaveManager.SyncCloudToLocal()
   at System.Runtime.CompilerServices.AsyncTaskMethodBuilder`1.AsyncStateMachineBox`1.ExecutionContextCallback(Object s)
   at System.Threading.ExecutionContext.RunInternal(ExecutionContext executionContext, ContextCallback callback, Object state)
   at System.Runtime.CompilerServices.AsyncTaskMethodBuilder`1.AsyncStateMachineBox`1.MoveNext(Thread threadPoolThread)
   at System.Runtime.CompilerServices.AsyncTaskMethodBuilder`1.AsyncStateMachineBox`1.MoveNext()
   at System.Threading.Tasks.AwaitTaskContinuation.RunOrScheduleAction(IAsyncStateMachineBox box, Boolean allowInlining)
   at System.Threading.Tasks.Task.RunContinuations(Object continuationObject)
   at System.Threading.Tasks.Task.TrySetResult()
   at System.Threading.Tasks.Task.WhenAllPromise.Invoke(Task completedTask)
   at System.Threading.Tasks.Task.RunContinuations(Object continuationObject)
   at System.Threading.Tasks.Task`1.TrySetResult(TResult result)
   at System.Runtime.CompilerServices.AsyncTaskMethodBuilder`1.SetExistingTaskResult(Task`1 task, TResult result)
   at System.Runtime.CompilerServices.AsyncTaskMethodBuilder.SetResult()
   at MegaCrit.Sts2.Core.Saves.CloudSaveStore.SyncCloudToLocal(String path)
   at System.Runtime.CompilerServices.AsyncTaskMethodBuilder`1.AsyncStateMachineBox`1.ExecutionContextCallback(Object s)
   at System.Threading.ExecutionContext.RunInternal(ExecutionContext executionContext, ContextCallback callback, Object state)
   at System.Runtime.CompilerServices.AsyncTaskMethodBuilder`1.AsyncStateMachineBox`1.MoveNext(Thread threadPoolThread)
   at System.Runtime.CompilerServices.AsyncTaskMethodBuilder`1.AsyncStateMachineBox`1.MoveNext()
   at System.Threading.Tasks.AwaitTaskContinuation.RunOrScheduleAction(IAsyncStateMachineBox box, Boolean allowInlining)
   at System.Threading.Tasks.Task.RunContinuations(Object continuationObject)
   at System.Threading.Tasks.Task`1.TrySetResult(TResult result)
   at System.Runtime.CompilerServices.AsyncTaskMethodBuilder`1.SetExistingTaskResult(Task`1 task, TResult result)
   at System.Runtime.CompilerServices.AsyncTaskMethodBuilder.SetResult()
   at MegaCrit.Sts2.Core.Saves.CloudSaveStore.SyncCloudToLocalInternal(String path)
   at System.Runtime.CompilerServices.AsyncTaskMethodBuilder`1.AsyncStateMachineBox`1.ExecutionContextCallback(Object s)
   at System.Threading.ExecutionContext.RunInternal(ExecutionContext executionContext, ContextCallback callback, Object state)
   at System.Runtime.CompilerServices.AsyncTaskMethodBuilder`1.AsyncStateMachineBox`1.MoveNext(Thread threadPoolThread)
   at System.Runtime.CompilerServices.AsyncTaskMethodBuilder`1.AsyncStateMachineBox`1.MoveNext()
   at System.Threading.Tasks.AwaitTaskContinuation.RunOrScheduleAction(IAsyncStateMachineBox box, Boolean allowInlining)
   at System.Threading.Tasks.Task.RunContinuations(Object continuationObject)
   at System.Threading.Tasks.Task`1.TrySetResult(TResult result)
   at System.Runtime.CompilerServices.AsyncTaskMethodBuilder`1.SetExistingTaskResult(Task`1 task, TResult result)
   at System.Runtime.CompilerServices.AsyncTaskMethodBuilder.SetResult()
   at MegaCrit.Sts2.Core.Saves.GodotFileIo.WriteFileAsync(String path, Byte[] bytes)
   at System.Runtime.CompilerServices.AsyncTaskMethodBuilder`1.AsyncStateMachineBox`1.ExecutionContextCallback(Object s)
   at System.Threading.ExecutionContext.RunInternal(ExecutionContext executionContext, ContextCallback callback, Object state)
   at System.Runtime.CompilerServices.AsyncTaskMethodBuilder`1.AsyncStateMachineBox`1.MoveNext(Thread threadPoolThread)
   at System.Runtime.CompilerServices.AsyncTaskMethodBuilder`1.AsyncStateMachineBox`1.MoveNext()
   at System.Threading.Tasks.AwaitTaskContinuation.RunOrScheduleAction(IAsyncStateMachineBox box, Boolean allowInlining)
   at System.Threading.Tasks.Task.RunContinuations(Object continuationObject)
   at System.Threading.Tasks.Task.ExecuteWithThreadLocal(Task& currentTaskSlot, Thread threadPoolThread)
   at System.Threading.ThreadPoolWorkQueue.Dispatch()
   at System.Threading.PortableThreadPool.WorkerThread.WorkerThreadStart()

[INFO] Deleting modded/profile1\saves\history/1776753439.run.backup because it does not exist on remote
[ERROR] Error deleting path modded/profile1\saves\history/1776753439.run.backup.backup: Failed
   at MegaCrit.Sts2.Core.Saves.GodotFileIo.DeleteFile(String path)
   at MegaCrit.Sts2.Core.Saves.CloudSaveStore.SyncCloudToLocalInternal(String path)
   at System.Runtime.CompilerServices.AsyncMethodBuilderCore.Start[TStateMachine](TStateMachine& stateMachine)
   at MegaCrit.Sts2.Core.Saves.CloudSaveStore.SyncCloudToLocalInternal(String path)
   at MegaCrit.Sts2.Core.Saves.CloudSaveStore.SyncCloudToLocal(String path)
   at System.Runtime.CompilerServices.AsyncMethodBuilderCore.Start[TStateMachine](TStateMachine& stateMachine)
   at MegaCrit.Sts2.Core.Saves.CloudSaveStore.SyncCloudToLocal(String path)
   at MegaCrit.Sts2.Core.Saves.CloudSaveStore.SyncCloudToLocalDirectory(String directoryPath)+MoveNext()
   at MegaCrit.Sts2.Core.Saves.SaveManager.EnumerateCloudSyncTasks(CloudSaveStore cloudStore)+MoveNext()
   at MegaCrit.Sts2.Core.Saves.SaveManager.SyncCloudToLocal()
   at System.Runtime.CompilerServices.AsyncTaskMethodBuilder`1.AsyncStateMachineBox`1.ExecutionContextCallback(Object s)
   at System.Threading.ExecutionContext.RunInternal(ExecutionContext executionContext, ContextCallback callback, Object state)
   at System.Runtime.CompilerServices.AsyncTaskMethodBuilder`1.AsyncStateMachineBox`1.MoveNext(Thread threadPoolThread)
   at System.Runtime.CompilerServices.AsyncTaskMethodBuilder`1.AsyncStateMachineBox`1.MoveNext()
   at System.Threading.Tasks.AwaitTaskContinuation.RunOrScheduleAction(IAsyncStateMachineBox box, Boolean allowInlining)
   at System.Threading.Tasks.Task.RunContinuations(Object continuationObject)
   at System.Threading.Tasks.Task.TrySetResult()
   at System.Threading.Tasks.Task.WhenAllPromise.Invoke(Task completedTask)
   at System.Threading.Tasks.Task.RunContinuations(Object continuationObject)
   at System.Threading.Tasks.Task`1.TrySetResult(TResult result)
   at System.Runtime.CompilerServices.AsyncTaskMethodBuilder`1.SetExistingTaskResult(Task`1 task, TResult result)
   at System.Runtime.CompilerServices.AsyncTaskMethodBuilder.SetResult()
   at MegaCrit.Sts2.Core.Saves.CloudSaveStore.SyncCloudToLocal(String path)
   at System.Runtime.CompilerServices.AsyncTaskMethodBuilder`1.AsyncStateMachineBox`1.ExecutionContextCallback(Object s)
   at System.Threading.ExecutionContext.RunInternal(ExecutionContext executionContext, ContextCallback callback, Object state)
   at System.Runtime.CompilerServices.AsyncTaskMethodBuilder`1.AsyncStateMachineBox`1.MoveNext(Thread threadPoolThread)
   at System.Runtime.CompilerServices.AsyncTaskMethodBuilder`1.AsyncStateMachineBox`1.MoveNext()
   at System.Threading.Tasks.AwaitTaskContinuation.RunOrScheduleAction(IAsyncStateMachineBox box, Boolean allowInlining)
   at System.Threading.Tasks.Task.RunContinuations(Object continuationObject)
   at System.Threading.Tasks.Task`1.TrySetResult(TResult result)
   at System.Runtime.CompilerServices.AsyncTaskMethodBuilder`1.SetExistingTaskResult(Task`1 task, TResult result)
   at System.Runtime.CompilerServices.AsyncTaskMethodBuilder.SetResult()
   at MegaCrit.Sts2.Core.Saves.CloudSaveStore.SyncCloudToLocalInternal(String path)
   at System.Runtime.CompilerServices.AsyncTaskMethodBuilder`1.AsyncStateMachineBox`1.ExecutionContextCallback(Object s)
   at System.Threading.ExecutionContext.RunInternal(ExecutionContext executionContext, ContextCallback callback, Object state)
   at System.Runtime.CompilerServices.AsyncTaskMethodBuilder`1.AsyncStateMachineBox`1.MoveNext(Thread threadPoolThread)
   at System.Runtime.CompilerServices.AsyncTaskMethodBuilder`1.AsyncStateMachineBox`1.MoveNext()
   at System.Threading.Tasks.AwaitTaskContinuation.RunOrScheduleAction(IAsyncStateMachineBox box, Boolean allowInlining)
   at System.Threading.Tasks.Task.RunContinuations(Object continuationObject)
   at System.Threading.Tasks.Task`1.TrySetResult(TResult result)
   at System.Runtime.CompilerServices.AsyncTaskMethodBuilder`1.SetExistingTaskResult(Task`1 task, TResult result)
   at System.Runtime.CompilerServices.AsyncTaskMethodBuilder.SetResult()
   at MegaCrit.Sts2.Core.Saves.GodotFileIo.WriteFileAsync(String path, Byte[] bytes)
   at System.Runtime.CompilerServices.AsyncTaskMethodBuilder`1.AsyncStateMachineBox`1.ExecutionContextCallback(Object s)
   at System.Threading.ExecutionContext.RunInternal(ExecutionContext executionContext, ContextCallback callback, Object state)
   at System.Runtime.CompilerServices.AsyncTaskMethodBuilder`1.AsyncStateMachineBox`1.MoveNext(Thread threadPoolThread)
   at System.Runtime.CompilerServices.AsyncTaskMethodBuilder`1.AsyncStateMachineBox`1.MoveNext()
   at System.Threading.Tasks.AwaitTaskContinuation.RunOrScheduleAction(IAsyncStateMachineBox box, Boolean allowInlining)
   at System.Threading.Tasks.Task.RunContinuations(Object continuationObject)
   at System.Threading.Tasks.Task.ExecuteWithThreadLocal(Task& currentTaskSlot, Thread threadPoolThread)
   at System.Threading.ThreadPoolWorkQueue.Dispatch()
   at System.Threading.PortableThreadPool.WorkerThread.WorkerThreadStart()

[INFO] Deleting modded/profile1\saves\history/1776755267.run.backup because it does not exist on remote
[ERROR] Error deleting path modded/profile1\saves\history/1776755267.run.backup.backup: Failed
   at MegaCrit.Sts2.Core.Saves.GodotFileIo.DeleteFile(String path)
   at MegaCrit.Sts2.Core.Saves.CloudSaveStore.SyncCloudToLocalInternal(String path)
   at System.Runtime.CompilerServices.AsyncMethodBuilderCore.Start[TStateMachine](TStateMachine& stateMachine)
   at MegaCrit.Sts2.Core.Saves.CloudSaveStore.SyncCloudToLocalInternal(String path)
   at MegaCrit.Sts2.Core.Saves.CloudSaveStore.SyncCloudToLocal(String path)
   at System.Runtime.CompilerServices.AsyncMethodBuilderCore.Start[TStateMachine](TStateMachine& stateMachine)
   at MegaCrit.Sts2.Core.Saves.CloudSaveStore.SyncCloudToLocal(String path)
   at MegaCrit.Sts2.Core.Saves.CloudSaveStore.SyncCloudToLocalDirectory(String directoryPath)+MoveNext()
   at MegaCrit.Sts2.Core.Saves.SaveManager.EnumerateCloudSyncTasks(CloudSaveStore cloudStore)+MoveNext()
   at MegaCrit.Sts2.Core.Saves.SaveManager.SyncCloudToLocal()
   at System.Runtime.CompilerServices.AsyncTaskMethodBuilder`1.AsyncStateMachineBox`1.ExecutionContextCallback(Object s)
   at System.Threading.ExecutionContext.RunInternal(ExecutionContext executionContext, ContextCallback callback, Object state)
   at System.Runtime.CompilerServices.AsyncTaskMethodBuilder`1.AsyncStateMachineBox`1.MoveNext(Thread threadPoolThread)
   at System.Runtime.CompilerServices.AsyncTaskMethodBuilder`1.AsyncStateMachineBox`1.MoveNext()
   at System.Threading.Tasks.AwaitTaskContinuation.RunOrScheduleAction(IAsyncStateMachineBox box, Boolean allowInlining)
   at System.Threading.Tasks.Task.RunContinuations(Object continuationObject)
   at System.Threading.Tasks.Task.TrySetResult()
   at System.Threading.Tasks.Task.WhenAllPromise.Invoke(Task completedTask)
   at System.Threading.Tasks.Task.RunContinuations(Object continuationObject)
   at System.Threading.Tasks.Task`1.TrySetResult(TResult result)
   at System.Runtime.CompilerServices.AsyncTaskMethodBuilder`1.SetExistingTaskResult(Task`1 task, TResult result)
   at System.Runtime.CompilerServices.AsyncTaskMethodBuilder.SetResult()
   at MegaCrit.Sts2.Core.Saves.CloudSaveStore.SyncCloudToLocal(String path)
   at System.Runtime.CompilerServices.AsyncTaskMethodBuilder`1.AsyncStateMachineBox`1.ExecutionContextCallback(Object s)
   at System.Threading.ExecutionContext.RunInternal(ExecutionContext executionContext, ContextCallback callback, Object state)
   at System.Runtime.CompilerServices.AsyncTaskMethodBuilder`1.AsyncStateMachineBox`1.MoveNext(Thread threadPoolThread)
   at System.Runtime.CompilerServices.AsyncTaskMethodBuilder`1.AsyncStateMachineBox`1.MoveNext()
   at System.Threading.Tasks.AwaitTaskContinuation.RunOrScheduleAction(IAsyncStateMachineBox box, Boolean allowInlining)
   at System.Threading.Tasks.Task.RunContinuations(Object continuationObject)
   at System.Threading.Tasks.Task`1.TrySetResult(TResult result)
   at System.Runtime.CompilerServices.AsyncTaskMethodBuilder`1.SetExistingTaskResult(Task`1 task, TResult result)
   at System.Runtime.CompilerServices.AsyncTaskMethodBuilder.SetResult()
   at MegaCrit.Sts2.Core.Saves.CloudSaveStore.SyncCloudToLocalInternal(String path)
   at System.Runtime.CompilerServices.AsyncTaskMethodBuilder`1.AsyncStateMachineBox`1.ExecutionContextCallback(Object s)
   at System.Threading.ExecutionContext.RunInternal(ExecutionContext executionContext, ContextCallback callback, Object state)
   at System.Runtime.CompilerServices.AsyncTaskMethodBuilder`1.AsyncStateMachineBox`1.MoveNext(Thread threadPoolThread)
   at System.Runtime.CompilerServices.AsyncTaskMethodBuilder`1.AsyncStateMachineBox`1.MoveNext()
   at System.Threading.Tasks.AwaitTaskContinuation.RunOrScheduleAction(IAsyncStateMachineBox box, Boolean allowInlining)
   at System.Threading.Tasks.Task.RunContinuations(Object continuationObject)
   at System.Threading.Tasks.Task`1.TrySetResult(TResult result)
   at System.Runtime.CompilerServices.AsyncTaskMethodBuilder`1.SetExistingTaskResult(Task`1 task, TResult result)
   at System.Runtime.CompilerServices.AsyncTaskMethodBuilder.SetResult()
   at MegaCrit.Sts2.Core.Saves.GodotFileIo.WriteFileAsync(String path, Byte[] bytes)
   at System.Runtime.CompilerServices.AsyncTaskMethodBuilder`1.AsyncStateMachineBox`1.ExecutionContextCallback(Object s)
   at System.Threading.ExecutionContext.RunInternal(ExecutionContext executionContext, ContextCallback callback, Object state)
   at System.Runtime.CompilerServices.AsyncTaskMethodBuilder`1.AsyncStateMachineBox`1.MoveNext(Thread threadPoolThread)
   at System.Runtime.CompilerServices.AsyncTaskMethodBuilder`1.AsyncStateMachineBox`1.MoveNext()
   at System.Threading.Tasks.AwaitTaskContinuation.RunOrScheduleAction(IAsyncStateMachineBox box, Boolean allowInlining)
   at System.Threading.Tasks.Task.RunContinuations(Object continuationObject)
   at System.Threading.Tasks.Task.ExecuteWithThreadLocal(Task& currentTaskSlot, Thread threadPoolThread)
   at System.Threading.ThreadPoolWorkQueue.Dispatch()
   at System.Threading.PortableThreadPool.WorkerThread.WorkerThreadStart()

[INFO] Deleting modded/profile1\saves\history/1776756291.run.backup because it does not exist on remote
[ERROR] Error deleting path modded/profile1\saves\history/1776756291.run.backup.backup: Failed
   at MegaCrit.Sts2.Core.Saves.GodotFileIo.DeleteFile(String path)
   at MegaCrit.Sts2.Core.Saves.CloudSaveStore.SyncCloudToLocalInternal(String path)
   at System.Runtime.CompilerServices.AsyncMethodBuilderCore.Start[TStateMachine](TStateMachine& stateMachine)
   at MegaCrit.Sts2.Core.Saves.CloudSaveStore.SyncCloudToLocalInternal(String path)
   at MegaCrit.Sts2.Core.Saves.CloudSaveStore.SyncCloudToLocal(String path)
   at System.Runtime.CompilerServices.AsyncMethodBuilderCore.Start[TStateMachine](TStateMachine& stateMachine)
   at MegaCrit.Sts2.Core.Saves.CloudSaveStore.SyncCloudToLocal(String path)
   at MegaCrit.Sts2.Core.Saves.CloudSaveStore.SyncCloudToLocalDirectory(String directoryPath)+MoveNext()
   at MegaCrit.Sts2.Core.Saves.SaveManager.EnumerateCloudSyncTasks(CloudSaveStore cloudStore)+MoveNext()
   at MegaCrit.Sts2.Core.Saves.SaveManager.SyncCloudToLocal()
   at System.Runtime.CompilerServices.AsyncTaskMethodBuilder`1.AsyncStateMachineBox`1.ExecutionContextCallback(Object s)
   at System.Threading.ExecutionContext.RunInternal(ExecutionContext executionContext, ContextCallback callback, Object state)
   at System.Runtime.CompilerServices.AsyncTaskMethodBuilder`1.AsyncStateMachineBox`1.MoveNext(Thread threadPoolThread)
   at System.Runtime.CompilerServices.AsyncTaskMethodBuilder`1.AsyncStateMachineBox`1.MoveNext()
   at System.Threading.Tasks.AwaitTaskContinuation.RunOrScheduleAction(IAsyncStateMachineBox box, Boolean allowInlining)
   at System.Threading.Tasks.Task.RunContinuations(Object continuationObject)
   at System.Threading.Tasks.Task.TrySetResult()
   at System.Threading.Tasks.Task.WhenAllPromise.Invoke(Task completedTask)
   at System.Threading.Tasks.Task.RunContinuations(Object continuationObject)
   at System.Threading.Tasks.Task`1.TrySetResult(TResult result)
   at System.Runtime.CompilerServices.AsyncTaskMethodBuilder`1.SetExistingTaskResult(Task`1 task, TResult result)
   at System.Runtime.CompilerServices.AsyncTaskMethodBuilder.SetResult()
   at MegaCrit.Sts2.Core.Saves.CloudSaveStore.SyncCloudToLocal(String path)
   at System.Runtime.CompilerServices.AsyncTaskMethodBuilder`1.AsyncStateMachineBox`1.ExecutionContextCallback(Object s)
   at System.Threading.ExecutionContext.RunInternal(ExecutionContext executionContext, ContextCallback callback, Object state)
   at System.Runtime.CompilerServices.AsyncTaskMethodBuilder`1.AsyncStateMachineBox`1.MoveNext(Thread threadPoolThread)
   at System.Runtime.CompilerServices.AsyncTaskMethodBuilder`1.AsyncStateMachineBox`1.MoveNext()
   at System.Threading.Tasks.AwaitTaskContinuation.RunOrScheduleAction(IAsyncStateMachineBox box, Boolean allowInlining)
   at System.Threading.Tasks.Task.RunContinuations(Object continuationObject)
   at System.Threading.Tasks.Task`1.TrySetResult(TResult result)
   at System.Runtime.CompilerServices.AsyncTaskMethodBuilder`1.SetExistingTaskResult(Task`1 task, TResult result)
   at System.Runtime.CompilerServices.AsyncTaskMethodBuilder.SetResult()
   at MegaCrit.Sts2.Core.Saves.CloudSaveStore.SyncCloudToLocalInternal(String path)
   at System.Runtime.CompilerServices.AsyncTaskMethodBuilder`1.AsyncStateMachineBox`1.ExecutionContextCallback(Object s)
   at System.Threading.ExecutionContext.RunInternal(ExecutionContext executionContext, ContextCallback callback, Object state)
   at System.Runtime.CompilerServices.AsyncTaskMethodBuilder`1.AsyncStateMachineBox`1.MoveNext(Thread threadPoolThread)
   at System.Runtime.CompilerServices.AsyncTaskMethodBuilder`1.AsyncStateMachineBox`1.MoveNext()
   at System.Threading.Tasks.AwaitTaskContinuation.RunOrScheduleAction(IAsyncStateMachineBox box, Boolean allowInlining)
   at System.Threading.Tasks.Task.RunContinuations(Object continuationObject)
   at System.Threading.Tasks.Task`1.TrySetResult(TResult result)
   at System.Runtime.CompilerServices.AsyncTaskMethodBuilder`1.SetExistingTaskResult(Task`1 task, TResult result)
   at System.Runtime.CompilerServices.AsyncTaskMethodBuilder.SetResult()
   at MegaCrit.Sts2.Core.Saves.GodotFileIo.WriteFileAsync(String path, Byte[] bytes)
   at System.Runtime.CompilerServices.AsyncTaskMethodBuilder`1.AsyncStateMachineBox`1.ExecutionContextCallback(Object s)
   at System.Threading.ExecutionContext.RunInternal(ExecutionContext executionContext, ContextCallback callback, Object state)
   at System.Runtime.CompilerServices.AsyncTaskMethodBuilder`1.AsyncStateMachineBox`1.MoveNext(Thread threadPoolThread)
   at System.Runtime.CompilerServices.AsyncTaskMethodBuilder`1.AsyncStateMachineBox`1.MoveNext()
   at System.Threading.Tasks.AwaitTaskContinuation.RunOrScheduleAction(IAsyncStateMachineBox box, Boolean allowInlining)
   at System.Threading.Tasks.Task.RunContinuations(Object continuationObject)
   at System.Threading.Tasks.Task.ExecuteWithThreadLocal(Task& currentTaskSlot, Thread threadPoolThread)
   at System.Threading.ThreadPoolWorkQueue.Dispatch()
   at System.Threading.PortableThreadPool.WorkerThread.WorkerThreadStart()

[INFO] Deleting modded/profile1\saves\history/1776772820.run.backup because it does not exist on remote
[ERROR] Error deleting path modded/profile1\saves\history/1776772820.run.backup.backup: Failed
   at MegaCrit.Sts2.Core.Saves.GodotFileIo.DeleteFile(String path)
   at MegaCrit.Sts2.Core.Saves.CloudSaveStore.SyncCloudToLocalInternal(String path)
   at System.Runtime.CompilerServices.AsyncMethodBuilderCore.Start[TStateMachine](TStateMachine& stateMachine)
   at MegaCrit.Sts2.Core.Saves.CloudSaveStore.SyncCloudToLocalInternal(String path)
   at MegaCrit.Sts2.Core.Saves.CloudSaveStore.SyncCloudToLocal(String path)
   at System.Runtime.CompilerServices.AsyncMethodBuilderCore.Start[TStateMachine](TStateMachine& stateMachine)
   at MegaCrit.Sts2.Core.Saves.CloudSaveStore.SyncCloudToLocal(String path)
   at MegaCrit.Sts2.Core.Saves.CloudSaveStore.SyncCloudToLocalDirectory(String directoryPath)+MoveNext()
   at MegaCrit.Sts2.Core.Saves.SaveManager.EnumerateCloudSyncTasks(CloudSaveStore cloudStore)+MoveNext()
   at MegaCrit.Sts2.Core.Saves.SaveManager.SyncCloudToLocal()
   at System.Runtime.CompilerServices.AsyncTaskMethodBuilder`1.AsyncStateMachineBox`1.ExecutionContextCallback(Object s)
   at System.Threading.ExecutionContext.RunInternal(ExecutionContext executionContext, ContextCallback callback, Object state)
   at System.Runtime.CompilerServices.AsyncTaskMethodBuilder`1.AsyncStateMachineBox`1.MoveNext(Thread threadPoolThread)
   at System.Runtime.CompilerServices.AsyncTaskMethodBuilder`1.AsyncStateMachineBox`1.MoveNext()
   at System.Threading.Tasks.AwaitTaskContinuation.RunOrScheduleAction(IAsyncStateMachineBox box, Boolean allowInlining)
   at System.Threading.Tasks.Task.RunContinuations(Object continuationObject)
   at System.Threading.Tasks.Task.TrySetResult()
   at System.Threading.Tasks.Task.WhenAllPromise.Invoke(Task completedTask)
   at System.Threading.Tasks.Task.RunContinuations(Object continuationObject)
   at System.Threading.Tasks.Task`1.TrySetResult(TResult result)
   at System.Runtime.CompilerServices.AsyncTaskMethodBuilder`1.SetExistingTaskResult(Task`1 task, TResult result)
   at System.Runtime.CompilerServices.AsyncTaskMethodBuilder.SetResult()
   at MegaCrit.Sts2.Core.Saves.CloudSaveStore.SyncCloudToLocal(String path)
   at System.Runtime.CompilerServices.AsyncTaskMethodBuilder`1.AsyncStateMachineBox`1.ExecutionContextCallback(Object s)
   at System.Threading.ExecutionContext.RunInternal(ExecutionContext executionContext, ContextCallback callback, Object state)
   at System.Runtime.CompilerServices.AsyncTaskMethodBuilder`1.AsyncStateMachineBox`1.MoveNext(Thread threadPoolThread)
   at System.Runtime.CompilerServices.AsyncTaskMethodBuilder`1.AsyncStateMachineBox`1.MoveNext()
   at System.Threading.Tasks.AwaitTaskContinuation.RunOrScheduleAction(IAsyncStateMachineBox box, Boolean allowInlining)
   at System.Threading.Tasks.Task.RunContinuations(Object continuationObject)
   at System.Threading.Tasks.Task`1.TrySetResult(TResult result)
   at System.Runtime.CompilerServices.AsyncTaskMethodBuilder`1.SetExistingTaskResult(Task`1 task, TResult result)
   at System.Runtime.CompilerServices.AsyncTaskMethodBuilder.SetResult()
   at MegaCrit.Sts2.Core.Saves.CloudSaveStore.SyncCloudToLocalInternal(String path)
   at System.Runtime.CompilerServices.AsyncTaskMethodBuilder`1.AsyncStateMachineBox`1.ExecutionContextCallback(Object s)
   at System.Threading.ExecutionContext.RunInternal(ExecutionContext executionContext, ContextCallback callback, Object state)
   at System.Runtime.CompilerServices.AsyncTaskMethodBuilder`1.AsyncStateMachineBox`1.MoveNext(Thread threadPoolThread)
   at System.Runtime.CompilerServices.AsyncTaskMethodBuilder`1.AsyncStateMachineBox`1.MoveNext()
   at System.Threading.Tasks.AwaitTaskContinuation.RunOrScheduleAction(IAsyncStateMachineBox box, Boolean allowInlining)
   at System.Threading.Tasks.Task.RunContinuations(Object continuationObject)
   at System.Threading.Tasks.Task`1.TrySetResult(TResult result)
   at System.Runtime.CompilerServices.AsyncTaskMethodBuilder`1.SetExistingTaskResult(Task`1 task, TResult result)
   at System.Runtime.CompilerServices.AsyncTaskMethodBuilder.SetResult()
   at MegaCrit.Sts2.Core.Saves.GodotFileIo.WriteFileAsync(String path, Byte[] bytes)
   at System.Runtime.CompilerServices.AsyncTaskMethodBuilder`1.AsyncStateMachineBox`1.ExecutionContextCallback(Object s)
   at System.Threading.ExecutionContext.RunInternal(ExecutionContext executionContext, ContextCallback callback, Object state)
   at System.Runtime.CompilerServices.AsyncTaskMethodBuilder`1.AsyncStateMachineBox`1.MoveNext(Thread threadPoolThread)
   at System.Runtime.CompilerServices.AsyncTaskMethodBuilder`1.AsyncStateMachineBox`1.MoveNext()
   at System.Threading.Tasks.AwaitTaskContinuation.RunOrScheduleAction(IAsyncStateMachineBox box, Boolean allowInlining)
   at System.Threading.Tasks.Task.RunContinuations(Object continuationObject)
   at System.Threading.Tasks.Task.ExecuteWithThreadLocal(Task& currentTaskSlot, Thread threadPoolThread)
   at System.Threading.ThreadPoolWorkQueue.Dispatch()
   at System.Threading.PortableThreadPool.WorkerThread.WorkerThreadStart()

[INFO] Deleting modded/profile1\saves\history/1776813579.run.backup because it does not exist on remote
[ERROR] Error deleting path modded/profile1\saves\history/1776813579.run.backup.backup: Failed
   at MegaCrit.Sts2.Core.Saves.GodotFileIo.DeleteFile(String path)
   at MegaCrit.Sts2.Core.Saves.CloudSaveStore.SyncCloudToLocalInternal(String path)
   at System.Runtime.CompilerServices.AsyncMethodBuilderCore.Start[TStateMachine](TStateMachine& stateMachine)
   at MegaCrit.Sts2.Core.Saves.CloudSaveStore.SyncCloudToLocalInternal(String path)
   at MegaCrit.Sts2.Core.Saves.CloudSaveStore.SyncCloudToLocal(String path)
   at System.Runtime.CompilerServices.AsyncMethodBuilderCore.Start[TStateMachine](TStateMachine& stateMachine)
   at MegaCrit.Sts2.Core.Saves.CloudSaveStore.SyncCloudToLocal(String path)
   at MegaCrit.Sts2.Core.Saves.CloudSaveStore.SyncCloudToLocalDirectory(String directoryPath)+MoveNext()
   at MegaCrit.Sts2.Core.Saves.SaveManager.EnumerateCloudSyncTasks(CloudSaveStore cloudStore)+MoveNext()
   at MegaCrit.Sts2.Core.Saves.SaveManager.SyncCloudToLocal()
   at System.Runtime.CompilerServices.AsyncTaskMethodBuilder`1.AsyncStateMachineBox`1.ExecutionContextCallback(Object s)
   at System.Threading.ExecutionContext.RunInternal(ExecutionContext executionContext, ContextCallback callback, Object state)
   at System.Runtime.CompilerServices.AsyncTaskMethodBuilder`1.AsyncStateMachineBox`1.MoveNext(Thread threadPoolThread)
   at System.Runtime.CompilerServices.AsyncTaskMethodBuilder`1.AsyncStateMachineBox`1.MoveNext()
   at System.Threading.Tasks.AwaitTaskContinuation.RunOrScheduleAction(IAsyncStateMachineBox box, Boolean allowInlining)
   at System.Threading.Tasks.Task.RunContinuations(Object continuationObject)
   at System.Threading.Tasks.Task.TrySetResult()
   at System.Threading.Tasks.Task.WhenAllPromise.Invoke(Task completedTask)
   at System.Threading.Tasks.Task.RunContinuations(Object continuationObject)
   at System.Threading.Tasks.Task`1.TrySetResult(TResult result)
   at System.Runtime.CompilerServices.AsyncTaskMethodBuilder`1.SetExistingTaskResult(Task`1 task, TResult result)
   at System.Runtime.CompilerServices.AsyncTaskMethodBuilder.SetResult()
   at MegaCrit.Sts2.Core.Saves.CloudSaveStore.SyncCloudToLocal(String path)
   at System.Runtime.CompilerServices.AsyncTaskMethodBuilder`1.AsyncStateMachineBox`1.ExecutionContextCallback(Object s)
   at System.Threading.ExecutionContext.RunInternal(ExecutionContext executionContext, ContextCallback callback, Object state)
   at System.Runtime.CompilerServices.AsyncTaskMethodBuilder`1.AsyncStateMachineBox`1.MoveNext(Thread threadPoolThread)
   at System.Runtime.CompilerServices.AsyncTaskMethodBuilder`1.AsyncStateMachineBox`1.MoveNext()
   at System.Threading.Tasks.AwaitTaskContinuation.RunOrScheduleAction(IAsyncStateMachineBox box, Boolean allowInlining)
   at System.Threading.Tasks.Task.RunContinuations(Object continuationObject)
   at System.Threading.Tasks.Task`1.TrySetResult(TResult result)
   at System.Runtime.CompilerServices.AsyncTaskMethodBuilder`1.SetExistingTaskResult(Task`1 task, TResult result)
   at System.Runtime.CompilerServices.AsyncTaskMethodBuilder.SetResult()
   at MegaCrit.Sts2.Core.Saves.CloudSaveStore.SyncCloudToLocalInternal(String path)
   at System.Runtime.CompilerServices.AsyncTaskMethodBuilder`1.AsyncStateMachineBox`1.ExecutionContextCallback(Object s)
   at System.Threading.ExecutionContext.RunInternal(ExecutionContext executionContext, ContextCallback callback, Object state)
   at System.Runtime.CompilerServices.AsyncTaskMethodBuilder`1.AsyncStateMachineBox`1.MoveNext(Thread threadPoolThread)
   at System.Runtime.CompilerServices.AsyncTaskMethodBuilder`1.AsyncStateMachineBox`1.MoveNext()
   at System.Threading.Tasks.AwaitTaskContinuation.RunOrScheduleAction(IAsyncStateMachineBox box, Boolean allowInlining)
   at System.Threading.Tasks.Task.RunContinuations(Object continuationObject)
   at System.Threading.Tasks.Task`1.TrySetResult(TResult result)
   at System.Runtime.CompilerServices.AsyncTaskMethodBuilder`1.SetExistingTaskResult(Task`1 task, TResult result)
   at System.Runtime.CompilerServices.AsyncTaskMethodBuilder.SetResult()
   at MegaCrit.Sts2.Core.Saves.GodotFileIo.WriteFileAsync(String path, Byte[] bytes)
   at System.Runtime.CompilerServices.AsyncTaskMethodBuilder`1.AsyncStateMachineBox`1.ExecutionContextCallback(Object s)
   at System.Threading.ExecutionContext.RunInternal(ExecutionContext executionContext, ContextCallback callback, Object state)
   at System.Runtime.CompilerServices.AsyncTaskMethodBuilder`1.AsyncStateMachineBox`1.MoveNext(Thread threadPoolThread)
   at System.Runtime.CompilerServices.AsyncTaskMethodBuilder`1.AsyncStateMachineBox`1.MoveNext()
   at System.Threading.Tasks.AwaitTaskContinuation.RunOrScheduleAction(IAsyncStateMachineBox box, Boolean allowInlining)
   at System.Threading.Tasks.Task.RunContinuations(Object continuationObject)
   at System.Threading.Tasks.Task.ExecuteWithThreadLocal(Task& currentTaskSlot, Thread threadPoolThread)
   at System.Threading.ThreadPoolWorkQueue.Dispatch()
   at System.Threading.PortableThreadPool.WorkerThread.WorkerThreadStart()

[INFO] Deleting modded/profile1\saves\history/1776814146.run.backup because it does not exist on remote
[ERROR] Error deleting path modded/profile1\saves\history/1776814146.run.backup.backup: Failed
   at MegaCrit.Sts2.Core.Saves.GodotFileIo.DeleteFile(String path)
   at MegaCrit.Sts2.Core.Saves.CloudSaveStore.SyncCloudToLocalInternal(String path)
   at System.Runtime.CompilerServices.AsyncMethodBuilderCore.Start[TStateMachine](TStateMachine& stateMachine)
   at MegaCrit.Sts2.Core.Saves.CloudSaveStore.SyncCloudToLocalInternal(String path)
   at MegaCrit.Sts2.Core.Saves.CloudSaveStore.SyncCloudToLocal(String path)
   at System.Runtime.CompilerServices.AsyncMethodBuilderCore.Start[TStateMachine](TStateMachine& stateMachine)
   at MegaCrit.Sts2.Core.Saves.CloudSaveStore.SyncCloudToLocal(String path)
   at MegaCrit.Sts2.Core.Saves.CloudSaveStore.SyncCloudToLocalDirectory(String directoryPath)+MoveNext()
   at MegaCrit.Sts2.Core.Saves.SaveManager.EnumerateCloudSyncTasks(CloudSaveStore cloudStore)+MoveNext()
   at MegaCrit.Sts2.Core.Saves.SaveManager.SyncCloudToLocal()
   at System.Runtime.CompilerServices.AsyncTaskMethodBuilder`1.AsyncStateMachineBox`1.ExecutionContextCallback(Object s)
   at System.Threading.ExecutionContext.RunInternal(ExecutionContext executionContext, ContextCallback callback, Object state)
   at System.Runtime.CompilerServices.AsyncTaskMethodBuilder`1.AsyncStateMachineBox`1.MoveNext(Thread threadPoolThread)
   at System.Runtime.CompilerServices.AsyncTaskMethodBuilder`1.AsyncStateMachineBox`1.MoveNext()
   at System.Threading.Tasks.AwaitTaskContinuation.RunOrScheduleAction(IAsyncStateMachineBox box, Boolean allowInlining)
   at System.Threading.Tasks.Task.RunContinuations(Object continuationObject)
   at System.Threading.Tasks.Task.TrySetResult()
   at System.Threading.Tasks.Task.WhenAllPromise.Invoke(Task completedTask)
   at System.Threading.Tasks.Task.RunContinuations(Object continuationObject)
   at System.Threading.Tasks.Task`1.TrySetResult(TResult result)
   at System.Runtime.CompilerServices.AsyncTaskMethodBuilder`1.SetExistingTaskResult(Task`1 task, TResult result)
   at System.Runtime.CompilerServices.AsyncTaskMethodBuilder.SetResult()
   at MegaCrit.Sts2.Core.Saves.CloudSaveStore.SyncCloudToLocal(String path)
   at System.Runtime.CompilerServices.AsyncTaskMethodBuilder`1.AsyncStateMachineBox`1.ExecutionContextCallback(Object s)
   at System.Threading.ExecutionContext.RunInternal(ExecutionContext executionContext, ContextCallback callback, Object state)
   at System.Runtime.CompilerServices.AsyncTaskMethodBuilder`1.AsyncStateMachineBox`1.MoveNext(Thread threadPoolThread)
   at System.Runtime.CompilerServices.AsyncTaskMethodBuilder`1.AsyncStateMachineBox`1.MoveNext()
   at System.Threading.Tasks.AwaitTaskContinuation.RunOrScheduleAction(IAsyncStateMachineBox box, Boolean allowInlining)
   at System.Threading.Tasks.Task.RunContinuations(Object continuationObject)
   at System.Threading.Tasks.Task`1.TrySetResult(TResult result)
   at System.Runtime.CompilerServices.AsyncTaskMethodBuilder`1.SetExistingTaskResult(Task`1 task, TResult result)
   at System.Runtime.CompilerServices.AsyncTaskMethodBuilder.SetResult()
   at MegaCrit.Sts2.Core.Saves.CloudSaveStore.SyncCloudToLocalInternal(String path)
   at System.Runtime.CompilerServices.AsyncTaskMethodBuilder`1.AsyncStateMachineBox`1.ExecutionContextCallback(Object s)
   at System.Threading.ExecutionContext.RunInternal(ExecutionContext executionContext, ContextCallback callback, Object state)
   at System.Runtime.CompilerServices.AsyncTaskMethodBuilder`1.AsyncStateMachineBox`1.MoveNext(Thread threadPoolThread)
   at System.Runtime.CompilerServices.AsyncTaskMethodBuilder`1.AsyncStateMachineBox`1.MoveNext()
   at System.Threading.Tasks.AwaitTaskContinuation.RunOrScheduleAction(IAsyncStateMachineBox box, Boolean allowInlining)
   at System.Threading.Tasks.Task.RunContinuations(Object continuationObject)
   at System.Threading.Tasks.Task`1.TrySetResult(TResult result)
   at System.Runtime.CompilerServices.AsyncTaskMethodBuilder`1.SetExistingTaskResult(Task`1 task, TResult result)
   at System.Runtime.CompilerServices.AsyncTaskMethodBuilder.SetResult()
   at MegaCrit.Sts2.Core.Saves.GodotFileIo.WriteFileAsync(String path, Byte[] bytes)
   at System.Runtime.CompilerServices.AsyncTaskMethodBuilder`1.AsyncStateMachineBox`1.ExecutionContextCallback(Object s)
   at System.Threading.ExecutionContext.RunInternal(ExecutionContext executionContext, ContextCallback callback, Object state)
   at System.Runtime.CompilerServices.AsyncTaskMethodBuilder`1.AsyncStateMachineBox`1.MoveNext(Thread threadPoolThread)
   at System.Runtime.CompilerServices.AsyncTaskMethodBuilder`1.AsyncStateMachineBox`1.MoveNext()
   at System.Threading.Tasks.AwaitTaskContinuation.RunOrScheduleAction(IAsyncStateMachineBox box, Boolean allowInlining)
   at System.Threading.Tasks.Task.RunContinuations(Object continuationObject)
   at System.Threading.Tasks.Task.ExecuteWithThreadLocal(Task& currentTaskSlot, Thread threadPoolThread)
   at System.Threading.ThreadPoolWorkQueue.Dispatch()
   at System.Threading.PortableThreadPool.WorkerThread.WorkerThreadStart()

[INFO] Deleting modded/profile1\saves\history/1776814849.run.backup because it does not exist on remote
[ERROR] Error deleting path modded/profile1\saves\history/1776814849.run.backup.backup: Failed
   at MegaCrit.Sts2.Core.Saves.GodotFileIo.DeleteFile(String path)
   at MegaCrit.Sts2.Core.Saves.CloudSaveStore.SyncCloudToLocalInternal(String path)
   at System.Runtime.CompilerServices.AsyncMethodBuilderCore.Start[TStateMachine](TStateMachine& stateMachine)
   at MegaCrit.Sts2.Core.Saves.CloudSaveStore.SyncCloudToLocalInternal(String path)
   at MegaCrit.Sts2.Core.Saves.CloudSaveStore.SyncCloudToLocal(String path)
   at System.Runtime.CompilerServices.AsyncMethodBuilderCore.Start[TStateMachine](TStateMachine& stateMachine)
   at MegaCrit.Sts2.Core.Saves.CloudSaveStore.SyncCloudToLocal(String path)
   at MegaCrit.Sts2.Core.Saves.CloudSaveStore.SyncCloudToLocalDirectory(String directoryPath)+MoveNext()
   at MegaCrit.Sts2.Core.Saves.SaveManager.EnumerateCloudSyncTasks(CloudSaveStore cloudStore)+MoveNext()
   at MegaCrit.Sts2.Core.Saves.SaveManager.SyncCloudToLocal()
   at System.Runtime.CompilerServices.AsyncTaskMethodBuilder`1.AsyncStateMachineBox`1.ExecutionContextCallback(Object s)
   at System.Threading.ExecutionContext.RunInternal(ExecutionContext executionContext, ContextCallback callback, Object state)
   at System.Runtime.CompilerServices.AsyncTaskMethodBuilder`1.AsyncStateMachineBox`1.MoveNext(Thread threadPoolThread)
   at System.Runtime.CompilerServices.AsyncTaskMethodBuilder`1.AsyncStateMachineBox`1.MoveNext()
   at System.Threading.Tasks.AwaitTaskContinuation.RunOrScheduleAction(IAsyncStateMachineBox box, Boolean allowInlining)
   at System.Threading.Tasks.Task.RunContinuations(Object continuationObject)
   at System.Threading.Tasks.Task.TrySetResult()
   at System.Threading.Tasks.Task.WhenAllPromise.Invoke(Task completedTask)
   at System.Threading.Tasks.Task.RunContinuations(Object continuationObject)
   at System.Threading.Tasks.Task`1.TrySetResult(TResult result)
   at System.Runtime.CompilerServices.AsyncTaskMethodBuilder`1.SetExistingTaskResult(Task`1 task, TResult result)
   at System.Runtime.CompilerServices.AsyncTaskMethodBuilder.SetResult()
   at MegaCrit.Sts2.Core.Saves.CloudSaveStore.SyncCloudToLocal(String path)
   at System.Runtime.CompilerServices.AsyncTaskMethodBuilder`1.AsyncStateMachineBox`1.ExecutionContextCallback(Object s)
   at System.Threading.ExecutionContext.RunInternal(ExecutionContext executionContext, ContextCallback callback, Object state)
   at System.Runtime.CompilerServices.AsyncTaskMethodBuilder`1.AsyncStateMachineBox`1.MoveNext(Thread threadPoolThread)
   at System.Runtime.CompilerServices.AsyncTaskMethodBuilder`1.AsyncStateMachineBox`1.MoveNext()
   at System.Threading.Tasks.AwaitTaskContinuation.RunOrScheduleAction(IAsyncStateMachineBox box, Boolean allowInlining)
   at System.Threading.Tasks.Task.RunContinuations(Object continuationObject)
   at System.Threading.Tasks.Task`1.TrySetResult(TResult result)
   at System.Runtime.CompilerServices.AsyncTaskMethodBuilder`1.SetExistingTaskResult(Task`1 task, TResult result)
   at System.Runtime.CompilerServices.AsyncTaskMethodBuilder.SetResult()
   at MegaCrit.Sts2.Core.Saves.CloudSaveStore.SyncCloudToLocalInternal(String path)
   at System.Runtime.CompilerServices.AsyncTaskMethodBuilder`1.AsyncStateMachineBox`1.ExecutionContextCallback(Object s)
   at System.Threading.ExecutionContext.RunInternal(ExecutionContext executionContext, ContextCallback callback, Object state)
   at System.Runtime.CompilerServices.AsyncTaskMethodBuilder`1.AsyncStateMachineBox`1.MoveNext(Thread threadPoolThread)
   at System.Runtime.CompilerServices.AsyncTaskMethodBuilder`1.AsyncStateMachineBox`1.MoveNext()
   at System.Threading.Tasks.AwaitTaskContinuation.RunOrScheduleAction(IAsyncStateMachineBox box, Boolean allowInlining)
   at System.Threading.Tasks.Task.RunContinuations(Object continuationObject)
   at System.Threading.Tasks.Task`1.TrySetResult(TResult result)
   at System.Runtime.CompilerServices.AsyncTaskMethodBuilder`1.SetExistingTaskResult(Task`1 task, TResult result)
   at System.Runtime.CompilerServices.AsyncTaskMethodBuilder.SetResult()
   at MegaCrit.Sts2.Core.Saves.GodotFileIo.WriteFileAsync(String path, Byte[] bytes)
   at System.Runtime.CompilerServices.AsyncTaskMethodBuilder`1.AsyncStateMachineBox`1.ExecutionContextCallback(Object s)
   at System.Threading.ExecutionContext.RunInternal(ExecutionContext executionContext, ContextCallback callback, Object state)
   at System.Runtime.CompilerServices.AsyncTaskMethodBuilder`1.AsyncStateMachineBox`1.MoveNext(Thread threadPoolThread)
   at System.Runtime.CompilerServices.AsyncTaskMethodBuilder`1.AsyncStateMachineBox`1.MoveNext()
   at System.Threading.Tasks.AwaitTaskContinuation.RunOrScheduleAction(IAsyncStateMachineBox box, Boolean allowInlining)
   at System.Threading.Tasks.Task.RunContinuations(Object continuationObject)
   at System.Threading.Tasks.Task.ExecuteWithThreadLocal(Task& currentTaskSlot, Thread threadPoolThread)
   at System.Threading.ThreadPoolWorkQueue.Dispatch()
   at System.Threading.PortableThreadPool.WorkerThread.WorkerThreadStart()

[INFO] Deleting modded/profile1\saves\history/1776845802.run.backup because it does not exist on remote
[ERROR] Error deleting path modded/profile1\saves\history/1776845802.run.backup.backup: Failed
   at MegaCrit.Sts2.Core.Saves.GodotFileIo.DeleteFile(String path)
   at MegaCrit.Sts2.Core.Saves.CloudSaveStore.SyncCloudToLocalInternal(String path)
   at System.Runtime.CompilerServices.AsyncMethodBuilderCore.Start[TStateMachine](TStateMachine& stateMachine)
   at MegaCrit.Sts2.Core.Saves.CloudSaveStore.SyncCloudToLocalInternal(String path)
   at MegaCrit.Sts2.Core.Saves.CloudSaveStore.SyncCloudToLocal(String path)
   at System.Runtime.CompilerServices.AsyncMethodBuilderCore.Start[TStateMachine](TStateMachine& stateMachine)
   at MegaCrit.Sts2.Core.Saves.CloudSaveStore.SyncCloudToLocal(String path)
   at MegaCrit.Sts2.Core.Saves.CloudSaveStore.SyncCloudToLocalDirectory(String directoryPath)+MoveNext()
   at MegaCrit.Sts2.Core.Saves.SaveManager.EnumerateCloudSyncTasks(CloudSaveStore cloudStore)+MoveNext()
   at MegaCrit.Sts2.Core.Saves.SaveManager.SyncCloudToLocal()
   at System.Runtime.CompilerServices.AsyncTaskMethodBuilder`1.AsyncStateMachineBox`1.ExecutionContextCallback(Object s)
   at System.Threading.ExecutionContext.RunInternal(ExecutionContext executionContext, ContextCallback callback, Object state)
   at System.Runtime.CompilerServices.AsyncTaskMethodBuilder`1.AsyncStateMachineBox`1.MoveNext(Thread threadPoolThread)
   at System.Runtime.CompilerServices.AsyncTaskMethodBuilder`1.AsyncStateMachineBox`1.MoveNext()
   at System.Threading.Tasks.AwaitTaskContinuation.RunOrScheduleAction(IAsyncStateMachineBox box, Boolean allowInlining)
   at System.Threading.Tasks.Task.RunContinuations(Object continuationObject)
   at System.Threading.Tasks.Task.TrySetResult()
   at System.Threading.Tasks.Task.WhenAllPromise.Invoke(Task completedTask)
   at System.Threading.Tasks.Task.RunContinuations(Object continuationObject)
   at System.Threading.Tasks.Task`1.TrySetResult(TResult result)
   at System.Runtime.CompilerServices.AsyncTaskMethodBuilder`1.SetExistingTaskResult(Task`1 task, TResult result)
   at System.Runtime.CompilerServices.AsyncTaskMethodBuilder.SetResult()
   at MegaCrit.Sts2.Core.Saves.CloudSaveStore.SyncCloudToLocal(String path)
   at System.Runtime.CompilerServices.AsyncTaskMethodBuilder`1.AsyncStateMachineBox`1.ExecutionContextCallback(Object s)
   at System.Threading.ExecutionContext.RunInternal(ExecutionContext executionContext, ContextCallback callback, Object state)
   at System.Runtime.CompilerServices.AsyncTaskMethodBuilder`1.AsyncStateMachineBox`1.MoveNext(Thread threadPoolThread)
   at System.Runtime.CompilerServices.AsyncTaskMethodBuilder`1.AsyncStateMachineBox`1.MoveNext()
   at System.Threading.Tasks.AwaitTaskContinuation.RunOrScheduleAction(IAsyncStateMachineBox box, Boolean allowInlining)
   at System.Threading.Tasks.Task.RunContinuations(Object continuationObject)
   at System.Threading.Tasks.Task`1.TrySetResult(TResult result)
   at System.Runtime.CompilerServices.AsyncTaskMethodBuilder`1.SetExistingTaskResult(Task`1 task, TResult result)
   at System.Runtime.CompilerServices.AsyncTaskMethodBuilder.SetResult()
   at MegaCrit.Sts2.Core.Saves.CloudSaveStore.SyncCloudToLocalInternal(String path)
   at System.Runtime.CompilerServices.AsyncTaskMethodBuilder`1.AsyncStateMachineBox`1.ExecutionContextCallback(Object s)
   at System.Threading.ExecutionContext.RunInternal(ExecutionContext executionContext, ContextCallback callback, Object state)
   at System.Runtime.CompilerServices.AsyncTaskMethodBuilder`1.AsyncStateMachineBox`1.MoveNext(Thread threadPoolThread)
   at System.Runtime.CompilerServices.AsyncTaskMethodBuilder`1.AsyncStateMachineBox`1.MoveNext()
   at System.Threading.Tasks.AwaitTaskContinuation.RunOrScheduleAction(IAsyncStateMachineBox box, Boolean allowInlining)
   at System.Threading.Tasks.Task.RunContinuations(Object continuationObject)
   at System.Threading.Tasks.Task`1.TrySetResult(TResult result)
   at System.Runtime.CompilerServices.AsyncTaskMethodBuilder`1.SetExistingTaskResult(Task`1 task, TResult result)
   at System.Runtime.CompilerServices.AsyncTaskMethodBuilder.SetResult()
   at MegaCrit.Sts2.Core.Saves.GodotFileIo.WriteFileAsync(String path, Byte[] bytes)
   at System.Runtime.CompilerServices.AsyncTaskMethodBuilder`1.AsyncStateMachineBox`1.ExecutionContextCallback(Object s)
   at System.Threading.ExecutionContext.RunInternal(ExecutionContext executionContext, ContextCallback callback, Object state)
   at System.Runtime.CompilerServices.AsyncTaskMethodBuilder`1.AsyncStateMachineBox`1.MoveNext(Thread threadPoolThread)
   at System.Runtime.CompilerServices.AsyncTaskMethodBuilder`1.AsyncStateMachineBox`1.MoveNext()
   at System.Threading.Tasks.AwaitTaskContinuation.RunOrScheduleAction(IAsyncStateMachineBox box, Boolean allowInlining)
   at System.Threading.Tasks.Task.RunContinuations(Object continuationObject)
   at System.Threading.Tasks.Task.ExecuteWithThreadLocal(Task& currentTaskSlot, Thread threadPoolThread)
   at System.Threading.ThreadPoolWorkQueue.Dispatch()
   at System.Threading.PortableThreadPool.WorkerThread.WorkerThreadStart()

[INFO] Deleting modded/profile1\saves\history/1776846245.run.backup because it does not exist on remote
[ERROR] Error deleting path modded/profile1\saves\history/1776846245.run.backup.backup: Failed
   at MegaCrit.Sts2.Core.Saves.GodotFileIo.DeleteFile(String path)
   at MegaCrit.Sts2.Core.Saves.CloudSaveStore.SyncCloudToLocalInternal(String path)
   at System.Runtime.CompilerServices.AsyncMethodBuilderCore.Start[TStateMachine](TStateMachine& stateMachine)
   at MegaCrit.Sts2.Core.Saves.CloudSaveStore.SyncCloudToLocalInternal(String path)
   at MegaCrit.Sts2.Core.Saves.CloudSaveStore.SyncCloudToLocal(String path)
   at System.Runtime.CompilerServices.AsyncMethodBuilderCore.Start[TStateMachine](TStateMachine& stateMachine)
   at MegaCrit.Sts2.Core.Saves.CloudSaveStore.SyncCloudToLocal(String path)
   at MegaCrit.Sts2.Core.Saves.CloudSaveStore.SyncCloudToLocalDirectory(String directoryPath)+MoveNext()
   at MegaCrit.Sts2.Core.Saves.SaveManager.EnumerateCloudSyncTasks(CloudSaveStore cloudStore)+MoveNext()
   at MegaCrit.Sts2.Core.Saves.SaveManager.SyncCloudToLocal()
   at System.Runtime.CompilerServices.AsyncTaskMethodBuilder`1.AsyncStateMachineBox`1.ExecutionContextCallback(Object s)
   at System.Threading.ExecutionContext.RunInternal(ExecutionContext executionContext, ContextCallback callback, Object state)
   at System.Runtime.CompilerServices.AsyncTaskMethodBuilder`1.AsyncStateMachineBox`1.MoveNext(Thread threadPoolThread)
   at System.Runtime.CompilerServices.AsyncTaskMethodBuilder`1.AsyncStateMachineBox`1.MoveNext()
   at System.Threading.Tasks.AwaitTaskContinuation.RunOrScheduleAction(IAsyncStateMachineBox box, Boolean allowInlining)
   at System.Threading.Tasks.Task.RunContinuations(Object continuationObject)
   at System.Threading.Tasks.Task.TrySetResult()
   at System.Threading.Tasks.Task.WhenAllPromise.Invoke(Task completedTask)
   at System.Threading.Tasks.Task.RunContinuations(Object continuationObject)
   at System.Threading.Tasks.Task`1.TrySetResult(TResult result)
   at System.Runtime.CompilerServices.AsyncTaskMethodBuilder`1.SetExistingTaskResult(Task`1 task, TResult result)
   at System.Runtime.CompilerServices.AsyncTaskMethodBuilder.SetResult()
   at MegaCrit.Sts2.Core.Saves.CloudSaveStore.SyncCloudToLocal(String path)
   at System.Runtime.CompilerServices.AsyncTaskMethodBuilder`1.AsyncStateMachineBox`1.ExecutionContextCallback(Object s)
   at System.Threading.ExecutionContext.RunInternal(ExecutionContext executionContext, ContextCallback callback, Object state)
   at System.Runtime.CompilerServices.AsyncTaskMethodBuilder`1.AsyncStateMachineBox`1.MoveNext(Thread threadPoolThread)
   at System.Runtime.CompilerServices.AsyncTaskMethodBuilder`1.AsyncStateMachineBox`1.MoveNext()
   at System.Threading.Tasks.AwaitTaskContinuation.RunOrScheduleAction(IAsyncStateMachineBox box, Boolean allowInlining)
   at System.Threading.Tasks.Task.RunContinuations(Object continuationObject)
   at System.Threading.Tasks.Task`1.TrySetResult(TResult result)
   at System.Runtime.CompilerServices.AsyncTaskMethodBuilder`1.SetExistingTaskResult(Task`1 task, TResult result)
   at System.Runtime.CompilerServices.AsyncTaskMethodBuilder.SetResult()
   at MegaCrit.Sts2.Core.Saves.CloudSaveStore.SyncCloudToLocalInternal(String path)
   at System.Runtime.CompilerServices.AsyncTaskMethodBuilder`1.AsyncStateMachineBox`1.ExecutionContextCallback(Object s)
   at System.Threading.ExecutionContext.RunInternal(ExecutionContext executionContext, ContextCallback callback, Object state)
   at System.Runtime.CompilerServices.AsyncTaskMethodBuilder`1.AsyncStateMachineBox`1.MoveNext(Thread threadPoolThread)
   at System.Runtime.CompilerServices.AsyncTaskMethodBuilder`1.AsyncStateMachineBox`1.MoveNext()
   at System.Threading.Tasks.AwaitTaskContinuation.RunOrScheduleAction(IAsyncStateMachineBox box, Boolean allowInlining)
   at System.Threading.Tasks.Task.RunContinuations(Object continuationObject)
   at System.Threading.Tasks.Task`1.TrySetResult(TResult result)
   at System.Runtime.CompilerServices.AsyncTaskMethodBuilder`1.SetExistingTaskResult(Task`1 task, TResult result)
   at System.Runtime.CompilerServices.AsyncTaskMethodBuilder.SetResult()
   at MegaCrit.Sts2.Core.Saves.GodotFileIo.WriteFileAsync(String path, Byte[] bytes)
   at System.Runtime.CompilerServices.AsyncTaskMethodBuilder`1.AsyncStateMachineBox`1.ExecutionContextCallback(Object s)
   at System.Threading.ExecutionContext.RunInternal(ExecutionContext executionContext, ContextCallback callback, Object state)
   at System.Runtime.CompilerServices.AsyncTaskMethodBuilder`1.AsyncStateMachineBox`1.MoveNext(Thread threadPoolThread)
   at System.Runtime.CompilerServices.AsyncTaskMethodBuilder`1.AsyncStateMachineBox`1.MoveNext()
   at System.Threading.Tasks.AwaitTaskContinuation.RunOrScheduleAction(IAsyncStateMachineBox box, Boolean allowInlining)
   at System.Threading.Tasks.Task.RunContinuations(Object continuationObject)
   at System.Threading.Tasks.Task.ExecuteWithThreadLocal(Task& currentTaskSlot, Thread threadPoolThread)
   at System.Threading.ThreadPoolWorkQueue.Dispatch()
   at System.Threading.PortableThreadPool.WorkerThread.WorkerThreadStart()

[INFO] Deleting modded/profile1\saves\history/1776849432.run.backup because it does not exist on remote
[ERROR] Error deleting path modded/profile1\saves\history/1776849432.run.backup.backup: Failed
   at MegaCrit.Sts2.Core.Saves.GodotFileIo.DeleteFile(String path)
   at MegaCrit.Sts2.Core.Saves.CloudSaveStore.SyncCloudToLocalInternal(String path)
   at System.Runtime.CompilerServices.AsyncMethodBuilderCore.Start[TStateMachine](TStateMachine& stateMachine)
   at MegaCrit.Sts2.Core.Saves.CloudSaveStore.SyncCloudToLocalInternal(String path)
   at MegaCrit.Sts2.Core.Saves.CloudSaveStore.SyncCloudToLocal(String path)
   at System.Runtime.CompilerServices.AsyncMethodBuilderCore.Start[TStateMachine](TStateMachine& stateMachine)
   at MegaCrit.Sts2.Core.Saves.CloudSaveStore.SyncCloudToLocal(String path)
   at MegaCrit.Sts2.Core.Saves.CloudSaveStore.SyncCloudToLocalDirectory(String directoryPath)+MoveNext()
   at MegaCrit.Sts2.Core.Saves.SaveManager.EnumerateCloudSyncTasks(CloudSaveStore cloudStore)+MoveNext()
   at MegaCrit.Sts2.Core.Saves.SaveManager.SyncCloudToLocal()
   at System.Runtime.CompilerServices.AsyncTaskMethodBuilder`1.AsyncStateMachineBox`1.ExecutionContextCallback(Object s)
   at System.Threading.ExecutionContext.RunInternal(ExecutionContext executionContext, ContextCallback callback, Object state)
   at System.Runtime.CompilerServices.AsyncTaskMethodBuilder`1.AsyncStateMachineBox`1.MoveNext(Thread threadPoolThread)
   at System.Runtime.CompilerServices.AsyncTaskMethodBuilder`1.AsyncStateMachineBox`1.MoveNext()
   at System.Threading.Tasks.AwaitTaskContinuation.RunOrScheduleAction(IAsyncStateMachineBox box, Boolean allowInlining)
   at System.Threading.Tasks.Task.RunContinuations(Object continuationObject)
   at System.Threading.Tasks.Task.TrySetResult()
   at System.Threading.Tasks.Task.WhenAllPromise.Invoke(Task completedTask)
   at System.Threading.Tasks.Task.RunContinuations(Object continuationObject)
   at System.Threading.Tasks.Task`1.TrySetResult(TResult result)
   at System.Runtime.CompilerServices.AsyncTaskMethodBuilder`1.SetExistingTaskResult(Task`1 task, TResult result)
   at System.Runtime.CompilerServices.AsyncTaskMethodBuilder.SetResult()
   at MegaCrit.Sts2.Core.Saves.CloudSaveStore.SyncCloudToLocal(String path)
   at System.Runtime.CompilerServices.AsyncTaskMethodBuilder`1.AsyncStateMachineBox`1.ExecutionContextCallback(Object s)
   at System.Threading.ExecutionContext.RunInternal(ExecutionContext executionContext, ContextCallback callback, Object state)
   at System.Runtime.CompilerServices.AsyncTaskMethodBuilder`1.AsyncStateMachineBox`1.MoveNext(Thread threadPoolThread)
   at System.Runtime.CompilerServices.AsyncTaskMethodBuilder`1.AsyncStateMachineBox`1.MoveNext()
   at System.Threading.Tasks.AwaitTaskContinuation.RunOrScheduleAction(IAsyncStateMachineBox box, Boolean allowInlining)
   at System.Threading.Tasks.Task.RunContinuations(Object continuationObject)
   at System.Threading.Tasks.Task`1.TrySetResult(TResult result)
   at System.Runtime.CompilerServices.AsyncTaskMethodBuilder`1.SetExistingTaskResult(Task`1 task, TResult result)
   at System.Runtime.CompilerServices.AsyncTaskMethodBuilder.SetResult()
   at MegaCrit.Sts2.Core.Saves.CloudSaveStore.SyncCloudToLocalInternal(String path)
   at System.Runtime.CompilerServices.AsyncTaskMethodBuilder`1.AsyncStateMachineBox`1.ExecutionContextCallback(Object s)
   at System.Threading.ExecutionContext.RunInternal(ExecutionContext executionContext, ContextCallback callback, Object state)
   at System.Runtime.CompilerServices.AsyncTaskMethodBuilder`1.AsyncStateMachineBox`1.MoveNext(Thread threadPoolThread)
   at System.Runtime.CompilerServices.AsyncTaskMethodBuilder`1.AsyncStateMachineBox`1.MoveNext()
   at System.Threading.Tasks.AwaitTaskContinuation.RunOrScheduleAction(IAsyncStateMachineBox box, Boolean allowInlining)
   at System.Threading.Tasks.Task.RunContinuations(Object continuationObject)
   at System.Threading.Tasks.Task`1.TrySetResult(TResult result)
   at System.Runtime.CompilerServices.AsyncTaskMethodBuilder`1.SetExistingTaskResult(Task`1 task, TResult result)
   at System.Runtime.CompilerServices.AsyncTaskMethodBuilder.SetResult()
   at MegaCrit.Sts2.Core.Saves.GodotFileIo.WriteFileAsync(String path, Byte[] bytes)
   at System.Runtime.CompilerServices.AsyncTaskMethodBuilder`1.AsyncStateMachineBox`1.ExecutionContextCallback(Object s)
   at System.Threading.ExecutionContext.RunInternal(ExecutionContext executionContext, ContextCallback callback, Object state)
   at System.Runtime.CompilerServices.AsyncTaskMethodBuilder`1.AsyncStateMachineBox`1.MoveNext(Thread threadPoolThread)
   at System.Runtime.CompilerServices.AsyncTaskMethodBuilder`1.AsyncStateMachineBox`1.MoveNext()
   at System.Threading.Tasks.AwaitTaskContinuation.RunOrScheduleAction(IAsyncStateMachineBox box, Boolean allowInlining)
   at System.Threading.Tasks.Task.RunContinuations(Object continuationObject)
   at System.Threading.Tasks.Task.ExecuteWithThreadLocal(Task& currentTaskSlot, Thread threadPoolThread)
   at System.Threading.ThreadPoolWorkQueue.Dispatch()
   at System.Threading.PortableThreadPool.WorkerThread.WorkerThreadStart()

[INFO] Deleting modded/profile1\saves\history/1776849887.run.backup because it does not exist on remote
[ERROR] Error deleting path modded/profile1\saves\history/1776849887.run.backup.backup: Failed
   at MegaCrit.Sts2.Core.Saves.GodotFileIo.DeleteFile(String path)
   at MegaCrit.Sts2.Core.Saves.CloudSaveStore.SyncCloudToLocalInternal(String path)
   at System.Runtime.CompilerServices.AsyncMethodBuilderCore.Start[TStateMachine](TStateMachine& stateMachine)
   at MegaCrit.Sts2.Core.Saves.CloudSaveStore.SyncCloudToLocalInternal(String path)
   at MegaCrit.Sts2.Core.Saves.CloudSaveStore.SyncCloudToLocal(String path)
   at System.Runtime.CompilerServices.AsyncMethodBuilderCore.Start[TStateMachine](TStateMachine& stateMachine)
   at MegaCrit.Sts2.Core.Saves.CloudSaveStore.SyncCloudToLocal(String path)
   at MegaCrit.Sts2.Core.Saves.CloudSaveStore.SyncCloudToLocalDirectory(String directoryPath)+MoveNext()
   at MegaCrit.Sts2.Core.Saves.SaveManager.EnumerateCloudSyncTasks(CloudSaveStore cloudStore)+MoveNext()
   at MegaCrit.Sts2.Core.Saves.SaveManager.SyncCloudToLocal()
   at System.Runtime.CompilerServices.AsyncTaskMethodBuilder`1.AsyncStateMachineBox`1.ExecutionContextCallback(Object s)
   at System.Threading.ExecutionContext.RunInternal(ExecutionContext executionContext, ContextCallback callback, Object state)
   at System.Runtime.CompilerServices.AsyncTaskMethodBuilder`1.AsyncStateMachineBox`1.MoveNext(Thread threadPoolThread)
   at System.Runtime.CompilerServices.AsyncTaskMethodBuilder`1.AsyncStateMachineBox`1.MoveNext()
   at System.Threading.Tasks.AwaitTaskContinuation.RunOrScheduleAction(IAsyncStateMachineBox box, Boolean allowInlining)
   at System.Threading.Tasks.Task.RunContinuations(Object continuationObject)
   at System.Threading.Tasks.Task.TrySetResult()
   at System.Threading.Tasks.Task.WhenAllPromise.Invoke(Task completedTask)
   at System.Threading.Tasks.Task.RunContinuations(Object continuationObject)
   at System.Threading.Tasks.Task`1.TrySetResult(TResult result)
   at System.Runtime.CompilerServices.AsyncTaskMethodBuilder`1.SetExistingTaskResult(Task`1 task, TResult result)
   at System.Runtime.CompilerServices.AsyncTaskMethodBuilder.SetResult()
   at MegaCrit.Sts2.Core.Saves.CloudSaveStore.SyncCloudToLocal(String path)
   at System.Runtime.CompilerServices.AsyncTaskMethodBuilder`1.AsyncStateMachineBox`1.ExecutionContextCallback(Object s)
   at System.Threading.ExecutionContext.RunInternal(ExecutionContext executionContext, ContextCallback callback, Object state)
   at System.Runtime.CompilerServices.AsyncTaskMethodBuilder`1.AsyncStateMachineBox`1.MoveNext(Thread threadPoolThread)
   at System.Runtime.CompilerServices.AsyncTaskMethodBuilder`1.AsyncStateMachineBox`1.MoveNext()
   at System.Threading.Tasks.AwaitTaskContinuation.RunOrScheduleAction(IAsyncStateMachineBox box, Boolean allowInlining)
   at System.Threading.Tasks.Task.RunContinuations(Object continuationObject)
   at System.Threading.Tasks.Task`1.TrySetResult(TResult result)
   at System.Runtime.CompilerServices.AsyncTaskMethodBuilder`1.SetExistingTaskResult(Task`1 task, TResult result)
   at System.Runtime.CompilerServices.AsyncTaskMethodBuilder.SetResult()
   at MegaCrit.Sts2.Core.Saves.CloudSaveStore.SyncCloudToLocalInternal(String path)
   at System.Runtime.CompilerServices.AsyncTaskMethodBuilder`1.AsyncStateMachineBox`1.ExecutionContextCallback(Object s)
   at System.Threading.ExecutionContext.RunInternal(ExecutionContext executionContext, ContextCallback callback, Object state)
   at System.Runtime.CompilerServices.AsyncTaskMethodBuilder`1.AsyncStateMachineBox`1.MoveNext(Thread threadPoolThread)
   at System.Runtime.CompilerServices.AsyncTaskMethodBuilder`1.AsyncStateMachineBox`1.MoveNext()
   at System.Threading.Tasks.AwaitTaskContinuation.RunOrScheduleAction(IAsyncStateMachineBox box, Boolean allowInlining)
   at System.Threading.Tasks.Task.RunContinuations(Object continuationObject)
   at System.Threading.Tasks.Task`1.TrySetResult(TResult result)
   at System.Runtime.CompilerServices.AsyncTaskMethodBuilder`1.SetExistingTaskResult(Task`1 task, TResult result)
   at System.Runtime.CompilerServices.AsyncTaskMethodBuilder.SetResult()
   at MegaCrit.Sts2.Core.Saves.GodotFileIo.WriteFileAsync(String path, Byte[] bytes)
   at System.Runtime.CompilerServices.AsyncTaskMethodBuilder`1.AsyncStateMachineBox`1.ExecutionContextCallback(Object s)
   at System.Threading.ExecutionContext.RunInternal(ExecutionContext executionContext, ContextCallback callback, Object state)
   at System.Runtime.CompilerServices.AsyncTaskMethodBuilder`1.AsyncStateMachineBox`1.MoveNext(Thread threadPoolThread)
   at System.Runtime.CompilerServices.AsyncTaskMethodBuilder`1.AsyncStateMachineBox`1.MoveNext()
   at System.Threading.Tasks.AwaitTaskContinuation.RunOrScheduleAction(IAsyncStateMachineBox box, Boolean allowInlining)
   at System.Threading.Tasks.Task.RunContinuations(Object continuationObject)
   at System.Threading.Tasks.Task.ExecuteWithThreadLocal(Task& currentTaskSlot, Thread threadPoolThread)
   at System.Threading.ThreadPoolWorkQueue.Dispatch()
   at System.Threading.PortableThreadPool.WorkerThread.WorkerThreadStart()

[INFO] Deleting modded/profile1\saves\history/1776850111.run.backup because it does not exist on remote
[ERROR] Error deleting path modded/profile1\saves\history/1776850111.run.backup.backup: Failed
   at MegaCrit.Sts2.Core.Saves.GodotFileIo.DeleteFile(String path)
   at MegaCrit.Sts2.Core.Saves.CloudSaveStore.SyncCloudToLocalInternal(String path)
   at System.Runtime.CompilerServices.AsyncMethodBuilderCore.Start[TStateMachine](TStateMachine& stateMachine)
   at MegaCrit.Sts2.Core.Saves.CloudSaveStore.SyncCloudToLocalInternal(String path)
   at MegaCrit.Sts2.Core.Saves.CloudSaveStore.SyncCloudToLocal(String path)
   at System.Runtime.CompilerServices.AsyncMethodBuilderCore.Start[TStateMachine](TStateMachine& stateMachine)
   at MegaCrit.Sts2.Core.Saves.CloudSaveStore.SyncCloudToLocal(String path)
   at MegaCrit.Sts2.Core.Saves.CloudSaveStore.SyncCloudToLocalDirectory(String directoryPath)+MoveNext()
   at MegaCrit.Sts2.Core.Saves.SaveManager.EnumerateCloudSyncTasks(CloudSaveStore cloudStore)+MoveNext()
   at MegaCrit.Sts2.Core.Saves.SaveManager.SyncCloudToLocal()
   at System.Runtime.CompilerServices.AsyncTaskMethodBuilder`1.AsyncStateMachineBox`1.ExecutionContextCallback(Object s)
   at System.Threading.ExecutionContext.RunInternal(ExecutionContext executionContext, ContextCallback callback, Object state)
   at System.Runtime.CompilerServices.AsyncTaskMethodBuilder`1.AsyncStateMachineBox`1.MoveNext(Thread threadPoolThread)
   at System.Runtime.CompilerServices.AsyncTaskMethodBuilder`1.AsyncStateMachineBox`1.MoveNext()
   at System.Threading.Tasks.AwaitTaskContinuation.RunOrScheduleAction(IAsyncStateMachineBox box, Boolean allowInlining)
   at System.Threading.Tasks.Task.RunContinuations(Object continuationObject)
   at System.Threading.Tasks.Task.TrySetResult()
   at System.Threading.Tasks.Task.WhenAllPromise.Invoke(Task completedTask)
   at System.Threading.Tasks.Task.RunContinuations(Object continuationObject)
   at System.Threading.Tasks.Task`1.TrySetResult(TResult result)
   at System.Runtime.CompilerServices.AsyncTaskMethodBuilder`1.SetExistingTaskResult(Task`1 task, TResult result)
   at System.Runtime.CompilerServices.AsyncTaskMethodBuilder.SetResult()
   at MegaCrit.Sts2.Core.Saves.CloudSaveStore.SyncCloudToLocal(String path)
   at System.Runtime.CompilerServices.AsyncTaskMethodBuilder`1.AsyncStateMachineBox`1.ExecutionContextCallback(Object s)
   at System.Threading.ExecutionContext.RunInternal(ExecutionContext executionContext, ContextCallback callback, Object state)
   at System.Runtime.CompilerServices.AsyncTaskMethodBuilder`1.AsyncStateMachineBox`1.MoveNext(Thread threadPoolThread)
   at System.Runtime.CompilerServices.AsyncTaskMethodBuilder`1.AsyncStateMachineBox`1.MoveNext()
   at System.Threading.Tasks.AwaitTaskContinuation.RunOrScheduleAction(IAsyncStateMachineBox box, Boolean allowInlining)
   at System.Threading.Tasks.Task.RunContinuations(Object continuationObject)
   at System.Threading.Tasks.Task`1.TrySetResult(TResult result)
   at System.Runtime.CompilerServices.AsyncTaskMethodBuilder`1.SetExistingTaskResult(Task`1 task, TResult result)
   at System.Runtime.CompilerServices.AsyncTaskMethodBuilder.SetResult()
   at MegaCrit.Sts2.Core.Saves.CloudSaveStore.SyncCloudToLocalInternal(String path)
   at System.Runtime.CompilerServices.AsyncTaskMethodBuilder`1.AsyncStateMachineBox`1.ExecutionContextCallback(Object s)
   at System.Threading.ExecutionContext.RunInternal(ExecutionContext executionContext, ContextCallback callback, Object state)
   at System.Runtime.CompilerServices.AsyncTaskMethodBuilder`1.AsyncStateMachineBox`1.MoveNext(Thread threadPoolThread)
   at System.Runtime.CompilerServices.AsyncTaskMethodBuilder`1.AsyncStateMachineBox`1.MoveNext()
   at System.Threading.Tasks.AwaitTaskContinuation.RunOrScheduleAction(IAsyncStateMachineBox box, Boolean allowInlining)
   at System.Threading.Tasks.Task.RunContinuations(Object continuationObject)
   at System.Threading.Tasks.Task`1.TrySetResult(TResult result)
   at System.Runtime.CompilerServices.AsyncTaskMethodBuilder`1.SetExistingTaskResult(Task`1 task, TResult result)
   at System.Runtime.CompilerServices.AsyncTaskMethodBuilder.SetResult()
   at MegaCrit.Sts2.Core.Saves.GodotFileIo.WriteFileAsync(String path, Byte[] bytes)
   at System.Runtime.CompilerServices.AsyncTaskMethodBuilder`1.AsyncStateMachineBox`1.ExecutionContextCallback(Object s)
   at System.Threading.ExecutionContext.RunInternal(ExecutionContext executionContext, ContextCallback callback, Object state)
   at System.Runtime.CompilerServices.AsyncTaskMethodBuilder`1.AsyncStateMachineBox`1.MoveNext(Thread threadPoolThread)
   at System.Runtime.CompilerServices.AsyncTaskMethodBuilder`1.AsyncStateMachineBox`1.MoveNext()
   at System.Threading.Tasks.AwaitTaskContinuation.RunOrScheduleAction(IAsyncStateMachineBox box, Boolean allowInlining)
   at System.Threading.Tasks.Task.RunContinuations(Object continuationObject)
   at System.Threading.Tasks.Task.ExecuteWithThreadLocal(Task& currentTaskSlot, Thread threadPoolThread)
   at System.Threading.ThreadPoolWorkQueue.Dispatch()
   at System.Threading.PortableThreadPool.WorkerThread.WorkerThreadStart()

[INFO] Deleting modded/profile1\saves\history/1776850524.run.backup because it does not exist on remote
[ERROR] Error deleting path modded/profile1\saves\history/1776850524.run.backup.backup: Failed
   at MegaCrit.Sts2.Core.Saves.GodotFileIo.DeleteFile(String path)
   at MegaCrit.Sts2.Core.Saves.CloudSaveStore.SyncCloudToLocalInternal(String path)
   at System.Runtime.CompilerServices.AsyncMethodBuilderCore.Start[TStateMachine](TStateMachine& stateMachine)
   at MegaCrit.Sts2.Core.Saves.CloudSaveStore.SyncCloudToLocalInternal(String path)
   at MegaCrit.Sts2.Core.Saves.CloudSaveStore.SyncCloudToLocal(String path)
   at System.Runtime.CompilerServices.AsyncMethodBuilderCore.Start[TStateMachine](TStateMachine& stateMachine)
   at MegaCrit.Sts2.Core.Saves.CloudSaveStore.SyncCloudToLocal(String path)
   at MegaCrit.Sts2.Core.Saves.CloudSaveStore.SyncCloudToLocalDirectory(String directoryPath)+MoveNext()
   at MegaCrit.Sts2.Core.Saves.SaveManager.EnumerateCloudSyncTasks(CloudSaveStore cloudStore)+MoveNext()
   at MegaCrit.Sts2.Core.Saves.SaveManager.SyncCloudToLocal()
   at System.Runtime.CompilerServices.AsyncTaskMethodBuilder`1.AsyncStateMachineBox`1.ExecutionContextCallback(Object s)
   at System.Threading.ExecutionContext.RunInternal(ExecutionContext executionContext, ContextCallback callback, Object state)
   at System.Runtime.CompilerServices.AsyncTaskMethodBuilder`1.AsyncStateMachineBox`1.MoveNext(Thread threadPoolThread)
   at System.Runtime.CompilerServices.AsyncTaskMethodBuilder`1.AsyncStateMachineBox`1.MoveNext()
   at System.Threading.Tasks.AwaitTaskContinuation.RunOrScheduleAction(IAsyncStateMachineBox box, Boolean allowInlining)
   at System.Threading.Tasks.Task.RunContinuations(Object continuationObject)
   at System.Threading.Tasks.Task.TrySetResult()
   at System.Threading.Tasks.Task.WhenAllPromise.Invoke(Task completedTask)
   at System.Threading.Tasks.Task.RunContinuations(Object continuationObject)
   at System.Threading.Tasks.Task`1.TrySetResult(TResult result)
   at System.Runtime.CompilerServices.AsyncTaskMethodBuilder`1.SetExistingTaskResult(Task`1 task, TResult result)
   at System.Runtime.CompilerServices.AsyncTaskMethodBuilder.SetResult()
   at MegaCrit.Sts2.Core.Saves.CloudSaveStore.SyncCloudToLocal(String path)
   at System.Runtime.CompilerServices.AsyncTaskMethodBuilder`1.AsyncStateMachineBox`1.ExecutionContextCallback(Object s)
   at System.Threading.ExecutionContext.RunInternal(ExecutionContext executionContext, ContextCallback callback, Object state)
   at System.Runtime.CompilerServices.AsyncTaskMethodBuilder`1.AsyncStateMachineBox`1.MoveNext(Thread threadPoolThread)
   at System.Runtime.CompilerServices.AsyncTaskMethodBuilder`1.AsyncStateMachineBox`1.MoveNext()
   at System.Threading.Tasks.AwaitTaskContinuation.RunOrScheduleAction(IAsyncStateMachineBox box, Boolean allowInlining)
   at System.Threading.Tasks.Task.RunContinuations(Object continuationObject)
   at System.Threading.Tasks.Task`1.TrySetResult(TResult result)
   at System.Runtime.CompilerServices.AsyncTaskMethodBuilder`1.SetExistingTaskResult(Task`1 task, TResult result)
   at System.Runtime.CompilerServices.AsyncTaskMethodBuilder.SetResult()
   at MegaCrit.Sts2.Core.Saves.CloudSaveStore.SyncCloudToLocalInternal(String path)
   at System.Runtime.CompilerServices.AsyncTaskMethodBuilder`1.AsyncStateMachineBox`1.ExecutionContextCallback(Object s)
   at System.Threading.ExecutionContext.RunInternal(ExecutionContext executionContext, ContextCallback callback, Object state)
   at System.Runtime.CompilerServices.AsyncTaskMethodBuilder`1.AsyncStateMachineBox`1.MoveNext(Thread threadPoolThread)
   at System.Runtime.CompilerServices.AsyncTaskMethodBuilder`1.AsyncStateMachineBox`1.MoveNext()
   at System.Threading.Tasks.AwaitTaskContinuation.RunOrScheduleAction(IAsyncStateMachineBox box, Boolean allowInlining)
   at System.Threading.Tasks.Task.RunContinuations(Object continuationObject)
   at System.Threading.Tasks.Task`1.TrySetResult(TResult result)
   at System.Runtime.CompilerServices.AsyncTaskMethodBuilder`1.SetExistingTaskResult(Task`1 task, TResult result)
   at System.Runtime.CompilerServices.AsyncTaskMethodBuilder.SetResult()
   at MegaCrit.Sts2.Core.Saves.GodotFileIo.WriteFileAsync(String path, Byte[] bytes)
   at System.Runtime.CompilerServices.AsyncTaskMethodBuilder`1.AsyncStateMachineBox`1.ExecutionContextCallback(Object s)
   at System.Threading.ExecutionContext.RunInternal(ExecutionContext executionContext, ContextCallback callback, Object state)
   at System.Runtime.CompilerServices.AsyncTaskMethodBuilder`1.AsyncStateMachineBox`1.MoveNext(Thread threadPoolThread)
   at System.Runtime.CompilerServices.AsyncTaskMethodBuilder`1.AsyncStateMachineBox`1.MoveNext()
   at System.Threading.Tasks.AwaitTaskContinuation.RunOrScheduleAction(IAsyncStateMachineBox box, Boolean allowInlining)
   at System.Threading.Tasks.Task.RunContinuations(Object continuationObject)
   at System.Threading.Tasks.Task.ExecuteWithThreadLocal(Task& currentTaskSlot, Thread threadPoolThread)
   at System.Threading.ThreadPoolWorkQueue.Dispatch()
   at System.Threading.PortableThreadPool.WorkerThread.WorkerThreadStart()

[INFO] Deleting modded/profile1\saves\history/1776857994.run.backup because it does not exist on remote
[ERROR] Error deleting path modded/profile1\saves\history/1776857994.run.backup.backup: Failed
   at MegaCrit.Sts2.Core.Saves.GodotFileIo.DeleteFile(String path)
   at MegaCrit.Sts2.Core.Saves.CloudSaveStore.SyncCloudToLocalInternal(String path)
   at System.Runtime.CompilerServices.AsyncMethodBuilderCore.Start[TStateMachine](TStateMachine& stateMachine)
   at MegaCrit.Sts2.Core.Saves.CloudSaveStore.SyncCloudToLocalInternal(String path)
   at MegaCrit.Sts2.Core.Saves.CloudSaveStore.SyncCloudToLocal(String path)
   at System.Runtime.CompilerServices.AsyncMethodBuilderCore.Start[TStateMachine](TStateMachine& stateMachine)
   at MegaCrit.Sts2.Core.Saves.CloudSaveStore.SyncCloudToLocal(String path)
   at MegaCrit.Sts2.Core.Saves.CloudSaveStore.SyncCloudToLocalDirectory(String directoryPath)+MoveNext()
   at MegaCrit.Sts2.Core.Saves.SaveManager.EnumerateCloudSyncTasks(CloudSaveStore cloudStore)+MoveNext()
   at MegaCrit.Sts2.Core.Saves.SaveManager.SyncCloudToLocal()
   at System.Runtime.CompilerServices.AsyncTaskMethodBuilder`1.AsyncStateMachineBox`1.ExecutionContextCallback(Object s)
   at System.Threading.ExecutionContext.RunInternal(ExecutionContext executionContext, ContextCallback callback, Object state)
   at System.Runtime.CompilerServices.AsyncTaskMethodBuilder`1.AsyncStateMachineBox`1.MoveNext(Thread threadPoolThread)
   at System.Runtime.CompilerServices.AsyncTaskMethodBuilder`1.AsyncStateMachineBox`1.MoveNext()
   at System.Threading.Tasks.AwaitTaskContinuation.RunOrScheduleAction(IAsyncStateMachineBox box, Boolean allowInlining)
   at System.Threading.Tasks.Task.RunContinuations(Object continuationObject)
   at System.Threading.Tasks.Task.TrySetResult()
   at System.Threading.Tasks.Task.WhenAllPromise.Invoke(Task completedTask)
   at System.Threading.Tasks.Task.RunContinuations(Object continuationObject)
   at System.Threading.Tasks.Task`1.TrySetResult(TResult result)
   at System.Runtime.CompilerServices.AsyncTaskMethodBuilder`1.SetExistingTaskResult(Task`1 task, TResult result)
   at System.Runtime.CompilerServices.AsyncTaskMethodBuilder.SetResult()
   at MegaCrit.Sts2.Core.Saves.CloudSaveStore.SyncCloudToLocal(String path)
   at System.Runtime.CompilerServices.AsyncTaskMethodBuilder`1.AsyncStateMachineBox`1.ExecutionContextCallback(Object s)
   at System.Threading.ExecutionContext.RunInternal(ExecutionContext executionContext, ContextCallback callback, Object state)
   at System.Runtime.CompilerServices.AsyncTaskMethodBuilder`1.AsyncStateMachineBox`1.MoveNext(Thread threadPoolThread)
   at System.Runtime.CompilerServices.AsyncTaskMethodBuilder`1.AsyncStateMachineBox`1.MoveNext()
   at System.Threading.Tasks.AwaitTaskContinuation.RunOrScheduleAction(IAsyncStateMachineBox box, Boolean allowInlining)
   at System.Threading.Tasks.Task.RunContinuations(Object continuationObject)
   at System.Threading.Tasks.Task`1.TrySetResult(TResult result)
   at System.Runtime.CompilerServices.AsyncTaskMethodBuilder`1.SetExistingTaskResult(Task`1 task, TResult result)
   at System.Runtime.CompilerServices.AsyncTaskMethodBuilder.SetResult()
   at MegaCrit.Sts2.Core.Saves.CloudSaveStore.SyncCloudToLocalInternal(String path)
   at System.Runtime.CompilerServices.AsyncTaskMethodBuilder`1.AsyncStateMachineBox`1.ExecutionContextCallback(Object s)
   at System.Threading.ExecutionContext.RunInternal(ExecutionContext executionContext, ContextCallback callback, Object state)
   at System.Runtime.CompilerServices.AsyncTaskMethodBuilder`1.AsyncStateMachineBox`1.MoveNext(Thread threadPoolThread)
   at System.Runtime.CompilerServices.AsyncTaskMethodBuilder`1.AsyncStateMachineBox`1.MoveNext()
   at System.Threading.Tasks.AwaitTaskContinuation.RunOrScheduleAction(IAsyncStateMachineBox box, Boolean allowInlining)
   at System.Threading.Tasks.Task.RunContinuations(Object continuationObject)
   at System.Threading.Tasks.Task`1.TrySetResult(TResult result)
   at System.Runtime.CompilerServices.AsyncTaskMethodBuilder`1.SetExistingTaskResult(Task`1 task, TResult result)
   at System.Runtime.CompilerServices.AsyncTaskMethodBuilder.SetResult()
   at MegaCrit.Sts2.Core.Saves.GodotFileIo.WriteFileAsync(String path, Byte[] bytes)
   at System.Runtime.CompilerServices.AsyncTaskMethodBuilder`1.AsyncStateMachineBox`1.ExecutionContextCallback(Object s)
   at System.Threading.ExecutionContext.RunInternal(ExecutionContext executionContext, ContextCallback callback, Object state)
   at System.Runtime.CompilerServices.AsyncTaskMethodBuilder`1.AsyncStateMachineBox`1.MoveNext(Thread threadPoolThread)
   at System.Runtime.CompilerServices.AsyncTaskMethodBuilder`1.AsyncStateMachineBox`1.MoveNext()
   at System.Threading.Tasks.AwaitTaskContinuation.RunOrScheduleAction(IAsyncStateMachineBox box, Boolean allowInlining)
   at System.Threading.Tasks.Task.RunContinuations(Object continuationObject)
   at System.Threading.Tasks.Task.ExecuteWithThreadLocal(Task& currentTaskSlot, Thread threadPoolThread)
   at System.Threading.ThreadPoolWorkQueue.Dispatch()
   at System.Threading.PortableThreadPool.WorkerThread.WorkerThreadStart()

[INFO] Deleting modded/profile1\saves\history/1776858614.run.backup because it does not exist on remote
[ERROR] Error deleting path modded/profile1\saves\history/1776858614.run.backup.backup: Failed
   at MegaCrit.Sts2.Core.Saves.GodotFileIo.DeleteFile(String path)
   at MegaCrit.Sts2.Core.Saves.CloudSaveStore.SyncCloudToLocalInternal(String path)
   at System.Runtime.CompilerServices.AsyncMethodBuilderCore.Start[TStateMachine](TStateMachine& stateMachine)
   at MegaCrit.Sts2.Core.Saves.CloudSaveStore.SyncCloudToLocalInternal(String path)
   at MegaCrit.Sts2.Core.Saves.CloudSaveStore.SyncCloudToLocal(String path)
   at System.Runtime.CompilerServices.AsyncMethodBuilderCore.Start[TStateMachine](TStateMachine& stateMachine)
   at MegaCrit.Sts2.Core.Saves.CloudSaveStore.SyncCloudToLocal(String path)
   at MegaCrit.Sts2.Core.Saves.CloudSaveStore.SyncCloudToLocalDirectory(String directoryPath)+MoveNext()
   at MegaCrit.Sts2.Core.Saves.SaveManager.EnumerateCloudSyncTasks(CloudSaveStore cloudStore)+MoveNext()
   at MegaCrit.Sts2.Core.Saves.SaveManager.SyncCloudToLocal()
   at System.Runtime.CompilerServices.AsyncTaskMethodBuilder`1.AsyncStateMachineBox`1.ExecutionContextCallback(Object s)
   at System.Threading.ExecutionContext.RunInternal(ExecutionContext executionContext, ContextCallback callback, Object state)
   at System.Runtime.CompilerServices.AsyncTaskMethodBuilder`1.AsyncStateMachineBox`1.MoveNext(Thread threadPoolThread)
   at System.Runtime.CompilerServices.AsyncTaskMethodBuilder`1.AsyncStateMachineBox`1.MoveNext()
   at System.Threading.Tasks.AwaitTaskContinuation.RunOrScheduleAction(IAsyncStateMachineBox box, Boolean allowInlining)
   at System.Threading.Tasks.Task.RunContinuations(Object continuationObject)
   at System.Threading.Tasks.Task.TrySetResult()
   at System.Threading.Tasks.Task.WhenAllPromise.Invoke(Task completedTask)
   at System.Threading.Tasks.Task.RunContinuations(Object continuationObject)
   at System.Threading.Tasks.Task`1.TrySetResult(TResult result)
   at System.Runtime.CompilerServices.AsyncTaskMethodBuilder`1.SetExistingTaskResult(Task`1 task, TResult result)
   at System.Runtime.CompilerServices.AsyncTaskMethodBuilder.SetResult()
   at MegaCrit.Sts2.Core.Saves.CloudSaveStore.SyncCloudToLocal(String path)
   at System.Runtime.CompilerServices.AsyncTaskMethodBuilder`1.AsyncStateMachineBox`1.ExecutionContextCallback(Object s)
   at System.Threading.ExecutionContext.RunInternal(ExecutionContext executionContext, ContextCallback callback, Object state)
   at System.Runtime.CompilerServices.AsyncTaskMethodBuilder`1.AsyncStateMachineBox`1.MoveNext(Thread threadPoolThread)
   at System.Runtime.CompilerServices.AsyncTaskMethodBuilder`1.AsyncStateMachineBox`1.MoveNext()
   at System.Threading.Tasks.AwaitTaskContinuation.RunOrScheduleAction(IAsyncStateMachineBox box, Boolean allowInlining)
   at System.Threading.Tasks.Task.RunContinuations(Object continuationObject)
   at System.Threading.Tasks.Task`1.TrySetResult(TResult result)
   at System.Runtime.CompilerServices.AsyncTaskMethodBuilder`1.SetExistingTaskResult(Task`1 task, TResult result)
   at System.Runtime.CompilerServices.AsyncTaskMethodBuilder.SetResult()
   at MegaCrit.Sts2.Core.Saves.CloudSaveStore.SyncCloudToLocalInternal(String path)
   at System.Runtime.CompilerServices.AsyncTaskMethodBuilder`1.AsyncStateMachineBox`1.ExecutionContextCallback(Object s)
   at System.Threading.ExecutionContext.RunInternal(ExecutionContext executionContext, ContextCallback callback, Object state)
   at System.Runtime.CompilerServices.AsyncTaskMethodBuilder`1.AsyncStateMachineBox`1.MoveNext(Thread threadPoolThread)
   at System.Runtime.CompilerServices.AsyncTaskMethodBuilder`1.AsyncStateMachineBox`1.MoveNext()
   at System.Threading.Tasks.AwaitTaskContinuation.RunOrScheduleAction(IAsyncStateMachineBox box, Boolean allowInlining)
   at System.Threading.Tasks.Task.RunContinuations(Object continuationObject)
   at System.Threading.Tasks.Task`1.TrySetResult(TResult result)
   at System.Runtime.CompilerServices.AsyncTaskMethodBuilder`1.SetExistingTaskResult(Task`1 task, TResult result)
   at System.Runtime.CompilerServices.AsyncTaskMethodBuilder.SetResult()
   at MegaCrit.Sts2.Core.Saves.GodotFileIo.WriteFileAsync(String path, Byte[] bytes)
   at System.Runtime.CompilerServices.AsyncTaskMethodBuilder`1.AsyncStateMachineBox`1.ExecutionContextCallback(Object s)
   at System.Threading.ExecutionContext.RunInternal(ExecutionContext executionContext, ContextCallback callback, Object state)
   at System.Runtime.CompilerServices.AsyncTaskMethodBuilder`1.AsyncStateMachineBox`1.MoveNext(Thread threadPoolThread)
   at System.Runtime.CompilerServices.AsyncTaskMethodBuilder`1.AsyncStateMachineBox`1.MoveNext()
   at System.Threading.Tasks.AwaitTaskContinuation.RunOrScheduleAction(IAsyncStateMachineBox box, Boolean allowInlining)
   at System.Threading.Tasks.Task.RunContinuations(Object continuationObject)
   at System.Threading.Tasks.Task.ExecuteWithThreadLocal(Task& currentTaskSlot, Thread threadPoolThread)
   at System.Threading.ThreadPoolWorkQueue.Dispatch()
   at System.Threading.PortableThreadPool.WorkerThread.WorkerThreadStart()

[INFO] Deleting modded/profile1\saves\history/1776861230.run.backup because it does not exist on remote
[ERROR] Error deleting path modded/profile1\saves\history/1776861230.run.backup.backup: Failed
   at MegaCrit.Sts2.Core.Saves.GodotFileIo.DeleteFile(String path)
   at MegaCrit.Sts2.Core.Saves.CloudSaveStore.SyncCloudToLocalInternal(String path)
   at System.Runtime.CompilerServices.AsyncMethodBuilderCore.Start[TStateMachine](TStateMachine& stateMachine)
   at MegaCrit.Sts2.Core.Saves.CloudSaveStore.SyncCloudToLocalInternal(String path)
   at MegaCrit.Sts2.Core.Saves.CloudSaveStore.SyncCloudToLocal(String path)
   at System.Runtime.CompilerServices.AsyncMethodBuilderCore.Start[TStateMachine](TStateMachine& stateMachine)
   at MegaCrit.Sts2.Core.Saves.CloudSaveStore.SyncCloudToLocal(String path)
   at MegaCrit.Sts2.Core.Saves.CloudSaveStore.SyncCloudToLocalDirectory(String directoryPath)+MoveNext()
   at MegaCrit.Sts2.Core.Saves.SaveManager.EnumerateCloudSyncTasks(CloudSaveStore cloudStore)+MoveNext()
   at MegaCrit.Sts2.Core.Saves.SaveManager.SyncCloudToLocal()
   at System.Runtime.CompilerServices.AsyncTaskMethodBuilder`1.AsyncStateMachineBox`1.ExecutionContextCallback(Object s)
   at System.Threading.ExecutionContext.RunInternal(ExecutionContext executionContext, ContextCallback callback, Object state)
   at System.Runtime.CompilerServices.AsyncTaskMethodBuilder`1.AsyncStateMachineBox`1.MoveNext(Thread threadPoolThread)
   at System.Runtime.CompilerServices.AsyncTaskMethodBuilder`1.AsyncStateMachineBox`1.MoveNext()
   at System.Threading.Tasks.AwaitTaskContinuation.RunOrScheduleAction(IAsyncStateMachineBox box, Boolean allowInlining)
   at System.Threading.Tasks.Task.RunContinuations(Object continuationObject)
   at System.Threading.Tasks.Task.TrySetResult()
   at System.Threading.Tasks.Task.WhenAllPromise.Invoke(Task completedTask)
   at System.Threading.Tasks.Task.RunContinuations(Object continuationObject)
   at System.Threading.Tasks.Task`1.TrySetResult(TResult result)
   at System.Runtime.CompilerServices.AsyncTaskMethodBuilder`1.SetExistingTaskResult(Task`1 task, TResult result)
   at System.Runtime.CompilerServices.AsyncTaskMethodBuilder.SetResult()
   at MegaCrit.Sts2.Core.Saves.CloudSaveStore.SyncCloudToLocal(String path)
   at System.Runtime.CompilerServices.AsyncTaskMethodBuilder`1.AsyncStateMachineBox`1.ExecutionContextCallback(Object s)
   at System.Threading.ExecutionContext.RunInternal(ExecutionContext executionContext, ContextCallback callback, Object state)
   at System.Runtime.CompilerServices.AsyncTaskMethodBuilder`1.AsyncStateMachineBox`1.MoveNext(Thread threadPoolThread)
   at System.Runtime.CompilerServices.AsyncTaskMethodBuilder`1.AsyncStateMachineBox`1.MoveNext()
   at System.Threading.Tasks.AwaitTaskContinuation.RunOrScheduleAction(IAsyncStateMachineBox box, Boolean allowInlining)
   at System.Threading.Tasks.Task.RunContinuations(Object continuationObject)
   at System.Threading.Tasks.Task`1.TrySetResult(TResult result)
   at System.Runtime.CompilerServices.AsyncTaskMethodBuilder`1.SetExistingTaskResult(Task`1 task, TResult result)
   at System.Runtime.CompilerServices.AsyncTaskMethodBuilder.SetResult()
   at MegaCrit.Sts2.Core.Saves.CloudSaveStore.SyncCloudToLocalInternal(String path)
   at System.Runtime.CompilerServices.AsyncTaskMethodBuilder`1.AsyncStateMachineBox`1.ExecutionContextCallback(Object s)
   at System.Threading.ExecutionContext.RunInternal(ExecutionContext executionContext, ContextCallback callback, Object state)
   at System.Runtime.CompilerServices.AsyncTaskMethodBuilder`1.AsyncStateMachineBox`1.MoveNext(Thread threadPoolThread)
   at System.Runtime.CompilerServices.AsyncTaskMethodBuilder`1.AsyncStateMachineBox`1.MoveNext()
   at System.Threading.Tasks.AwaitTaskContinuation.RunOrScheduleAction(IAsyncStateMachineBox box, Boolean allowInlining)
   at System.Threading.Tasks.Task.RunContinuations(Object continuationObject)
   at System.Threading.Tasks.Task`1.TrySetResult(TResult result)
   at System.Runtime.CompilerServices.AsyncTaskMethodBuilder`1.SetExistingTaskResult(Task`1 task, TResult result)
   at System.Runtime.CompilerServices.AsyncTaskMethodBuilder.SetResult()
   at MegaCrit.Sts2.Core.Saves.GodotFileIo.WriteFileAsync(String path, Byte[] bytes)
   at System.Runtime.CompilerServices.AsyncTaskMethodBuilder`1.AsyncStateMachineBox`1.ExecutionContextCallback(Object s)
   at System.Threading.ExecutionContext.RunInternal(ExecutionContext executionContext, ContextCallback callback, Object state)
   at System.Runtime.CompilerServices.AsyncTaskMethodBuilder`1.AsyncStateMachineBox`1.MoveNext(Thread threadPoolThread)
   at System.Runtime.CompilerServices.AsyncTaskMethodBuilder`1.AsyncStateMachineBox`1.MoveNext()
   at System.Threading.Tasks.AwaitTaskContinuation.RunOrScheduleAction(IAsyncStateMachineBox box, Boolean allowInlining)
   at System.Threading.Tasks.Task.RunContinuations(Object continuationObject)
   at System.Threading.Tasks.Task.ExecuteWithThreadLocal(Task& currentTaskSlot, Thread threadPoolThread)
   at System.Threading.ThreadPoolWorkQueue.Dispatch()
   at System.Threading.PortableThreadPool.WorkerThread.WorkerThreadStart()

[INFO] Deleting modded/profile1\saves\history/1776865711.run.backup because it does not exist on remote
[ERROR] Error deleting path modded/profile1\saves\history/1776865711.run.backup.backup: Failed
   at MegaCrit.Sts2.Core.Saves.GodotFileIo.DeleteFile(String path)
   at MegaCrit.Sts2.Core.Saves.CloudSaveStore.SyncCloudToLocalInternal(String path)
   at System.Runtime.CompilerServices.AsyncMethodBuilderCore.Start[TStateMachine](TStateMachine& stateMachine)
   at MegaCrit.Sts2.Core.Saves.CloudSaveStore.SyncCloudToLocalInternal(String path)
   at MegaCrit.Sts2.Core.Saves.CloudSaveStore.SyncCloudToLocal(String path)
   at System.Runtime.CompilerServices.AsyncMethodBuilderCore.Start[TStateMachine](TStateMachine& stateMachine)
   at MegaCrit.Sts2.Core.Saves.CloudSaveStore.SyncCloudToLocal(String path)
   at MegaCrit.Sts2.Core.Saves.CloudSaveStore.SyncCloudToLocalDirectory(String directoryPath)+MoveNext()
   at MegaCrit.Sts2.Core.Saves.SaveManager.EnumerateCloudSyncTasks(CloudSaveStore cloudStore)+MoveNext()
   at MegaCrit.Sts2.Core.Saves.SaveManager.SyncCloudToLocal()
   at System.Runtime.CompilerServices.AsyncTaskMethodBuilder`1.AsyncStateMachineBox`1.ExecutionContextCallback(Object s)
   at System.Threading.ExecutionContext.RunInternal(ExecutionContext executionContext, ContextCallback callback, Object state)
   at System.Runtime.CompilerServices.AsyncTaskMethodBuilder`1.AsyncStateMachineBox`1.MoveNext(Thread threadPoolThread)
   at System.Runtime.CompilerServices.AsyncTaskMethodBuilder`1.AsyncStateMachineBox`1.MoveNext()
   at System.Threading.Tasks.AwaitTaskContinuation.RunOrScheduleAction(IAsyncStateMachineBox box, Boolean allowInlining)
   at System.Threading.Tasks.Task.RunContinuations(Object continuationObject)
   at System.Threading.Tasks.Task.TrySetResult()
   at System.Threading.Tasks.Task.WhenAllPromise.Invoke(Task completedTask)
   at System.Threading.Tasks.Task.RunContinuations(Object continuationObject)
   at System.Threading.Tasks.Task`1.TrySetResult(TResult result)
   at System.Runtime.CompilerServices.AsyncTaskMethodBuilder`1.SetExistingTaskResult(Task`1 task, TResult result)
   at System.Runtime.CompilerServices.AsyncTaskMethodBuilder.SetResult()
   at MegaCrit.Sts2.Core.Saves.CloudSaveStore.SyncCloudToLocal(String path)
   at System.Runtime.CompilerServices.AsyncTaskMethodBuilder`1.AsyncStateMachineBox`1.ExecutionContextCallback(Object s)
   at System.Threading.ExecutionContext.RunInternal(ExecutionContext executionContext, ContextCallback callback, Object state)
   at System.Runtime.CompilerServices.AsyncTaskMethodBuilder`1.AsyncStateMachineBox`1.MoveNext(Thread threadPoolThread)
   at System.Runtime.CompilerServices.AsyncTaskMethodBuilder`1.AsyncStateMachineBox`1.MoveNext()
   at System.Threading.Tasks.AwaitTaskContinuation.RunOrScheduleAction(IAsyncStateMachineBox box, Boolean allowInlining)
   at System.Threading.Tasks.Task.RunContinuations(Object continuationObject)
   at System.Threading.Tasks.Task`1.TrySetResult(TResult result)
   at System.Runtime.CompilerServices.AsyncTaskMethodBuilder`1.SetExistingTaskResult(Task`1 task, TResult result)
   at System.Runtime.CompilerServices.AsyncTaskMethodBuilder.SetResult()
   at MegaCrit.Sts2.Core.Saves.CloudSaveStore.SyncCloudToLocalInternal(String path)
   at System.Runtime.CompilerServices.AsyncTaskMethodBuilder`1.AsyncStateMachineBox`1.ExecutionContextCallback(Object s)
   at System.Threading.ExecutionContext.RunInternal(ExecutionContext executionContext, ContextCallback callback, Object state)
   at System.Runtime.CompilerServices.AsyncTaskMethodBuilder`1.AsyncStateMachineBox`1.MoveNext(Thread threadPoolThread)
   at System.Runtime.CompilerServices.AsyncTaskMethodBuilder`1.AsyncStateMachineBox`1.MoveNext()
   at System.Threading.Tasks.AwaitTaskContinuation.RunOrScheduleAction(IAsyncStateMachineBox box, Boolean allowInlining)
   at System.Threading.Tasks.Task.RunContinuations(Object continuationObject)
   at System.Threading.Tasks.Task`1.TrySetResult(TResult result)
   at System.Runtime.CompilerServices.AsyncTaskMethodBuilder`1.SetExistingTaskResult(Task`1 task, TResult result)
   at System.Runtime.CompilerServices.AsyncTaskMethodBuilder.SetResult()
   at MegaCrit.Sts2.Core.Saves.GodotFileIo.WriteFileAsync(String path, Byte[] bytes)
   at System.Runtime.CompilerServices.AsyncTaskMethodBuilder`1.AsyncStateMachineBox`1.ExecutionContextCallback(Object s)
   at System.Threading.ExecutionContext.RunInternal(ExecutionContext executionContext, ContextCallback callback, Object state)
   at System.Runtime.CompilerServices.AsyncTaskMethodBuilder`1.AsyncStateMachineBox`1.MoveNext(Thread threadPoolThread)
   at System.Runtime.CompilerServices.AsyncTaskMethodBuilder`1.AsyncStateMachineBox`1.MoveNext()
   at System.Threading.Tasks.AwaitTaskContinuation.RunOrScheduleAction(IAsyncStateMachineBox box, Boolean allowInlining)
   at System.Threading.Tasks.Task.RunContinuations(Object continuationObject)
   at System.Threading.Tasks.Task.ExecuteWithThreadLocal(Task& currentTaskSlot, Thread threadPoolThread)
   at System.Threading.ThreadPoolWorkQueue.Dispatch()
   at System.Threading.PortableThreadPool.WorkerThread.WorkerThreadStart()

[INFO] Deleting modded/profile1\saves\history/1776867921.run.backup because it does not exist on remote
[ERROR] Error deleting path modded/profile1\saves\history/1776867921.run.backup.backup: Failed
   at MegaCrit.Sts2.Core.Saves.GodotFileIo.DeleteFile(String path)
   at MegaCrit.Sts2.Core.Saves.CloudSaveStore.SyncCloudToLocalInternal(String path)
   at System.Runtime.CompilerServices.AsyncMethodBuilderCore.Start[TStateMachine](TStateMachine& stateMachine)
   at MegaCrit.Sts2.Core.Saves.CloudSaveStore.SyncCloudToLocalInternal(String path)
   at MegaCrit.Sts2.Core.Saves.CloudSaveStore.SyncCloudToLocal(String path)
   at System.Runtime.CompilerServices.AsyncMethodBuilderCore.Start[TStateMachine](TStateMachine& stateMachine)
   at MegaCrit.Sts2.Core.Saves.CloudSaveStore.SyncCloudToLocal(String path)
   at MegaCrit.Sts2.Core.Saves.CloudSaveStore.SyncCloudToLocalDirectory(String directoryPath)+MoveNext()
   at MegaCrit.Sts2.Core.Saves.SaveManager.EnumerateCloudSyncTasks(CloudSaveStore cloudStore)+MoveNext()
   at MegaCrit.Sts2.Core.Saves.SaveManager.SyncCloudToLocal()
   at System.Runtime.CompilerServices.AsyncTaskMethodBuilder`1.AsyncStateMachineBox`1.ExecutionContextCallback(Object s)
   at System.Threading.ExecutionContext.RunInternal(ExecutionContext executionContext, ContextCallback callback, Object state)
   at System.Runtime.CompilerServices.AsyncTaskMethodBuilder`1.AsyncStateMachineBox`1.MoveNext(Thread threadPoolThread)
   at System.Runtime.CompilerServices.AsyncTaskMethodBuilder`1.AsyncStateMachineBox`1.MoveNext()
   at System.Threading.Tasks.AwaitTaskContinuation.RunOrScheduleAction(IAsyncStateMachineBox box, Boolean allowInlining)
   at System.Threading.Tasks.Task.RunContinuations(Object continuationObject)
   at System.Threading.Tasks.Task.TrySetResult()
   at System.Threading.Tasks.Task.WhenAllPromise.Invoke(Task completedTask)
   at System.Threading.Tasks.Task.RunContinuations(Object continuationObject)
   at System.Threading.Tasks.Task`1.TrySetResult(TResult result)
   at System.Runtime.CompilerServices.AsyncTaskMethodBuilder`1.SetExistingTaskResult(Task`1 task, TResult result)
   at System.Runtime.CompilerServices.AsyncTaskMethodBuilder.SetResult()
   at MegaCrit.Sts2.Core.Saves.CloudSaveStore.SyncCloudToLocal(String path)
   at System.Runtime.CompilerServices.AsyncTaskMethodBuilder`1.AsyncStateMachineBox`1.ExecutionContextCallback(Object s)
   at System.Threading.ExecutionContext.RunInternal(ExecutionContext executionContext, ContextCallback callback, Object state)
   at System.Runtime.CompilerServices.AsyncTaskMethodBuilder`1.AsyncStateMachineBox`1.MoveNext(Thread threadPoolThread)
   at System.Runtime.CompilerServices.AsyncTaskMethodBuilder`1.AsyncStateMachineBox`1.MoveNext()
   at System.Threading.Tasks.AwaitTaskContinuation.RunOrScheduleAction(IAsyncStateMachineBox box, Boolean allowInlining)
   at System.Threading.Tasks.Task.RunContinuations(Object continuationObject)
   at System.Threading.Tasks.Task`1.TrySetResult(TResult result)
   at System.Runtime.CompilerServices.AsyncTaskMethodBuilder`1.SetExistingTaskResult(Task`1 task, TResult result)
   at System.Runtime.CompilerServices.AsyncTaskMethodBuilder.SetResult()
   at MegaCrit.Sts2.Core.Saves.CloudSaveStore.SyncCloudToLocalInternal(String path)
   at System.Runtime.CompilerServices.AsyncTaskMethodBuilder`1.AsyncStateMachineBox`1.ExecutionContextCallback(Object s)
   at System.Threading.ExecutionContext.RunInternal(ExecutionContext executionContext, ContextCallback callback, Object state)
   at System.Runtime.CompilerServices.AsyncTaskMethodBuilder`1.AsyncStateMachineBox`1.MoveNext(Thread threadPoolThread)
   at System.Runtime.CompilerServices.AsyncTaskMethodBuilder`1.AsyncStateMachineBox`1.MoveNext()
   at System.Threading.Tasks.AwaitTaskContinuation.RunOrScheduleAction(IAsyncStateMachineBox box, Boolean allowInlining)
   at System.Threading.Tasks.Task.RunContinuations(Object continuationObject)
   at System.Threading.Tasks.Task`1.TrySetResult(TResult result)
   at System.Runtime.CompilerServices.AsyncTaskMethodBuilder`1.SetExistingTaskResult(Task`1 task, TResult result)
   at System.Runtime.CompilerServices.AsyncTaskMethodBuilder.SetResult()
   at MegaCrit.Sts2.Core.Saves.GodotFileIo.WriteFileAsync(String path, Byte[] bytes)
   at System.Runtime.CompilerServices.AsyncTaskMethodBuilder`1.AsyncStateMachineBox`1.ExecutionContextCallback(Object s)
   at System.Threading.ExecutionContext.RunInternal(ExecutionContext executionContext, ContextCallback callback, Object state)
   at System.Runtime.CompilerServices.AsyncTaskMethodBuilder`1.AsyncStateMachineBox`1.MoveNext(Thread threadPoolThread)
   at System.Runtime.CompilerServices.AsyncTaskMethodBuilder`1.AsyncStateMachineBox`1.MoveNext()
   at System.Threading.Tasks.AwaitTaskContinuation.RunOrScheduleAction(IAsyncStateMachineBox box, Boolean allowInlining)
   at System.Threading.Tasks.Task.RunContinuations(Object continuationObject)
   at System.Threading.Tasks.Task.ExecuteWithThreadLocal(Task& currentTaskSlot, Thread threadPoolThread)
   at System.Threading.ThreadPoolWorkQueue.Dispatch()
   at System.Threading.PortableThreadPool.WorkerThread.WorkerThreadStart()

[INFO] Deleting modded/profile1\saves\history/1776920830.run.backup because it does not exist on remote
[ERROR] Error deleting path modded/profile1\saves\history/1776920830.run.backup.backup: Failed
   at MegaCrit.Sts2.Core.Saves.GodotFileIo.DeleteFile(String path)
   at MegaCrit.Sts2.Core.Saves.CloudSaveStore.SyncCloudToLocalInternal(String path)
   at System.Runtime.CompilerServices.AsyncMethodBuilderCore.Start[TStateMachine](TStateMachine& stateMachine)
   at MegaCrit.Sts2.Core.Saves.CloudSaveStore.SyncCloudToLocalInternal(String path)
   at MegaCrit.Sts2.Core.Saves.CloudSaveStore.SyncCloudToLocal(String path)
   at System.Runtime.CompilerServices.AsyncMethodBuilderCore.Start[TStateMachine](TStateMachine& stateMachine)
   at MegaCrit.Sts2.Core.Saves.CloudSaveStore.SyncCloudToLocal(String path)
   at MegaCrit.Sts2.Core.Saves.CloudSaveStore.SyncCloudToLocalDirectory(String directoryPath)+MoveNext()
   at MegaCrit.Sts2.Core.Saves.SaveManager.EnumerateCloudSyncTasks(CloudSaveStore cloudStore)+MoveNext()
   at MegaCrit.Sts2.Core.Saves.SaveManager.SyncCloudToLocal()
   at System.Runtime.CompilerServices.AsyncTaskMethodBuilder`1.AsyncStateMachineBox`1.ExecutionContextCallback(Object s)
   at System.Threading.ExecutionContext.RunInternal(ExecutionContext executionContext, ContextCallback callback, Object state)
   at System.Runtime.CompilerServices.AsyncTaskMethodBuilder`1.AsyncStateMachineBox`1.MoveNext(Thread threadPoolThread)
   at System.Runtime.CompilerServices.AsyncTaskMethodBuilder`1.AsyncStateMachineBox`1.MoveNext()
   at System.Threading.Tasks.AwaitTaskContinuation.RunOrScheduleAction(IAsyncStateMachineBox box, Boolean allowInlining)
   at System.Threading.Tasks.Task.RunContinuations(Object continuationObject)
   at System.Threading.Tasks.Task.TrySetResult()
   at System.Threading.Tasks.Task.WhenAllPromise.Invoke(Task completedTask)
   at System.Threading.Tasks.Task.RunContinuations(Object continuationObject)
   at System.Threading.Tasks.Task`1.TrySetResult(TResult result)
   at System.Runtime.CompilerServices.AsyncTaskMethodBuilder`1.SetExistingTaskResult(Task`1 task, TResult result)
   at System.Runtime.CompilerServices.AsyncTaskMethodBuilder.SetResult()
   at MegaCrit.Sts2.Core.Saves.CloudSaveStore.SyncCloudToLocal(String path)
   at System.Runtime.CompilerServices.AsyncTaskMethodBuilder`1.AsyncStateMachineBox`1.ExecutionContextCallback(Object s)
   at System.Threading.ExecutionContext.RunInternal(ExecutionContext executionContext, ContextCallback callback, Object state)
   at System.Runtime.CompilerServices.AsyncTaskMethodBuilder`1.AsyncStateMachineBox`1.MoveNext(Thread threadPoolThread)
   at System.Runtime.CompilerServices.AsyncTaskMethodBuilder`1.AsyncStateMachineBox`1.MoveNext()
   at System.Threading.Tasks.AwaitTaskContinuation.RunOrScheduleAction(IAsyncStateMachineBox box, Boolean allowInlining)
   at System.Threading.Tasks.Task.RunContinuations(Object continuationObject)
   at System.Threading.Tasks.Task`1.TrySetResult(TResult result)
   at System.Runtime.CompilerServices.AsyncTaskMethodBuilder`1.SetExistingTaskResult(Task`1 task, TResult result)
   at System.Runtime.CompilerServices.AsyncTaskMethodBuilder.SetResult()
   at MegaCrit.Sts2.Core.Saves.CloudSaveStore.SyncCloudToLocalInternal(String path)
   at System.Runtime.CompilerServices.AsyncTaskMethodBuilder`1.AsyncStateMachineBox`1.ExecutionContextCallback(Object s)
   at System.Threading.ExecutionContext.RunInternal(ExecutionContext executionContext, ContextCallback callback, Object state)
   at System.Runtime.CompilerServices.AsyncTaskMethodBuilder`1.AsyncStateMachineBox`1.MoveNext(Thread threadPoolThread)
   at System.Runtime.CompilerServices.AsyncTaskMethodBuilder`1.AsyncStateMachineBox`1.MoveNext()
   at System.Threading.Tasks.AwaitTaskContinuation.RunOrScheduleAction(IAsyncStateMachineBox box, Boolean allowInlining)
   at System.Threading.Tasks.Task.RunContinuations(Object continuationObject)
   at System.Threading.Tasks.Task`1.TrySetResult(TResult result)
   at System.Runtime.CompilerServices.AsyncTaskMethodBuilder`1.SetExistingTaskResult(Task`1 task, TResult result)
   at System.Runtime.CompilerServices.AsyncTaskMethodBuilder.SetResult()
   at MegaCrit.Sts2.Core.Saves.GodotFileIo.WriteFileAsync(String path, Byte[] bytes)
   at System.Runtime.CompilerServices.AsyncTaskMethodBuilder`1.AsyncStateMachineBox`1.ExecutionContextCallback(Object s)
   at System.Threading.ExecutionContext.RunInternal(ExecutionContext executionContext, ContextCallback callback, Object state)
   at System.Runtime.CompilerServices.AsyncTaskMethodBuilder`1.AsyncStateMachineBox`1.MoveNext(Thread threadPoolThread)
   at System.Runtime.CompilerServices.AsyncTaskMethodBuilder`1.AsyncStateMachineBox`1.MoveNext()
   at System.Threading.Tasks.AwaitTaskContinuation.RunOrScheduleAction(IAsyncStateMachineBox box, Boolean allowInlining)
   at System.Threading.Tasks.Task.RunContinuations(Object continuationObject)
   at System.Threading.Tasks.Task.ExecuteWithThreadLocal(Task& currentTaskSlot, Thread threadPoolThread)
   at System.Threading.ThreadPoolWorkQueue.Dispatch()
   at System.Threading.PortableThreadPool.WorkerThread.WorkerThreadStart()

[INFO] Deleting modded/profile1\saves\history/1776921811.run.backup because it does not exist on remote
[ERROR] Error deleting path modded/profile1\saves\history/1776921811.run.backup.backup: Failed
   at MegaCrit.Sts2.Core.Saves.GodotFileIo.DeleteFile(String path)
   at MegaCrit.Sts2.Core.Saves.CloudSaveStore.SyncCloudToLocalInternal(String path)
   at System.Runtime.CompilerServices.AsyncMethodBuilderCore.Start[TStateMachine](TStateMachine& stateMachine)
   at MegaCrit.Sts2.Core.Saves.CloudSaveStore.SyncCloudToLocalInternal(String path)
   at MegaCrit.Sts2.Core.Saves.CloudSaveStore.SyncCloudToLocal(String path)
   at System.Runtime.CompilerServices.AsyncMethodBuilderCore.Start[TStateMachine](TStateMachine& stateMachine)
   at MegaCrit.Sts2.Core.Saves.CloudSaveStore.SyncCloudToLocal(String path)
   at MegaCrit.Sts2.Core.Saves.CloudSaveStore.SyncCloudToLocalDirectory(String directoryPath)+MoveNext()
   at MegaCrit.Sts2.Core.Saves.SaveManager.EnumerateCloudSyncTasks(CloudSaveStore cloudStore)+MoveNext()
   at MegaCrit.Sts2.Core.Saves.SaveManager.SyncCloudToLocal()
   at System.Runtime.CompilerServices.AsyncTaskMethodBuilder`1.AsyncStateMachineBox`1.ExecutionContextCallback(Object s)
   at System.Threading.ExecutionContext.RunInternal(ExecutionContext executionContext, ContextCallback callback, Object state)
   at System.Runtime.CompilerServices.AsyncTaskMethodBuilder`1.AsyncStateMachineBox`1.MoveNext(Thread threadPoolThread)
   at System.Runtime.CompilerServices.AsyncTaskMethodBuilder`1.AsyncStateMachineBox`1.MoveNext()
   at System.Threading.Tasks.AwaitTaskContinuation.RunOrScheduleAction(IAsyncStateMachineBox box, Boolean allowInlining)
   at System.Threading.Tasks.Task.RunContinuations(Object continuationObject)
   at System.Threading.Tasks.Task.TrySetResult()
   at System.Threading.Tasks.Task.WhenAllPromise.Invoke(Task completedTask)
   at System.Threading.Tasks.Task.RunContinuations(Object continuationObject)
   at System.Threading.Tasks.Task`1.TrySetResult(TResult result)
   at System.Runtime.CompilerServices.AsyncTaskMethodBuilder`1.SetExistingTaskResult(Task`1 task, TResult result)
   at System.Runtime.CompilerServices.AsyncTaskMethodBuilder.SetResult()
   at MegaCrit.Sts2.Core.Saves.CloudSaveStore.SyncCloudToLocal(String path)
   at System.Runtime.CompilerServices.AsyncTaskMethodBuilder`1.AsyncStateMachineBox`1.ExecutionContextCallback(Object s)
   at System.Threading.ExecutionContext.RunInternal(ExecutionContext executionContext, ContextCallback callback, Object state)
   at System.Runtime.CompilerServices.AsyncTaskMethodBuilder`1.AsyncStateMachineBox`1.MoveNext(Thread threadPoolThread)
   at System.Runtime.CompilerServices.AsyncTaskMethodBuilder`1.AsyncStateMachineBox`1.MoveNext()
   at System.Threading.Tasks.AwaitTaskContinuation.RunOrScheduleAction(IAsyncStateMachineBox box, Boolean allowInlining)
   at System.Threading.Tasks.Task.RunContinuations(Object continuationObject)
   at System.Threading.Tasks.Task`1.TrySetResult(TResult result)
   at System.Runtime.CompilerServices.AsyncTaskMethodBuilder`1.SetExistingTaskResult(Task`1 task, TResult result)
   at System.Runtime.CompilerServices.AsyncTaskMethodBuilder.SetResult()
   at MegaCrit.Sts2.Core.Saves.CloudSaveStore.SyncCloudToLocalInternal(String path)
   at System.Runtime.CompilerServices.AsyncTaskMethodBuilder`1.AsyncStateMachineBox`1.ExecutionContextCallback(Object s)
   at System.Threading.ExecutionContext.RunInternal(ExecutionContext executionContext, ContextCallback callback, Object state)
   at System.Runtime.CompilerServices.AsyncTaskMethodBuilder`1.AsyncStateMachineBox`1.MoveNext(Thread threadPoolThread)
   at System.Runtime.CompilerServices.AsyncTaskMethodBuilder`1.AsyncStateMachineBox`1.MoveNext()
   at System.Threading.Tasks.AwaitTaskContinuation.RunOrScheduleAction(IAsyncStateMachineBox box, Boolean allowInlining)
   at System.Threading.Tasks.Task.RunContinuations(Object continuationObject)
   at System.Threading.Tasks.Task`1.TrySetResult(TResult result)
   at System.Runtime.CompilerServices.AsyncTaskMethodBuilder`1.SetExistingTaskResult(Task`1 task, TResult result)
   at System.Runtime.CompilerServices.AsyncTaskMethodBuilder.SetResult()
   at MegaCrit.Sts2.Core.Saves.GodotFileIo.WriteFileAsync(String path, Byte[] bytes)
   at System.Runtime.CompilerServices.AsyncTaskMethodBuilder`1.AsyncStateMachineBox`1.ExecutionContextCallback(Object s)
   at System.Threading.ExecutionContext.RunInternal(ExecutionContext executionContext, ContextCallback callback, Object state)
   at System.Runtime.CompilerServices.AsyncTaskMethodBuilder`1.AsyncStateMachineBox`1.MoveNext(Thread threadPoolThread)
   at System.Runtime.CompilerServices.AsyncTaskMethodBuilder`1.AsyncStateMachineBox`1.MoveNext()
   at System.Threading.Tasks.AwaitTaskContinuation.RunOrScheduleAction(IAsyncStateMachineBox box, Boolean allowInlining)
   at System.Threading.Tasks.Task.RunContinuations(Object continuationObject)
   at System.Threading.Tasks.Task.ExecuteWithThreadLocal(Task& currentTaskSlot, Thread threadPoolThread)
   at System.Threading.ThreadPoolWorkQueue.Dispatch()
   at System.Threading.PortableThreadPool.WorkerThread.WorkerThreadStart()

[INFO] Deleting modded/profile1\saves\history/1776934937.run.backup because it does not exist on remote
[ERROR] Error deleting path modded/profile1\saves\history/1776934937.run.backup.backup: Failed
   at MegaCrit.Sts2.Core.Saves.GodotFileIo.DeleteFile(String path)
   at MegaCrit.Sts2.Core.Saves.CloudSaveStore.SyncCloudToLocalInternal(String path)
   at System.Runtime.CompilerServices.AsyncMethodBuilderCore.Start[TStateMachine](TStateMachine& stateMachine)
   at MegaCrit.Sts2.Core.Saves.CloudSaveStore.SyncCloudToLocalInternal(String path)
   at MegaCrit.Sts2.Core.Saves.CloudSaveStore.SyncCloudToLocal(String path)
   at System.Runtime.CompilerServices.AsyncMethodBuilderCore.Start[TStateMachine](TStateMachine& stateMachine)
   at MegaCrit.Sts2.Core.Saves.CloudSaveStore.SyncCloudToLocal(String path)
   at MegaCrit.Sts2.Core.Saves.CloudSaveStore.SyncCloudToLocalDirectory(String directoryPath)+MoveNext()
   at MegaCrit.Sts2.Core.Saves.SaveManager.EnumerateCloudSyncTasks(CloudSaveStore cloudStore)+MoveNext()
   at MegaCrit.Sts2.Core.Saves.SaveManager.SyncCloudToLocal()
   at System.Runtime.CompilerServices.AsyncTaskMethodBuilder`1.AsyncStateMachineBox`1.ExecutionContextCallback(Object s)
   at System.Threading.ExecutionContext.RunInternal(ExecutionContext executionContext, ContextCallback callback, Object state)
   at System.Runtime.CompilerServices.AsyncTaskMethodBuilder`1.AsyncStateMachineBox`1.MoveNext(Thread threadPoolThread)
   at System.Runtime.CompilerServices.AsyncTaskMethodBuilder`1.AsyncStateMachineBox`1.MoveNext()
   at System.Threading.Tasks.AwaitTaskContinuation.RunOrScheduleAction(IAsyncStateMachineBox box, Boolean allowInlining)
   at System.Threading.Tasks.Task.RunContinuations(Object continuationObject)
   at System.Threading.Tasks.Task.TrySetResult()
   at System.Threading.Tasks.Task.WhenAllPromise.Invoke(Task completedTask)
   at System.Threading.Tasks.Task.RunContinuations(Object continuationObject)
   at System.Threading.Tasks.Task`1.TrySetResult(TResult result)
   at System.Runtime.CompilerServices.AsyncTaskMethodBuilder`1.SetExistingTaskResult(Task`1 task, TResult result)
   at System.Runtime.CompilerServices.AsyncTaskMethodBuilder.SetResult()
   at MegaCrit.Sts2.Core.Saves.CloudSaveStore.SyncCloudToLocal(String path)
   at System.Runtime.CompilerServices.AsyncTaskMethodBuilder`1.AsyncStateMachineBox`1.ExecutionContextCallback(Object s)
   at System.Threading.ExecutionContext.RunInternal(ExecutionContext executionContext, ContextCallback callback, Object state)
   at System.Runtime.CompilerServices.AsyncTaskMethodBuilder`1.AsyncStateMachineBox`1.MoveNext(Thread threadPoolThread)
   at System.Runtime.CompilerServices.AsyncTaskMethodBuilder`1.AsyncStateMachineBox`1.MoveNext()
   at System.Threading.Tasks.AwaitTaskContinuation.RunOrScheduleAction(IAsyncStateMachineBox box, Boolean allowInlining)
   at System.Threading.Tasks.Task.RunContinuations(Object continuationObject)
   at System.Threading.Tasks.Task`1.TrySetResult(TResult result)
   at System.Runtime.CompilerServices.AsyncTaskMethodBuilder`1.SetExistingTaskResult(Task`1 task, TResult result)
   at System.Runtime.CompilerServices.AsyncTaskMethodBuilder.SetResult()
   at MegaCrit.Sts2.Core.Saves.CloudSaveStore.SyncCloudToLocalInternal(String path)
   at System.Runtime.CompilerServices.AsyncTaskMethodBuilder`1.AsyncStateMachineBox`1.ExecutionContextCallback(Object s)
   at System.Threading.ExecutionContext.RunInternal(ExecutionContext executionContext, ContextCallback callback, Object state)
   at System.Runtime.CompilerServices.AsyncTaskMethodBuilder`1.AsyncStateMachineBox`1.MoveNext(Thread threadPoolThread)
   at System.Runtime.CompilerServices.AsyncTaskMethodBuilder`1.AsyncStateMachineBox`1.MoveNext()
   at System.Threading.Tasks.AwaitTaskContinuation.RunOrScheduleAction(IAsyncStateMachineBox box, Boolean allowInlining)
   at System.Threading.Tasks.Task.RunContinuations(Object continuationObject)
   at System.Threading.Tasks.Task`1.TrySetResult(TResult result)
   at System.Runtime.CompilerServices.AsyncTaskMethodBuilder`1.SetExistingTaskResult(Task`1 task, TResult result)
   at System.Runtime.CompilerServices.AsyncTaskMethodBuilder.SetResult()
   at MegaCrit.Sts2.Core.Saves.GodotFileIo.WriteFileAsync(String path, Byte[] bytes)
   at System.Runtime.CompilerServices.AsyncTaskMethodBuilder`1.AsyncStateMachineBox`1.ExecutionContextCallback(Object s)
   at System.Threading.ExecutionContext.RunInternal(ExecutionContext executionContext, ContextCallback callback, Object state)
   at System.Runtime.CompilerServices.AsyncTaskMethodBuilder`1.AsyncStateMachineBox`1.MoveNext(Thread threadPoolThread)
   at System.Runtime.CompilerServices.AsyncTaskMethodBuilder`1.AsyncStateMachineBox`1.MoveNext()
   at System.Threading.Tasks.AwaitTaskContinuation.RunOrScheduleAction(IAsyncStateMachineBox box, Boolean allowInlining)
   at System.Threading.Tasks.Task.RunContinuations(Object continuationObject)
   at System.Threading.Tasks.Task.ExecuteWithThreadLocal(Task& currentTaskSlot, Thread threadPoolThread)
   at System.Threading.ThreadPoolWorkQueue.Dispatch()
   at System.Threading.PortableThreadPool.WorkerThread.WorkerThreadStart()

[INFO] Deleting modded/profile1\saves\history/1776935421.run.backup because it does not exist on remote
[ERROR] Error deleting path modded/profile1\saves\history/1776935421.run.backup.backup: Failed
   at MegaCrit.Sts2.Core.Saves.GodotFileIo.DeleteFile(String path)
   at MegaCrit.Sts2.Core.Saves.CloudSaveStore.SyncCloudToLocalInternal(String path)
   at System.Runtime.CompilerServices.AsyncMethodBuilderCore.Start[TStateMachine](TStateMachine& stateMachine)
   at MegaCrit.Sts2.Core.Saves.CloudSaveStore.SyncCloudToLocalInternal(String path)
   at MegaCrit.Sts2.Core.Saves.CloudSaveStore.SyncCloudToLocal(String path)
   at System.Runtime.CompilerServices.AsyncMethodBuilderCore.Start[TStateMachine](TStateMachine& stateMachine)
   at MegaCrit.Sts2.Core.Saves.CloudSaveStore.SyncCloudToLocal(String path)
   at MegaCrit.Sts2.Core.Saves.CloudSaveStore.SyncCloudToLocalDirectory(String directoryPath)+MoveNext()
   at MegaCrit.Sts2.Core.Saves.SaveManager.EnumerateCloudSyncTasks(CloudSaveStore cloudStore)+MoveNext()
   at MegaCrit.Sts2.Core.Saves.SaveManager.SyncCloudToLocal()
   at System.Runtime.CompilerServices.AsyncTaskMethodBuilder`1.AsyncStateMachineBox`1.ExecutionContextCallback(Object s)
   at System.Threading.ExecutionContext.RunInternal(ExecutionContext executionContext, ContextCallback callback, Object state)
   at System.Runtime.CompilerServices.AsyncTaskMethodBuilder`1.AsyncStateMachineBox`1.MoveNext(Thread threadPoolThread)
   at System.Runtime.CompilerServices.AsyncTaskMethodBuilder`1.AsyncStateMachineBox`1.MoveNext()
   at System.Threading.Tasks.AwaitTaskContinuation.RunOrScheduleAction(IAsyncStateMachineBox box, Boolean allowInlining)
   at System.Threading.Tasks.Task.RunContinuations(Object continuationObject)
   at System.Threading.Tasks.Task.TrySetResult()
   at System.Threading.Tasks.Task.WhenAllPromise.Invoke(Task completedTask)
   at System.Threading.Tasks.Task.RunContinuations(Object continuationObject)
   at System.Threading.Tasks.Task`1.TrySetResult(TResult result)
   at System.Runtime.CompilerServices.AsyncTaskMethodBuilder`1.SetExistingTaskResult(Task`1 task, TResult result)
   at System.Runtime.CompilerServices.AsyncTaskMethodBuilder.SetResult()
   at MegaCrit.Sts2.Core.Saves.CloudSaveStore.SyncCloudToLocal(String path)
   at System.Runtime.CompilerServices.AsyncTaskMethodBuilder`1.AsyncStateMachineBox`1.ExecutionContextCallback(Object s)
   at System.Threading.ExecutionContext.RunInternal(ExecutionContext executionContext, ContextCallback callback, Object state)
   at System.Runtime.CompilerServices.AsyncTaskMethodBuilder`1.AsyncStateMachineBox`1.MoveNext(Thread threadPoolThread)
   at System.Runtime.CompilerServices.AsyncTaskMethodBuilder`1.AsyncStateMachineBox`1.MoveNext()
   at System.Threading.Tasks.AwaitTaskContinuation.RunOrScheduleAction(IAsyncStateMachineBox box, Boolean allowInlining)
   at System.Threading.Tasks.Task.RunContinuations(Object continuationObject)
   at System.Threading.Tasks.Task`1.TrySetResult(TResult result)
   at System.Runtime.CompilerServices.AsyncTaskMethodBuilder`1.SetExistingTaskResult(Task`1 task, TResult result)
   at System.Runtime.CompilerServices.AsyncTaskMethodBuilder.SetResult()
   at MegaCrit.Sts2.Core.Saves.CloudSaveStore.SyncCloudToLocalInternal(String path)
   at System.Runtime.CompilerServices.AsyncTaskMethodBuilder`1.AsyncStateMachineBox`1.ExecutionContextCallback(Object s)
   at System.Threading.ExecutionContext.RunInternal(ExecutionContext executionContext, ContextCallback callback, Object state)
   at System.Runtime.CompilerServices.AsyncTaskMethodBuilder`1.AsyncStateMachineBox`1.MoveNext(Thread threadPoolThread)
   at System.Runtime.CompilerServices.AsyncTaskMethodBuilder`1.AsyncStateMachineBox`1.MoveNext()
   at System.Threading.Tasks.AwaitTaskContinuation.RunOrScheduleAction(IAsyncStateMachineBox box, Boolean allowInlining)
   at System.Threading.Tasks.Task.RunContinuations(Object continuationObject)
   at System.Threading.Tasks.Task`1.TrySetResult(TResult result)
   at System.Runtime.CompilerServices.AsyncTaskMethodBuilder`1.SetExistingTaskResult(Task`1 task, TResult result)
   at System.Runtime.CompilerServices.AsyncTaskMethodBuilder.SetResult()
   at MegaCrit.Sts2.Core.Saves.GodotFileIo.WriteFileAsync(String path, Byte[] bytes)
   at System.Runtime.CompilerServices.AsyncTaskMethodBuilder`1.AsyncStateMachineBox`1.ExecutionContextCallback(Object s)
   at System.Threading.ExecutionContext.RunInternal(ExecutionContext executionContext, ContextCallback callback, Object state)
   at System.Runtime.CompilerServices.AsyncTaskMethodBuilder`1.AsyncStateMachineBox`1.MoveNext(Thread threadPoolThread)
   at System.Runtime.CompilerServices.AsyncTaskMethodBuilder`1.AsyncStateMachineBox`1.MoveNext()
   at System.Threading.Tasks.AwaitTaskContinuation.RunOrScheduleAction(IAsyncStateMachineBox box, Boolean allowInlining)
   at System.Threading.Tasks.Task.RunContinuations(Object continuationObject)
   at System.Threading.Tasks.Task.ExecuteWithThreadLocal(Task& currentTaskSlot, Thread threadPoolThread)
   at System.Threading.ThreadPoolWorkQueue.Dispatch()
   at System.Threading.PortableThreadPool.WorkerThread.WorkerThreadStart()

[INFO] Deleting modded/profile1\saves\history/1776935932.run.backup because it does not exist on remote
[ERROR] Error deleting path modded/profile1\saves\history/1776935932.run.backup.backup: Failed
   at MegaCrit.Sts2.Core.Saves.GodotFileIo.DeleteFile(String path)
   at MegaCrit.Sts2.Core.Saves.CloudSaveStore.SyncCloudToLocalInternal(String path)
   at System.Runtime.CompilerServices.AsyncMethodBuilderCore.Start[TStateMachine](TStateMachine& stateMachine)
   at MegaCrit.Sts2.Core.Saves.CloudSaveStore.SyncCloudToLocalInternal(String path)
   at MegaCrit.Sts2.Core.Saves.CloudSaveStore.SyncCloudToLocal(String path)
   at System.Runtime.CompilerServices.AsyncMethodBuilderCore.Start[TStateMachine](TStateMachine& stateMachine)
   at MegaCrit.Sts2.Core.Saves.CloudSaveStore.SyncCloudToLocal(String path)
   at MegaCrit.Sts2.Core.Saves.CloudSaveStore.SyncCloudToLocalDirectory(String directoryPath)+MoveNext()
   at MegaCrit.Sts2.Core.Saves.SaveManager.EnumerateCloudSyncTasks(CloudSaveStore cloudStore)+MoveNext()
   at MegaCrit.Sts2.Core.Saves.SaveManager.SyncCloudToLocal()
   at System.Runtime.CompilerServices.AsyncTaskMethodBuilder`1.AsyncStateMachineBox`1.ExecutionContextCallback(Object s)
   at System.Threading.ExecutionContext.RunInternal(ExecutionContext executionContext, ContextCallback callback, Object state)
   at System.Runtime.CompilerServices.AsyncTaskMethodBuilder`1.AsyncStateMachineBox`1.MoveNext(Thread threadPoolThread)
   at System.Runtime.CompilerServices.AsyncTaskMethodBuilder`1.AsyncStateMachineBox`1.MoveNext()
   at System.Threading.Tasks.AwaitTaskContinuation.RunOrScheduleAction(IAsyncStateMachineBox box, Boolean allowInlining)
   at System.Threading.Tasks.Task.RunContinuations(Object continuationObject)
   at System.Threading.Tasks.Task.TrySetResult()
   at System.Threading.Tasks.Task.WhenAllPromise.Invoke(Task completedTask)
   at System.Threading.Tasks.Task.RunContinuations(Object continuationObject)
   at System.Threading.Tasks.Task`1.TrySetResult(TResult result)
   at System.Runtime.CompilerServices.AsyncTaskMethodBuilder`1.SetExistingTaskResult(Task`1 task, TResult result)
   at System.Runtime.CompilerServices.AsyncTaskMethodBuilder.SetResult()
   at MegaCrit.Sts2.Core.Saves.CloudSaveStore.SyncCloudToLocal(String path)
   at System.Runtime.CompilerServices.AsyncTaskMethodBuilder`1.AsyncStateMachineBox`1.ExecutionContextCallback(Object s)
   at System.Threading.ExecutionContext.RunInternal(ExecutionContext executionContext, ContextCallback callback, Object state)
   at System.Runtime.CompilerServices.AsyncTaskMethodBuilder`1.AsyncStateMachineBox`1.MoveNext(Thread threadPoolThread)
   at System.Runtime.CompilerServices.AsyncTaskMethodBuilder`1.AsyncStateMachineBox`1.MoveNext()
   at System.Threading.Tasks.AwaitTaskContinuation.RunOrScheduleAction(IAsyncStateMachineBox box, Boolean allowInlining)
   at System.Threading.Tasks.Task.RunContinuations(Object continuationObject)
   at System.Threading.Tasks.Task`1.TrySetResult(TResult result)
   at System.Runtime.CompilerServices.AsyncTaskMethodBuilder`1.SetExistingTaskResult(Task`1 task, TResult result)
   at System.Runtime.CompilerServices.AsyncTaskMethodBuilder.SetResult()
   at MegaCrit.Sts2.Core.Saves.CloudSaveStore.SyncCloudToLocalInternal(String path)
   at System.Runtime.CompilerServices.AsyncTaskMethodBuilder`1.AsyncStateMachineBox`1.ExecutionContextCallback(Object s)
   at System.Threading.ExecutionContext.RunInternal(ExecutionContext executionContext, ContextCallback callback, Object state)
   at System.Runtime.CompilerServices.AsyncTaskMethodBuilder`1.AsyncStateMachineBox`1.MoveNext(Thread threadPoolThread)
   at System.Runtime.CompilerServices.AsyncTaskMethodBuilder`1.AsyncStateMachineBox`1.MoveNext()
   at System.Threading.Tasks.AwaitTaskContinuation.RunOrScheduleAction(IAsyncStateMachineBox box, Boolean allowInlining)
   at System.Threading.Tasks.Task.RunContinuations(Object continuationObject)
   at System.Threading.Tasks.Task`1.TrySetResult(TResult result)
   at System.Runtime.CompilerServices.AsyncTaskMethodBuilder`1.SetExistingTaskResult(Task`1 task, TResult result)
   at System.Runtime.CompilerServices.AsyncTaskMethodBuilder.SetResult()
   at MegaCrit.Sts2.Core.Saves.GodotFileIo.WriteFileAsync(String path, Byte[] bytes)
   at System.Runtime.CompilerServices.AsyncTaskMethodBuilder`1.AsyncStateMachineBox`1.ExecutionContextCallback(Object s)
   at System.Threading.ExecutionContext.RunInternal(ExecutionContext executionContext, ContextCallback callback, Object state)
   at System.Runtime.CompilerServices.AsyncTaskMethodBuilder`1.AsyncStateMachineBox`1.MoveNext(Thread threadPoolThread)
   at System.Runtime.CompilerServices.AsyncTaskMethodBuilder`1.AsyncStateMachineBox`1.MoveNext()
   at System.Threading.Tasks.AwaitTaskContinuation.RunOrScheduleAction(IAsyncStateMachineBox box, Boolean allowInlining)
   at System.Threading.Tasks.Task.RunContinuations(Object continuationObject)
   at System.Threading.Tasks.Task.ExecuteWithThreadLocal(Task& currentTaskSlot, Thread threadPoolThread)
   at System.Threading.ThreadPoolWorkQueue.Dispatch()
   at System.Threading.PortableThreadPool.WorkerThread.WorkerThreadStart()

[INFO] Deleting modded/profile1\saves\history/1776946912.run.backup because it does not exist on remote
[ERROR] Error deleting path modded/profile1\saves\history/1776946912.run.backup.backup: Failed
   at MegaCrit.Sts2.Core.Saves.GodotFileIo.DeleteFile(String path)
   at MegaCrit.Sts2.Core.Saves.CloudSaveStore.SyncCloudToLocalInternal(String path)
   at System.Runtime.CompilerServices.AsyncMethodBuilderCore.Start[TStateMachine](TStateMachine& stateMachine)
   at MegaCrit.Sts2.Core.Saves.CloudSaveStore.SyncCloudToLocalInternal(String path)
   at MegaCrit.Sts2.Core.Saves.CloudSaveStore.SyncCloudToLocal(String path)
   at System.Runtime.CompilerServices.AsyncMethodBuilderCore.Start[TStateMachine](TStateMachine& stateMachine)
   at MegaCrit.Sts2.Core.Saves.CloudSaveStore.SyncCloudToLocal(String path)
   at MegaCrit.Sts2.Core.Saves.CloudSaveStore.SyncCloudToLocalDirectory(String directoryPath)+MoveNext()
   at MegaCrit.Sts2.Core.Saves.SaveManager.EnumerateCloudSyncTasks(CloudSaveStore cloudStore)+MoveNext()
   at MegaCrit.Sts2.Core.Saves.SaveManager.SyncCloudToLocal()
   at System.Runtime.CompilerServices.AsyncTaskMethodBuilder`1.AsyncStateMachineBox`1.ExecutionContextCallback(Object s)
   at System.Threading.ExecutionContext.RunInternal(ExecutionContext executionContext, ContextCallback callback, Object state)
   at System.Runtime.CompilerServices.AsyncTaskMethodBuilder`1.AsyncStateMachineBox`1.MoveNext(Thread threadPoolThread)
   at System.Runtime.CompilerServices.AsyncTaskMethodBuilder`1.AsyncStateMachineBox`1.MoveNext()
   at System.Threading.Tasks.AwaitTaskContinuation.RunOrScheduleAction(IAsyncStateMachineBox box, Boolean allowInlining)
   at System.Threading.Tasks.Task.RunContinuations(Object continuationObject)
   at System.Threading.Tasks.Task.TrySetResult()
   at System.Threading.Tasks.Task.WhenAllPromise.Invoke(Task completedTask)
   at System.Threading.Tasks.Task.RunContinuations(Object continuationObject)
   at System.Threading.Tasks.Task`1.TrySetResult(TResult result)
   at System.Runtime.CompilerServices.AsyncTaskMethodBuilder`1.SetExistingTaskResult(Task`1 task, TResult result)
   at System.Runtime.CompilerServices.AsyncTaskMethodBuilder.SetResult()
   at MegaCrit.Sts2.Core.Saves.CloudSaveStore.SyncCloudToLocal(String path)
   at System.Runtime.CompilerServices.AsyncTaskMethodBuilder`1.AsyncStateMachineBox`1.ExecutionContextCallback(Object s)
   at System.Threading.ExecutionContext.RunInternal(ExecutionContext executionContext, ContextCallback callback, Object state)
   at System.Runtime.CompilerServices.AsyncTaskMethodBuilder`1.AsyncStateMachineBox`1.MoveNext(Thread threadPoolThread)
   at System.Runtime.CompilerServices.AsyncTaskMethodBuilder`1.AsyncStateMachineBox`1.MoveNext()
   at System.Threading.Tasks.AwaitTaskContinuation.RunOrScheduleAction(IAsyncStateMachineBox box, Boolean allowInlining)
   at System.Threading.Tasks.Task.RunContinuations(Object continuationObject)
   at System.Threading.Tasks.Task`1.TrySetResult(TResult result)
   at System.Runtime.CompilerServices.AsyncTaskMethodBuilder`1.SetExistingTaskResult(Task`1 task, TResult result)
   at System.Runtime.CompilerServices.AsyncTaskMethodBuilder.SetResult()
   at MegaCrit.Sts2.Core.Saves.CloudSaveStore.SyncCloudToLocalInternal(String path)
   at System.Runtime.CompilerServices.AsyncTaskMethodBuilder`1.AsyncStateMachineBox`1.ExecutionContextCallback(Object s)
   at System.Threading.ExecutionContext.RunInternal(ExecutionContext executionContext, ContextCallback callback, Object state)
   at System.Runtime.CompilerServices.AsyncTaskMethodBuilder`1.AsyncStateMachineBox`1.MoveNext(Thread threadPoolThread)
   at System.Runtime.CompilerServices.AsyncTaskMethodBuilder`1.AsyncStateMachineBox`1.MoveNext()
   at System.Threading.Tasks.AwaitTaskContinuation.RunOrScheduleAction(IAsyncStateMachineBox box, Boolean allowInlining)
   at System.Threading.Tasks.Task.RunContinuations(Object continuationObject)
   at System.Threading.Tasks.Task`1.TrySetResult(TResult result)
   at System.Runtime.CompilerServices.AsyncTaskMethodBuilder`1.SetExistingTaskResult(Task`1 task, TResult result)
   at System.Runtime.CompilerServices.AsyncTaskMethodBuilder.SetResult()
   at MegaCrit.Sts2.Core.Saves.GodotFileIo.WriteFileAsync(String path, Byte[] bytes)
   at System.Runtime.CompilerServices.AsyncTaskMethodBuilder`1.AsyncStateMachineBox`1.ExecutionContextCallback(Object s)
   at System.Threading.ExecutionContext.RunInternal(ExecutionContext executionContext, ContextCallback callback, Object state)
   at System.Runtime.CompilerServices.AsyncTaskMethodBuilder`1.AsyncStateMachineBox`1.MoveNext(Thread threadPoolThread)
   at System.Runtime.CompilerServices.AsyncTaskMethodBuilder`1.AsyncStateMachineBox`1.MoveNext()
   at System.Threading.Tasks.AwaitTaskContinuation.RunOrScheduleAction(IAsyncStateMachineBox box, Boolean allowInlining)
   at System.Threading.Tasks.Task.RunContinuations(Object continuationObject)
   at System.Threading.Tasks.Task.ExecuteWithThreadLocal(Task& currentTaskSlot, Thread threadPoolThread)
   at System.Threading.ThreadPoolWorkQueue.Dispatch()
   at System.Threading.PortableThreadPool.WorkerThread.WorkerThreadStart()

[INFO] Deleting modded/profile1\saves\history/1776947144.run.backup because it does not exist on remote
[ERROR] Error deleting path modded/profile1\saves\history/1776947144.run.backup.backup: Failed
   at MegaCrit.Sts2.Core.Saves.GodotFileIo.DeleteFile(String path)
   at MegaCrit.Sts2.Core.Saves.CloudSaveStore.SyncCloudToLocalInternal(String path)
   at System.Runtime.CompilerServices.AsyncMethodBuilderCore.Start[TStateMachine](TStateMachine& stateMachine)
   at MegaCrit.Sts2.Core.Saves.CloudSaveStore.SyncCloudToLocalInternal(String path)
   at MegaCrit.Sts2.Core.Saves.CloudSaveStore.SyncCloudToLocal(String path)
   at System.Runtime.CompilerServices.AsyncMethodBuilderCore.Start[TStateMachine](TStateMachine& stateMachine)
   at MegaCrit.Sts2.Core.Saves.CloudSaveStore.SyncCloudToLocal(String path)
   at MegaCrit.Sts2.Core.Saves.CloudSaveStore.SyncCloudToLocalDirectory(String directoryPath)+MoveNext()
   at MegaCrit.Sts2.Core.Saves.SaveManager.EnumerateCloudSyncTasks(CloudSaveStore cloudStore)+MoveNext()
   at MegaCrit.Sts2.Core.Saves.SaveManager.SyncCloudToLocal()
   at System.Runtime.CompilerServices.AsyncTaskMethodBuilder`1.AsyncStateMachineBox`1.ExecutionContextCallback(Object s)
   at System.Threading.ExecutionContext.RunInternal(ExecutionContext executionContext, ContextCallback callback, Object state)
   at System.Runtime.CompilerServices.AsyncTaskMethodBuilder`1.AsyncStateMachineBox`1.MoveNext(Thread threadPoolThread)
   at System.Runtime.CompilerServices.AsyncTaskMethodBuilder`1.AsyncStateMachineBox`1.MoveNext()
   at System.Threading.Tasks.AwaitTaskContinuation.RunOrScheduleAction(IAsyncStateMachineBox box, Boolean allowInlining)
   at System.Threading.Tasks.Task.RunContinuations(Object continuationObject)
   at System.Threading.Tasks.Task.TrySetResult()
   at System.Threading.Tasks.Task.WhenAllPromise.Invoke(Task completedTask)
   at System.Threading.Tasks.Task.RunContinuations(Object continuationObject)
   at System.Threading.Tasks.Task`1.TrySetResult(TResult result)
   at System.Runtime.CompilerServices.AsyncTaskMethodBuilder`1.SetExistingTaskResult(Task`1 task, TResult result)
   at System.Runtime.CompilerServices.AsyncTaskMethodBuilder.SetResult()
   at MegaCrit.Sts2.Core.Saves.CloudSaveStore.SyncCloudToLocal(String path)
   at System.Runtime.CompilerServices.AsyncTaskMethodBuilder`1.AsyncStateMachineBox`1.ExecutionContextCallback(Object s)
   at System.Threading.ExecutionContext.RunInternal(ExecutionContext executionContext, ContextCallback callback, Object state)
   at System.Runtime.CompilerServices.AsyncTaskMethodBuilder`1.AsyncStateMachineBox`1.MoveNext(Thread threadPoolThread)
   at System.Runtime.CompilerServices.AsyncTaskMethodBuilder`1.AsyncStateMachineBox`1.MoveNext()
   at System.Threading.Tasks.AwaitTaskContinuation.RunOrScheduleAction(IAsyncStateMachineBox box, Boolean allowInlining)
   at System.Threading.Tasks.Task.RunContinuations(Object continuationObject)
   at System.Threading.Tasks.Task`1.TrySetResult(TResult result)
   at System.Runtime.CompilerServices.AsyncTaskMethodBuilder`1.SetExistingTaskResult(Task`1 task, TResult result)
   at System.Runtime.CompilerServices.AsyncTaskMethodBuilder.SetResult()
   at MegaCrit.Sts2.Core.Saves.CloudSaveStore.SyncCloudToLocalInternal(String path)
   at System.Runtime.CompilerServices.AsyncTaskMethodBuilder`1.AsyncStateMachineBox`1.ExecutionContextCallback(Object s)
   at System.Threading.ExecutionContext.RunInternal(ExecutionContext executionContext, ContextCallback callback, Object state)
   at System.Runtime.CompilerServices.AsyncTaskMethodBuilder`1.AsyncStateMachineBox`1.MoveNext(Thread threadPoolThread)
   at System.Runtime.CompilerServices.AsyncTaskMethodBuilder`1.AsyncStateMachineBox`1.MoveNext()
   at System.Threading.Tasks.AwaitTaskContinuation.RunOrScheduleAction(IAsyncStateMachineBox box, Boolean allowInlining)
   at System.Threading.Tasks.Task.RunContinuations(Object continuationObject)
   at System.Threading.Tasks.Task`1.TrySetResult(TResult result)
   at System.Runtime.CompilerServices.AsyncTaskMethodBuilder`1.SetExistingTaskResult(Task`1 task, TResult result)
   at System.Runtime.CompilerServices.AsyncTaskMethodBuilder.SetResult()
   at MegaCrit.Sts2.Core.Saves.GodotFileIo.WriteFileAsync(String path, Byte[] bytes)
   at System.Runtime.CompilerServices.AsyncTaskMethodBuilder`1.AsyncStateMachineBox`1.ExecutionContextCallback(Object s)
   at System.Threading.ExecutionContext.RunInternal(ExecutionContext executionContext, ContextCallback callback, Object state)
   at System.Runtime.CompilerServices.AsyncTaskMethodBuilder`1.AsyncStateMachineBox`1.MoveNext(Thread threadPoolThread)
   at System.Runtime.CompilerServices.AsyncTaskMethodBuilder`1.AsyncStateMachineBox`1.MoveNext()
   at System.Threading.Tasks.AwaitTaskContinuation.RunOrScheduleAction(IAsyncStateMachineBox box, Boolean allowInlining)
   at System.Threading.Tasks.Task.RunContinuations(Object continuationObject)
   at System.Threading.Tasks.Task.ExecuteWithThreadLocal(Task& currentTaskSlot, Thread threadPoolThread)
   at System.Threading.ThreadPoolWorkQueue.Dispatch()
   at System.Threading.PortableThreadPool.WorkerThread.WorkerThreadStart()

[INFO] Deleting modded/profile1\saves\history/1776948643.run.backup because it does not exist on remote
[ERROR] Error deleting path modded/profile1\saves\history/1776948643.run.backup.backup: Failed
   at MegaCrit.Sts2.Core.Saves.GodotFileIo.DeleteFile(String path)
   at MegaCrit.Sts2.Core.Saves.CloudSaveStore.SyncCloudToLocalInternal(String path)
   at System.Runtime.CompilerServices.AsyncMethodBuilderCore.Start[TStateMachine](TStateMachine& stateMachine)
   at MegaCrit.Sts2.Core.Saves.CloudSaveStore.SyncCloudToLocalInternal(String path)
   at MegaCrit.Sts2.Core.Saves.CloudSaveStore.SyncCloudToLocal(String path)
   at System.Runtime.CompilerServices.AsyncMethodBuilderCore.Start[TStateMachine](TStateMachine& stateMachine)
   at MegaCrit.Sts2.Core.Saves.CloudSaveStore.SyncCloudToLocal(String path)
   at MegaCrit.Sts2.Core.Saves.CloudSaveStore.SyncCloudToLocalDirectory(String directoryPath)+MoveNext()
   at MegaCrit.Sts2.Core.Saves.SaveManager.EnumerateCloudSyncTasks(CloudSaveStore cloudStore)+MoveNext()
   at MegaCrit.Sts2.Core.Saves.SaveManager.SyncCloudToLocal()
   at System.Runtime.CompilerServices.AsyncTaskMethodBuilder`1.AsyncStateMachineBox`1.ExecutionContextCallback(Object s)
   at System.Threading.ExecutionContext.RunInternal(ExecutionContext executionContext, ContextCallback callback, Object state)
   at System.Runtime.CompilerServices.AsyncTaskMethodBuilder`1.AsyncStateMachineBox`1.MoveNext(Thread threadPoolThread)
   at System.Runtime.CompilerServices.AsyncTaskMethodBuilder`1.AsyncStateMachineBox`1.MoveNext()
   at System.Threading.Tasks.AwaitTaskContinuation.RunOrScheduleAction(IAsyncStateMachineBox box, Boolean allowInlining)
   at System.Threading.Tasks.Task.RunContinuations(Object continuationObject)
   at System.Threading.Tasks.Task.TrySetResult()
   at System.Threading.Tasks.Task.WhenAllPromise.Invoke(Task completedTask)
   at System.Threading.Tasks.Task.RunContinuations(Object continuationObject)
   at System.Threading.Tasks.Task`1.TrySetResult(TResult result)
   at System.Runtime.CompilerServices.AsyncTaskMethodBuilder`1.SetExistingTaskResult(Task`1 task, TResult result)
   at System.Runtime.CompilerServices.AsyncTaskMethodBuilder.SetResult()
   at MegaCrit.Sts2.Core.Saves.CloudSaveStore.SyncCloudToLocal(String path)
   at System.Runtime.CompilerServices.AsyncTaskMethodBuilder`1.AsyncStateMachineBox`1.ExecutionContextCallback(Object s)
   at System.Threading.ExecutionContext.RunInternal(ExecutionContext executionContext, ContextCallback callback, Object state)
   at System.Runtime.CompilerServices.AsyncTaskMethodBuilder`1.AsyncStateMachineBox`1.MoveNext(Thread threadPoolThread)
   at System.Runtime.CompilerServices.AsyncTaskMethodBuilder`1.AsyncStateMachineBox`1.MoveNext()
   at System.Threading.Tasks.AwaitTaskContinuation.RunOrScheduleAction(IAsyncStateMachineBox box, Boolean allowInlining)
   at System.Threading.Tasks.Task.RunContinuations(Object continuationObject)
   at System.Threading.Tasks.Task`1.TrySetResult(TResult result)
   at System.Runtime.CompilerServices.AsyncTaskMethodBuilder`1.SetExistingTaskResult(Task`1 task, TResult result)
   at System.Runtime.CompilerServices.AsyncTaskMethodBuilder.SetResult()
   at MegaCrit.Sts2.Core.Saves.CloudSaveStore.SyncCloudToLocalInternal(String path)
   at System.Runtime.CompilerServices.AsyncTaskMethodBuilder`1.AsyncStateMachineBox`1.ExecutionContextCallback(Object s)
   at System.Threading.ExecutionContext.RunInternal(ExecutionContext executionContext, ContextCallback callback, Object state)
   at System.Runtime.CompilerServices.AsyncTaskMethodBuilder`1.AsyncStateMachineBox`1.MoveNext(Thread threadPoolThread)
   at System.Runtime.CompilerServices.AsyncTaskMethodBuilder`1.AsyncStateMachineBox`1.MoveNext()
   at System.Threading.Tasks.AwaitTaskContinuation.RunOrScheduleAction(IAsyncStateMachineBox box, Boolean allowInlining)
   at System.Threading.Tasks.Task.RunContinuations(Object continuationObject)
   at System.Threading.Tasks.Task`1.TrySetResult(TResult result)
   at System.Runtime.CompilerServices.AsyncTaskMethodBuilder`1.SetExistingTaskResult(Task`1 task, TResult result)
   at System.Runtime.CompilerServices.AsyncTaskMethodBuilder.SetResult()
   at MegaCrit.Sts2.Core.Saves.GodotFileIo.WriteFileAsync(String path, Byte[] bytes)
   at System.Runtime.CompilerServices.AsyncTaskMethodBuilder`1.AsyncStateMachineBox`1.ExecutionContextCallback(Object s)
   at System.Threading.ExecutionContext.RunInternal(ExecutionContext executionContext, ContextCallback callback, Object state)
   at System.Runtime.CompilerServices.AsyncTaskMethodBuilder`1.AsyncStateMachineBox`1.MoveNext(Thread threadPoolThread)
   at System.Runtime.CompilerServices.AsyncTaskMethodBuilder`1.AsyncStateMachineBox`1.MoveNext()
   at System.Threading.Tasks.AwaitTaskContinuation.RunOrScheduleAction(IAsyncStateMachineBox box, Boolean allowInlining)
   at System.Threading.Tasks.Task.RunContinuations(Object continuationObject)
   at System.Threading.Tasks.Task.ExecuteWithThreadLocal(Task& currentTaskSlot, Thread threadPoolThread)
   at System.Threading.ThreadPoolWorkQueue.Dispatch()
   at System.Threading.PortableThreadPool.WorkerThread.WorkerThreadStart()

[INFO] Deleting modded/profile1\saves\history/1776954106.run.backup because it does not exist on remote
[ERROR] Error deleting path modded/profile1\saves\history/1776954106.run.backup.backup: Failed
   at MegaCrit.Sts2.Core.Saves.GodotFileIo.DeleteFile(String path)
   at MegaCrit.Sts2.Core.Saves.CloudSaveStore.SyncCloudToLocalInternal(String path)
   at System.Runtime.CompilerServices.AsyncMethodBuilderCore.Start[TStateMachine](TStateMachine& stateMachine)
   at MegaCrit.Sts2.Core.Saves.CloudSaveStore.SyncCloudToLocalInternal(String path)
   at MegaCrit.Sts2.Core.Saves.CloudSaveStore.SyncCloudToLocal(String path)
   at System.Runtime.CompilerServices.AsyncMethodBuilderCore.Start[TStateMachine](TStateMachine& stateMachine)
   at MegaCrit.Sts2.Core.Saves.CloudSaveStore.SyncCloudToLocal(String path)
   at MegaCrit.Sts2.Core.Saves.CloudSaveStore.SyncCloudToLocalDirectory(String directoryPath)+MoveNext()
   at MegaCrit.Sts2.Core.Saves.SaveManager.EnumerateCloudSyncTasks(CloudSaveStore cloudStore)+MoveNext()
   at MegaCrit.Sts2.Core.Saves.SaveManager.SyncCloudToLocal()
   at System.Runtime.CompilerServices.AsyncTaskMethodBuilder`1.AsyncStateMachineBox`1.ExecutionContextCallback(Object s)
   at System.Threading.ExecutionContext.RunInternal(ExecutionContext executionContext, ContextCallback callback, Object state)
   at System.Runtime.CompilerServices.AsyncTaskMethodBuilder`1.AsyncStateMachineBox`1.MoveNext(Thread threadPoolThread)
   at System.Runtime.CompilerServices.AsyncTaskMethodBuilder`1.AsyncStateMachineBox`1.MoveNext()
   at System.Threading.Tasks.AwaitTaskContinuation.RunOrScheduleAction(IAsyncStateMachineBox box, Boolean allowInlining)
   at System.Threading.Tasks.Task.RunContinuations(Object continuationObject)
   at System.Threading.Tasks.Task.TrySetResult()
   at System.Threading.Tasks.Task.WhenAllPromise.Invoke(Task completedTask)
   at System.Threading.Tasks.Task.RunContinuations(Object continuationObject)
   at System.Threading.Tasks.Task`1.TrySetResult(TResult result)
   at System.Runtime.CompilerServices.AsyncTaskMethodBuilder`1.SetExistingTaskResult(Task`1 task, TResult result)
   at System.Runtime.CompilerServices.AsyncTaskMethodBuilder.SetResult()
   at MegaCrit.Sts2.Core.Saves.CloudSaveStore.SyncCloudToLocal(String path)
   at System.Runtime.CompilerServices.AsyncTaskMethodBuilder`1.AsyncStateMachineBox`1.ExecutionContextCallback(Object s)
   at System.Threading.ExecutionContext.RunInternal(ExecutionContext executionContext, ContextCallback callback, Object state)
   at System.Runtime.CompilerServices.AsyncTaskMethodBuilder`1.AsyncStateMachineBox`1.MoveNext(Thread threadPoolThread)
   at System.Runtime.CompilerServices.AsyncTaskMethodBuilder`1.AsyncStateMachineBox`1.MoveNext()
   at System.Threading.Tasks.AwaitTaskContinuation.RunOrScheduleAction(IAsyncStateMachineBox box, Boolean allowInlining)
   at System.Threading.Tasks.Task.RunContinuations(Object continuationObject)
   at System.Threading.Tasks.Task`1.TrySetResult(TResult result)
   at System.Runtime.CompilerServices.AsyncTaskMethodBuilder`1.SetExistingTaskResult(Task`1 task, TResult result)
   at System.Runtime.CompilerServices.AsyncTaskMethodBuilder.SetResult()
   at MegaCrit.Sts2.Core.Saves.CloudSaveStore.SyncCloudToLocalInternal(String path)
   at System.Runtime.CompilerServices.AsyncTaskMethodBuilder`1.AsyncStateMachineBox`1.ExecutionContextCallback(Object s)
   at System.Threading.ExecutionContext.RunInternal(ExecutionContext executionContext, ContextCallback callback, Object state)
   at System.Runtime.CompilerServices.AsyncTaskMethodBuilder`1.AsyncStateMachineBox`1.MoveNext(Thread threadPoolThread)
   at System.Runtime.CompilerServices.AsyncTaskMethodBuilder`1.AsyncStateMachineBox`1.MoveNext()
   at System.Threading.Tasks.AwaitTaskContinuation.RunOrScheduleAction(IAsyncStateMachineBox box, Boolean allowInlining)
   at System.Threading.Tasks.Task.RunContinuations(Object continuationObject)
   at System.Threading.Tasks.Task`1.TrySetResult(TResult result)
   at System.Runtime.CompilerServices.AsyncTaskMethodBuilder`1.SetExistingTaskResult(Task`1 task, TResult result)
   at System.Runtime.CompilerServices.AsyncTaskMethodBuilder.SetResult()
   at MegaCrit.Sts2.Core.Saves.GodotFileIo.WriteFileAsync(String path, Byte[] bytes)
   at System.Runtime.CompilerServices.AsyncTaskMethodBuilder`1.AsyncStateMachineBox`1.ExecutionContextCallback(Object s)
   at System.Threading.ExecutionContext.RunInternal(ExecutionContext executionContext, ContextCallback callback, Object state)
   at System.Runtime.CompilerServices.AsyncTaskMethodBuilder`1.AsyncStateMachineBox`1.MoveNext(Thread threadPoolThread)
   at System.Runtime.CompilerServices.AsyncTaskMethodBuilder`1.AsyncStateMachineBox`1.MoveNext()
   at System.Threading.Tasks.AwaitTaskContinuation.RunOrScheduleAction(IAsyncStateMachineBox box, Boolean allowInlining)
   at System.Threading.Tasks.Task.RunContinuations(Object continuationObject)
   at System.Threading.Tasks.Task.ExecuteWithThreadLocal(Task& currentTaskSlot, Thread threadPoolThread)
   at System.Threading.ThreadPoolWorkQueue.Dispatch()
   at System.Threading.PortableThreadPool.WorkerThread.WorkerThreadStart()

[INFO] Deleting modded/profile1\saves\history/1776956236.run.backup because it does not exist on remote
[ERROR] Error deleting path modded/profile1\saves\history/1776956236.run.backup.backup: Failed
   at MegaCrit.Sts2.Core.Saves.GodotFileIo.DeleteFile(String path)
   at MegaCrit.Sts2.Core.Saves.CloudSaveStore.SyncCloudToLocalInternal(String path)
   at System.Runtime.CompilerServices.AsyncMethodBuilderCore.Start[TStateMachine](TStateMachine& stateMachine)
   at MegaCrit.Sts2.Core.Saves.CloudSaveStore.SyncCloudToLocalInternal(String path)
   at MegaCrit.Sts2.Core.Saves.CloudSaveStore.SyncCloudToLocal(String path)
   at System.Runtime.CompilerServices.AsyncMethodBuilderCore.Start[TStateMachine](TStateMachine& stateMachine)
   at MegaCrit.Sts2.Core.Saves.CloudSaveStore.SyncCloudToLocal(String path)
   at MegaCrit.Sts2.Core.Saves.CloudSaveStore.SyncCloudToLocalDirectory(String directoryPath)+MoveNext()
   at MegaCrit.Sts2.Core.Saves.SaveManager.EnumerateCloudSyncTasks(CloudSaveStore cloudStore)+MoveNext()
   at MegaCrit.Sts2.Core.Saves.SaveManager.SyncCloudToLocal()
   at System.Runtime.CompilerServices.AsyncTaskMethodBuilder`1.AsyncStateMachineBox`1.ExecutionContextCallback(Object s)
   at System.Threading.ExecutionContext.RunInternal(ExecutionContext executionContext, ContextCallback callback, Object state)
   at System.Runtime.CompilerServices.AsyncTaskMethodBuilder`1.AsyncStateMachineBox`1.MoveNext(Thread threadPoolThread)
   at System.Runtime.CompilerServices.AsyncTaskMethodBuilder`1.AsyncStateMachineBox`1.MoveNext()
   at System.Threading.Tasks.AwaitTaskContinuation.RunOrScheduleAction(IAsyncStateMachineBox box, Boolean allowInlining)
   at System.Threading.Tasks.Task.RunContinuations(Object continuationObject)
   at System.Threading.Tasks.Task.TrySetResult()
   at System.Threading.Tasks.Task.WhenAllPromise.Invoke(Task completedTask)
   at System.Threading.Tasks.Task.RunContinuations(Object continuationObject)
   at System.Threading.Tasks.Task`1.TrySetResult(TResult result)
   at System.Runtime.CompilerServices.AsyncTaskMethodBuilder`1.SetExistingTaskResult(Task`1 task, TResult result)
   at System.Runtime.CompilerServices.AsyncTaskMethodBuilder.SetResult()
   at MegaCrit.Sts2.Core.Saves.CloudSaveStore.SyncCloudToLocal(String path)
   at System.Runtime.CompilerServices.AsyncTaskMethodBuilder`1.AsyncStateMachineBox`1.ExecutionContextCallback(Object s)
   at System.Threading.ExecutionContext.RunInternal(ExecutionContext executionContext, ContextCallback callback, Object state)
   at System.Runtime.CompilerServices.AsyncTaskMethodBuilder`1.AsyncStateMachineBox`1.MoveNext(Thread threadPoolThread)
   at System.Runtime.CompilerServices.AsyncTaskMethodBuilder`1.AsyncStateMachineBox`1.MoveNext()
   at System.Threading.Tasks.AwaitTaskContinuation.RunOrScheduleAction(IAsyncStateMachineBox box, Boolean allowInlining)
   at System.Threading.Tasks.Task.RunContinuations(Object continuationObject)
   at System.Threading.Tasks.Task`1.TrySetResult(TResult result)
   at System.Runtime.CompilerServices.AsyncTaskMethodBuilder`1.SetExistingTaskResult(Task`1 task, TResult result)
   at System.Runtime.CompilerServices.AsyncTaskMethodBuilder.SetResult()
   at MegaCrit.Sts2.Core.Saves.CloudSaveStore.SyncCloudToLocalInternal(String path)
   at System.Runtime.CompilerServices.AsyncTaskMethodBuilder`1.AsyncStateMachineBox`1.ExecutionContextCallback(Object s)
   at System.Threading.ExecutionContext.RunInternal(ExecutionContext executionContext, ContextCallback callback, Object state)
   at System.Runtime.CompilerServices.AsyncTaskMethodBuilder`1.AsyncStateMachineBox`1.MoveNext(Thread threadPoolThread)
   at System.Runtime.CompilerServices.AsyncTaskMethodBuilder`1.AsyncStateMachineBox`1.MoveNext()
   at System.Threading.Tasks.AwaitTaskContinuation.RunOrScheduleAction(IAsyncStateMachineBox box, Boolean allowInlining)
   at System.Threading.Tasks.Task.RunContinuations(Object continuationObject)
   at System.Threading.Tasks.Task`1.TrySetResult(TResult result)
   at System.Runtime.CompilerServices.AsyncTaskMethodBuilder`1.SetExistingTaskResult(Task`1 task, TResult result)
   at System.Runtime.CompilerServices.AsyncTaskMethodBuilder.SetResult()
   at MegaCrit.Sts2.Core.Saves.GodotFileIo.WriteFileAsync(String path, Byte[] bytes)
   at System.Runtime.CompilerServices.AsyncTaskMethodBuilder`1.AsyncStateMachineBox`1.ExecutionContextCallback(Object s)
   at System.Threading.ExecutionContext.RunInternal(ExecutionContext executionContext, ContextCallback callback, Object state)
   at System.Runtime.CompilerServices.AsyncTaskMethodBuilder`1.AsyncStateMachineBox`1.MoveNext(Thread threadPoolThread)
   at System.Runtime.CompilerServices.AsyncTaskMethodBuilder`1.AsyncStateMachineBox`1.MoveNext()
   at System.Threading.Tasks.AwaitTaskContinuation.RunOrScheduleAction(IAsyncStateMachineBox box, Boolean allowInlining)
   at System.Threading.Tasks.Task.RunContinuations(Object continuationObject)
   at System.Threading.Tasks.Task.ExecuteWithThreadLocal(Task& currentTaskSlot, Thread threadPoolThread)
   at System.Threading.ThreadPoolWorkQueue.Dispatch()
   at System.Threading.PortableThreadPool.WorkerThread.WorkerThreadStart()

[INFO] Deleting modded/profile1\saves\history/1777042043.run.backup because it does not exist on remote
[ERROR] Error deleting path modded/profile1\saves\history/1777042043.run.backup.backup: Failed
   at MegaCrit.Sts2.Core.Saves.GodotFileIo.DeleteFile(String path)
   at MegaCrit.Sts2.Core.Saves.CloudSaveStore.SyncCloudToLocalInternal(String path)
   at System.Runtime.CompilerServices.AsyncMethodBuilderCore.Start[TStateMachine](TStateMachine& stateMachine)
   at MegaCrit.Sts2.Core.Saves.CloudSaveStore.SyncCloudToLocalInternal(String path)
   at MegaCrit.Sts2.Core.Saves.CloudSaveStore.SyncCloudToLocal(String path)
   at System.Runtime.CompilerServices.AsyncMethodBuilderCore.Start[TStateMachine](TStateMachine& stateMachine)
   at MegaCrit.Sts2.Core.Saves.CloudSaveStore.SyncCloudToLocal(String path)
   at MegaCrit.Sts2.Core.Saves.CloudSaveStore.SyncCloudToLocalDirectory(String directoryPath)+MoveNext()
   at MegaCrit.Sts2.Core.Saves.SaveManager.EnumerateCloudSyncTasks(CloudSaveStore cloudStore)+MoveNext()
   at MegaCrit.Sts2.Core.Saves.SaveManager.SyncCloudToLocal()
   at System.Runtime.CompilerServices.AsyncTaskMethodBuilder`1.AsyncStateMachineBox`1.ExecutionContextCallback(Object s)
   at System.Threading.ExecutionContext.RunInternal(ExecutionContext executionContext, ContextCallback callback, Object state)
   at System.Runtime.CompilerServices.AsyncTaskMethodBuilder`1.AsyncStateMachineBox`1.MoveNext(Thread threadPoolThread)
   at System.Runtime.CompilerServices.AsyncTaskMethodBuilder`1.AsyncStateMachineBox`1.MoveNext()
   at System.Threading.Tasks.AwaitTaskContinuation.RunOrScheduleAction(IAsyncStateMachineBox box, Boolean allowInlining)
   at System.Threading.Tasks.Task.RunContinuations(Object continuationObject)
   at System.Threading.Tasks.Task.TrySetResult()
   at System.Threading.Tasks.Task.WhenAllPromise.Invoke(Task completedTask)
   at System.Threading.Tasks.Task.RunContinuations(Object continuationObject)
   at System.Threading.Tasks.Task`1.TrySetResult(TResult result)
   at System.Runtime.CompilerServices.AsyncTaskMethodBuilder`1.SetExistingTaskResult(Task`1 task, TResult result)
   at System.Runtime.CompilerServices.AsyncTaskMethodBuilder.SetResult()
   at MegaCrit.Sts2.Core.Saves.CloudSaveStore.SyncCloudToLocal(String path)
   at System.Runtime.CompilerServices.AsyncTaskMethodBuilder`1.AsyncStateMachineBox`1.ExecutionContextCallback(Object s)
   at System.Threading.ExecutionContext.RunInternal(ExecutionContext executionContext, ContextCallback callback, Object state)
   at System.Runtime.CompilerServices.AsyncTaskMethodBuilder`1.AsyncStateMachineBox`1.MoveNext(Thread threadPoolThread)
   at System.Runtime.CompilerServices.AsyncTaskMethodBuilder`1.AsyncStateMachineBox`1.MoveNext()
   at System.Threading.Tasks.AwaitTaskContinuation.RunOrScheduleAction(IAsyncStateMachineBox box, Boolean allowInlining)
   at System.Threading.Tasks.Task.RunContinuations(Object continuationObject)
   at System.Threading.Tasks.Task`1.TrySetResult(TResult result)
   at System.Runtime.CompilerServices.AsyncTaskMethodBuilder`1.SetExistingTaskResult(Task`1 task, TResult result)
   at System.Runtime.CompilerServices.AsyncTaskMethodBuilder.SetResult()
   at MegaCrit.Sts2.Core.Saves.CloudSaveStore.SyncCloudToLocalInternal(String path)
   at System.Runtime.CompilerServices.AsyncTaskMethodBuilder`1.AsyncStateMachineBox`1.ExecutionContextCallback(Object s)
   at System.Threading.ExecutionContext.RunInternal(ExecutionContext executionContext, ContextCallback callback, Object state)
   at System.Runtime.CompilerServices.AsyncTaskMethodBuilder`1.AsyncStateMachineBox`1.MoveNext(Thread threadPoolThread)
   at System.Runtime.CompilerServices.AsyncTaskMethodBuilder`1.AsyncStateMachineBox`1.MoveNext()
   at System.Threading.Tasks.AwaitTaskContinuation.RunOrScheduleAction(IAsyncStateMachineBox box, Boolean allowInlining)
   at System.Threading.Tasks.Task.RunContinuations(Object continuationObject)
   at System.Threading.Tasks.Task`1.TrySetResult(TResult result)
   at System.Runtime.CompilerServices.AsyncTaskMethodBuilder`1.SetExistingTaskResult(Task`1 task, TResult result)
   at System.Runtime.CompilerServices.AsyncTaskMethodBuilder.SetResult()
   at MegaCrit.Sts2.Core.Saves.GodotFileIo.WriteFileAsync(String path, Byte[] bytes)
   at System.Runtime.CompilerServices.AsyncTaskMethodBuilder`1.AsyncStateMachineBox`1.ExecutionContextCallback(Object s)
   at System.Threading.ExecutionContext.RunInternal(ExecutionContext executionContext, ContextCallback callback, Object state)
   at System.Runtime.CompilerServices.AsyncTaskMethodBuilder`1.AsyncStateMachineBox`1.MoveNext(Thread threadPoolThread)
   at System.Runtime.CompilerServices.AsyncTaskMethodBuilder`1.AsyncStateMachineBox`1.MoveNext()
   at System.Threading.Tasks.AwaitTaskContinuation.RunOrScheduleAction(IAsyncStateMachineBox box, Boolean allowInlining)
   at System.Threading.Tasks.Task.RunContinuations(Object continuationObject)
   at System.Threading.Tasks.Task.ExecuteWithThreadLocal(Task& currentTaskSlot, Thread threadPoolThread)
   at System.Threading.ThreadPoolWorkQueue.Dispatch()
   at System.Threading.PortableThreadPool.WorkerThread.WorkerThreadStart()

[INFO] Deleting modded/profile1\saves\history/1777042068.run.backup because it does not exist on remote
[ERROR] Error deleting path modded/profile1\saves\history/1777042068.run.backup.backup: Failed
   at MegaCrit.Sts2.Core.Saves.GodotFileIo.DeleteFile(String path)
   at MegaCrit.Sts2.Core.Saves.CloudSaveStore.SyncCloudToLocalInternal(String path)
   at System.Runtime.CompilerServices.AsyncMethodBuilderCore.Start[TStateMachine](TStateMachine& stateMachine)
   at MegaCrit.Sts2.Core.Saves.CloudSaveStore.SyncCloudToLocalInternal(String path)
   at MegaCrit.Sts2.Core.Saves.CloudSaveStore.SyncCloudToLocal(String path)
   at System.Runtime.CompilerServices.AsyncMethodBuilderCore.Start[TStateMachine](TStateMachine& stateMachine)
   at MegaCrit.Sts2.Core.Saves.CloudSaveStore.SyncCloudToLocal(String path)
   at MegaCrit.Sts2.Core.Saves.CloudSaveStore.SyncCloudToLocalDirectory(String directoryPath)+MoveNext()
   at MegaCrit.Sts2.Core.Saves.SaveManager.EnumerateCloudSyncTasks(CloudSaveStore cloudStore)+MoveNext()
   at MegaCrit.Sts2.Core.Saves.SaveManager.SyncCloudToLocal()
   at System.Runtime.CompilerServices.AsyncTaskMethodBuilder`1.AsyncStateMachineBox`1.ExecutionContextCallback(Object s)
   at System.Threading.ExecutionContext.RunInternal(ExecutionContext executionContext, ContextCallback callback, Object state)
   at System.Runtime.CompilerServices.AsyncTaskMethodBuilder`1.AsyncStateMachineBox`1.MoveNext(Thread threadPoolThread)
   at System.Runtime.CompilerServices.AsyncTaskMethodBuilder`1.AsyncStateMachineBox`1.MoveNext()
   at System.Threading.Tasks.AwaitTaskContinuation.RunOrScheduleAction(IAsyncStateMachineBox box, Boolean allowInlining)
   at System.Threading.Tasks.Task.RunContinuations(Object continuationObject)
   at System.Threading.Tasks.Task.TrySetResult()
   at System.Threading.Tasks.Task.WhenAllPromise.Invoke(Task completedTask)
   at System.Threading.Tasks.Task.RunContinuations(Object continuationObject)
   at System.Threading.Tasks.Task`1.TrySetResult(TResult result)
   at System.Runtime.CompilerServices.AsyncTaskMethodBuilder`1.SetExistingTaskResult(Task`1 task, TResult result)
   at System.Runtime.CompilerServices.AsyncTaskMethodBuilder.SetResult()
   at MegaCrit.Sts2.Core.Saves.CloudSaveStore.SyncCloudToLocal(String path)
   at System.Runtime.CompilerServices.AsyncTaskMethodBuilder`1.AsyncStateMachineBox`1.ExecutionContextCallback(Object s)
   at System.Threading.ExecutionContext.RunInternal(ExecutionContext executionContext, ContextCallback callback, Object state)
   at System.Runtime.CompilerServices.AsyncTaskMethodBuilder`1.AsyncStateMachineBox`1.MoveNext(Thread threadPoolThread)
   at System.Runtime.CompilerServices.AsyncTaskMethodBuilder`1.AsyncStateMachineBox`1.MoveNext()
   at System.Threading.Tasks.AwaitTaskContinuation.RunOrScheduleAction(IAsyncStateMachineBox box, Boolean allowInlining)
   at System.Threading.Tasks.Task.RunContinuations(Object continuationObject)
   at System.Threading.Tasks.Task`1.TrySetResult(TResult result)
   at System.Runtime.CompilerServices.AsyncTaskMethodBuilder`1.SetExistingTaskResult(Task`1 task, TResult result)
   at System.Runtime.CompilerServices.AsyncTaskMethodBuilder.SetResult()
   at MegaCrit.Sts2.Core.Saves.CloudSaveStore.SyncCloudToLocalInternal(String path)
   at System.Runtime.CompilerServices.AsyncTaskMethodBuilder`1.AsyncStateMachineBox`1.ExecutionContextCallback(Object s)
   at System.Threading.ExecutionContext.RunInternal(ExecutionContext executionContext, ContextCallback callback, Object state)
   at System.Runtime.CompilerServices.AsyncTaskMethodBuilder`1.AsyncStateMachineBox`1.MoveNext(Thread threadPoolThread)
   at System.Runtime.CompilerServices.AsyncTaskMethodBuilder`1.AsyncStateMachineBox`1.MoveNext()
   at System.Threading.Tasks.AwaitTaskContinuation.RunOrScheduleAction(IAsyncStateMachineBox box, Boolean allowInlining)
   at System.Threading.Tasks.Task.RunContinuations(Object continuationObject)
   at System.Threading.Tasks.Task`1.TrySetResult(TResult result)
   at System.Runtime.CompilerServices.AsyncTaskMethodBuilder`1.SetExistingTaskResult(Task`1 task, TResult result)
   at System.Runtime.CompilerServices.AsyncTaskMethodBuilder.SetResult()
   at MegaCrit.Sts2.Core.Saves.GodotFileIo.WriteFileAsync(String path, Byte[] bytes)
   at System.Runtime.CompilerServices.AsyncTaskMethodBuilder`1.AsyncStateMachineBox`1.ExecutionContextCallback(Object s)
   at System.Threading.ExecutionContext.RunInternal(ExecutionContext executionContext, ContextCallback callback, Object state)
   at System.Runtime.CompilerServices.AsyncTaskMethodBuilder`1.AsyncStateMachineBox`1.MoveNext(Thread threadPoolThread)
   at System.Runtime.CompilerServices.AsyncTaskMethodBuilder`1.AsyncStateMachineBox`1.MoveNext()
   at System.Threading.Tasks.AwaitTaskContinuation.RunOrScheduleAction(IAsyncStateMachineBox box, Boolean allowInlining)
   at System.Threading.Tasks.Task.RunContinuations(Object continuationObject)
   at System.Threading.Tasks.Task.ExecuteWithThreadLocal(Task& currentTaskSlot, Thread threadPoolThread)
   at System.Threading.ThreadPoolWorkQueue.Dispatch()
   at System.Threading.PortableThreadPool.WorkerThread.WorkerThreadStart()

[INFO] Deleting modded/profile1\saves\history/1777042482.run.backup because it does not exist on remote
[ERROR] Error deleting path modded/profile1\saves\history/1777042482.run.backup.backup: Failed
   at MegaCrit.Sts2.Core.Saves.GodotFileIo.DeleteFile(String path)
   at MegaCrit.Sts2.Core.Saves.CloudSaveStore.SyncCloudToLocalInternal(String path)
   at System.Runtime.CompilerServices.AsyncMethodBuilderCore.Start[TStateMachine](TStateMachine& stateMachine)
   at MegaCrit.Sts2.Core.Saves.CloudSaveStore.SyncCloudToLocalInternal(String path)
   at MegaCrit.Sts2.Core.Saves.CloudSaveStore.SyncCloudToLocal(String path)
   at System.Runtime.CompilerServices.AsyncMethodBuilderCore.Start[TStateMachine](TStateMachine& stateMachine)
   at MegaCrit.Sts2.Core.Saves.CloudSaveStore.SyncCloudToLocal(String path)
   at MegaCrit.Sts2.Core.Saves.CloudSaveStore.SyncCloudToLocalDirectory(String directoryPath)+MoveNext()
   at MegaCrit.Sts2.Core.Saves.SaveManager.EnumerateCloudSyncTasks(CloudSaveStore cloudStore)+MoveNext()
   at MegaCrit.Sts2.Core.Saves.SaveManager.SyncCloudToLocal()
   at System.Runtime.CompilerServices.AsyncTaskMethodBuilder`1.AsyncStateMachineBox`1.ExecutionContextCallback(Object s)
   at System.Threading.ExecutionContext.RunInternal(ExecutionContext executionContext, ContextCallback callback, Object state)
   at System.Runtime.CompilerServices.AsyncTaskMethodBuilder`1.AsyncStateMachineBox`1.MoveNext(Thread threadPoolThread)
   at System.Runtime.CompilerServices.AsyncTaskMethodBuilder`1.AsyncStateMachineBox`1.MoveNext()
   at System.Threading.Tasks.AwaitTaskContinuation.RunOrScheduleAction(IAsyncStateMachineBox box, Boolean allowInlining)
   at System.Threading.Tasks.Task.RunContinuations(Object continuationObject)
   at System.Threading.Tasks.Task.TrySetResult()
   at System.Threading.Tasks.Task.WhenAllPromise.Invoke(Task completedTask)
   at System.Threading.Tasks.Task.RunContinuations(Object continuationObject)
   at System.Threading.Tasks.Task`1.TrySetResult(TResult result)
   at System.Runtime.CompilerServices.AsyncTaskMethodBuilder`1.SetExistingTaskResult(Task`1 task, TResult result)
   at System.Runtime.CompilerServices.AsyncTaskMethodBuilder.SetResult()
   at MegaCrit.Sts2.Core.Saves.CloudSaveStore.SyncCloudToLocal(String path)
   at System.Runtime.CompilerServices.AsyncTaskMethodBuilder`1.AsyncStateMachineBox`1.ExecutionContextCallback(Object s)
   at System.Threading.ExecutionContext.RunInternal(ExecutionContext executionContext, ContextCallback callback, Object state)
   at System.Runtime.CompilerServices.AsyncTaskMethodBuilder`1.AsyncStateMachineBox`1.MoveNext(Thread threadPoolThread)
   at System.Runtime.CompilerServices.AsyncTaskMethodBuilder`1.AsyncStateMachineBox`1.MoveNext()
   at System.Threading.Tasks.AwaitTaskContinuation.RunOrScheduleAction(IAsyncStateMachineBox box, Boolean allowInlining)
   at System.Threading.Tasks.Task.RunContinuations(Object continuationObject)
   at System.Threading.Tasks.Task`1.TrySetResult(TResult result)
   at System.Runtime.CompilerServices.AsyncTaskMethodBuilder`1.SetExistingTaskResult(Task`1 task, TResult result)
   at System.Runtime.CompilerServices.AsyncTaskMethodBuilder.SetResult()
   at MegaCrit.Sts2.Core.Saves.CloudSaveStore.SyncCloudToLocalInternal(String path)
   at System.Runtime.CompilerServices.AsyncTaskMethodBuilder`1.AsyncStateMachineBox`1.ExecutionContextCallback(Object s)
   at System.Threading.ExecutionContext.RunInternal(ExecutionContext executionContext, ContextCallback callback, Object state)
   at System.Runtime.CompilerServices.AsyncTaskMethodBuilder`1.AsyncStateMachineBox`1.MoveNext(Thread threadPoolThread)
   at System.Runtime.CompilerServices.AsyncTaskMethodBuilder`1.AsyncStateMachineBox`1.MoveNext()
   at System.Threading.Tasks.AwaitTaskContinuation.RunOrScheduleAction(IAsyncStateMachineBox box, Boolean allowInlining)
   at System.Threading.Tasks.Task.RunContinuations(Object continuationObject)
   at System.Threading.Tasks.Task`1.TrySetResult(TResult result)
   at System.Runtime.CompilerServices.AsyncTaskMethodBuilder`1.SetExistingTaskResult(Task`1 task, TResult result)
   at System.Runtime.CompilerServices.AsyncTaskMethodBuilder.SetResult()
   at MegaCrit.Sts2.Core.Saves.GodotFileIo.WriteFileAsync(String path, Byte[] bytes)
   at System.Runtime.CompilerServices.AsyncTaskMethodBuilder`1.AsyncStateMachineBox`1.ExecutionContextCallback(Object s)
   at System.Threading.ExecutionContext.RunInternal(ExecutionContext executionContext, ContextCallback callback, Object state)
   at System.Runtime.CompilerServices.AsyncTaskMethodBuilder`1.AsyncStateMachineBox`1.MoveNext(Thread threadPoolThread)
   at System.Runtime.CompilerServices.AsyncTaskMethodBuilder`1.AsyncStateMachineBox`1.MoveNext()
   at System.Threading.Tasks.AwaitTaskContinuation.RunOrScheduleAction(IAsyncStateMachineBox box, Boolean allowInlining)
   at System.Threading.Tasks.Task.RunContinuations(Object continuationObject)
   at System.Threading.Tasks.Task.ExecuteWithThreadLocal(Task& currentTaskSlot, Thread threadPoolThread)
   at System.Threading.ThreadPoolWorkQueue.Dispatch()
   at System.Threading.PortableThreadPool.WorkerThread.WorkerThreadStart()

[INFO] Deleting modded/profile1\saves\history/1777042744.run.backup because it does not exist on remote
[ERROR] Error deleting path modded/profile1\saves\history/1777042744.run.backup.backup: Failed
   at MegaCrit.Sts2.Core.Saves.GodotFileIo.DeleteFile(String path)
   at MegaCrit.Sts2.Core.Saves.CloudSaveStore.SyncCloudToLocalInternal(String path)
   at System.Runtime.CompilerServices.AsyncMethodBuilderCore.Start[TStateMachine](TStateMachine& stateMachine)
   at MegaCrit.Sts2.Core.Saves.CloudSaveStore.SyncCloudToLocalInternal(String path)
   at MegaCrit.Sts2.Core.Saves.CloudSaveStore.SyncCloudToLocal(String path)
   at System.Runtime.CompilerServices.AsyncMethodBuilderCore.Start[TStateMachine](TStateMachine& stateMachine)
   at MegaCrit.Sts2.Core.Saves.CloudSaveStore.SyncCloudToLocal(String path)
   at MegaCrit.Sts2.Core.Saves.CloudSaveStore.SyncCloudToLocalDirectory(String directoryPath)+MoveNext()
   at MegaCrit.Sts2.Core.Saves.SaveManager.EnumerateCloudSyncTasks(CloudSaveStore cloudStore)+MoveNext()
   at MegaCrit.Sts2.Core.Saves.SaveManager.SyncCloudToLocal()
   at System.Runtime.CompilerServices.AsyncTaskMethodBuilder`1.AsyncStateMachineBox`1.ExecutionContextCallback(Object s)
   at System.Threading.ExecutionContext.RunInternal(ExecutionContext executionContext, ContextCallback callback, Object state)
   at System.Runtime.CompilerServices.AsyncTaskMethodBuilder`1.AsyncStateMachineBox`1.MoveNext(Thread threadPoolThread)
   at System.Runtime.CompilerServices.AsyncTaskMethodBuilder`1.AsyncStateMachineBox`1.MoveNext()
   at System.Threading.Tasks.AwaitTaskContinuation.RunOrScheduleAction(IAsyncStateMachineBox box, Boolean allowInlining)
   at System.Threading.Tasks.Task.RunContinuations(Object continuationObject)
   at System.Threading.Tasks.Task.TrySetResult()
   at System.Threading.Tasks.Task.WhenAllPromise.Invoke(Task completedTask)
   at System.Threading.Tasks.Task.RunContinuations(Object continuationObject)
   at System.Threading.Tasks.Task`1.TrySetResult(TResult result)
   at System.Runtime.CompilerServices.AsyncTaskMethodBuilder`1.SetExistingTaskResult(Task`1 task, TResult result)
   at System.Runtime.CompilerServices.AsyncTaskMethodBuilder.SetResult()
   at MegaCrit.Sts2.Core.Saves.CloudSaveStore.SyncCloudToLocal(String path)
   at System.Runtime.CompilerServices.AsyncTaskMethodBuilder`1.AsyncStateMachineBox`1.ExecutionContextCallback(Object s)
   at System.Threading.ExecutionContext.RunInternal(ExecutionContext executionContext, ContextCallback callback, Object state)
   at System.Runtime.CompilerServices.AsyncTaskMethodBuilder`1.AsyncStateMachineBox`1.MoveNext(Thread threadPoolThread)
   at System.Runtime.CompilerServices.AsyncTaskMethodBuilder`1.AsyncStateMachineBox`1.MoveNext()
   at System.Threading.Tasks.AwaitTaskContinuation.RunOrScheduleAction(IAsyncStateMachineBox box, Boolean allowInlining)
   at System.Threading.Tasks.Task.RunContinuations(Object continuationObject)
   at System.Threading.Tasks.Task`1.TrySetResult(TResult result)
   at System.Runtime.CompilerServices.AsyncTaskMethodBuilder`1.SetExistingTaskResult(Task`1 task, TResult result)
   at System.Runtime.CompilerServices.AsyncTaskMethodBuilder.SetResult()
   at MegaCrit.Sts2.Core.Saves.CloudSaveStore.SyncCloudToLocalInternal(String path)
   at System.Runtime.CompilerServices.AsyncTaskMethodBuilder`1.AsyncStateMachineBox`1.ExecutionContextCallback(Object s)
   at System.Threading.ExecutionContext.RunInternal(ExecutionContext executionContext, ContextCallback callback, Object state)
   at System.Runtime.CompilerServices.AsyncTaskMethodBuilder`1.AsyncStateMachineBox`1.MoveNext(Thread threadPoolThread)
   at System.Runtime.CompilerServices.AsyncTaskMethodBuilder`1.AsyncStateMachineBox`1.MoveNext()
   at System.Threading.Tasks.AwaitTaskContinuation.RunOrScheduleAction(IAsyncStateMachineBox box, Boolean allowInlining)
   at System.Threading.Tasks.Task.RunContinuations(Object continuationObject)
   at System.Threading.Tasks.Task`1.TrySetResult(TResult result)
   at System.Runtime.CompilerServices.AsyncTaskMethodBuilder`1.SetExistingTaskResult(Task`1 task, TResult result)
   at System.Runtime.CompilerServices.AsyncTaskMethodBuilder.SetResult()
   at MegaCrit.Sts2.Core.Saves.GodotFileIo.WriteFileAsync(String path, Byte[] bytes)
   at System.Runtime.CompilerServices.AsyncTaskMethodBuilder`1.AsyncStateMachineBox`1.ExecutionContextCallback(Object s)
   at System.Threading.ExecutionContext.RunInternal(ExecutionContext executionContext, ContextCallback callback, Object state)
   at System.Runtime.CompilerServices.AsyncTaskMethodBuilder`1.AsyncStateMachineBox`1.MoveNext(Thread threadPoolThread)
   at System.Runtime.CompilerServices.AsyncTaskMethodBuilder`1.AsyncStateMachineBox`1.MoveNext()
   at System.Threading.Tasks.AwaitTaskContinuation.RunOrScheduleAction(IAsyncStateMachineBox box, Boolean allowInlining)
   at System.Threading.Tasks.Task.RunContinuations(Object continuationObject)
   at System.Threading.Tasks.Task.ExecuteWithThreadLocal(Task& currentTaskSlot, Thread threadPoolThread)
   at System.Threading.ThreadPoolWorkQueue.Dispatch()
   at System.Threading.PortableThreadPool.WorkerThread.WorkerThreadStart()

[INFO] Deleting modded/profile1\saves\history/1777559696.run.backup because it does not exist on remote
[ERROR] Error deleting path modded/profile1\saves\history/1777559696.run.backup.backup: Failed
   at MegaCrit.Sts2.Core.Saves.GodotFileIo.DeleteFile(String path)
   at MegaCrit.Sts2.Core.Saves.CloudSaveStore.SyncCloudToLocalInternal(String path)
   at System.Runtime.CompilerServices.AsyncMethodBuilderCore.Start[TStateMachine](TStateMachine& stateMachine)
   at MegaCrit.Sts2.Core.Saves.CloudSaveStore.SyncCloudToLocalInternal(String path)
   at MegaCrit.Sts2.Core.Saves.CloudSaveStore.SyncCloudToLocal(String path)
   at System.Runtime.CompilerServices.AsyncMethodBuilderCore.Start[TStateMachine](TStateMachine& stateMachine)
   at MegaCrit.Sts2.Core.Saves.CloudSaveStore.SyncCloudToLocal(String path)
   at MegaCrit.Sts2.Core.Saves.CloudSaveStore.SyncCloudToLocalDirectory(String directoryPath)+MoveNext()
   at MegaCrit.Sts2.Core.Saves.SaveManager.EnumerateCloudSyncTasks(CloudSaveStore cloudStore)+MoveNext()
   at MegaCrit.Sts2.Core.Saves.SaveManager.SyncCloudToLocal()
   at System.Runtime.CompilerServices.AsyncTaskMethodBuilder`1.AsyncStateMachineBox`1.ExecutionContextCallback(Object s)
   at System.Threading.ExecutionContext.RunInternal(ExecutionContext executionContext, ContextCallback callback, Object state)
   at System.Runtime.CompilerServices.AsyncTaskMethodBuilder`1.AsyncStateMachineBox`1.MoveNext(Thread threadPoolThread)
   at System.Runtime.CompilerServices.AsyncTaskMethodBuilder`1.AsyncStateMachineBox`1.MoveNext()
   at System.Threading.Tasks.AwaitTaskContinuation.RunOrScheduleAction(IAsyncStateMachineBox box, Boolean allowInlining)
   at System.Threading.Tasks.Task.RunContinuations(Object continuationObject)
   at System.Threading.Tasks.Task.TrySetResult()
   at System.Threading.Tasks.Task.WhenAllPromise.Invoke(Task completedTask)
   at System.Threading.Tasks.Task.RunContinuations(Object continuationObject)
   at System.Threading.Tasks.Task`1.TrySetResult(TResult result)
   at System.Runtime.CompilerServices.AsyncTaskMethodBuilder`1.SetExistingTaskResult(Task`1 task, TResult result)
   at System.Runtime.CompilerServices.AsyncTaskMethodBuilder.SetResult()
   at MegaCrit.Sts2.Core.Saves.CloudSaveStore.SyncCloudToLocal(String path)
   at System.Runtime.CompilerServices.AsyncTaskMethodBuilder`1.AsyncStateMachineBox`1.ExecutionContextCallback(Object s)
   at System.Threading.ExecutionContext.RunInternal(ExecutionContext executionContext, ContextCallback callback, Object state)
   at System.Runtime.CompilerServices.AsyncTaskMethodBuilder`1.AsyncStateMachineBox`1.MoveNext(Thread threadPoolThread)
   at System.Runtime.CompilerServices.AsyncTaskMethodBuilder`1.AsyncStateMachineBox`1.MoveNext()
   at System.Threading.Tasks.AwaitTaskContinuation.RunOrScheduleAction(IAsyncStateMachineBox box, Boolean allowInlining)
   at System.Threading.Tasks.Task.RunContinuations(Object continuationObject)
   at System.Threading.Tasks.Task`1.TrySetResult(TResult result)
   at System.Runtime.CompilerServices.AsyncTaskMethodBuilder`1.SetExistingTaskResult(Task`1 task, TResult result)
   at System.Runtime.CompilerServices.AsyncTaskMethodBuilder.SetResult()
   at MegaCrit.Sts2.Core.Saves.CloudSaveStore.SyncCloudToLocalInternal(String path)
   at System.Runtime.CompilerServices.AsyncTaskMethodBuilder`1.AsyncStateMachineBox`1.ExecutionContextCallback(Object s)
   at System.Threading.ExecutionContext.RunInternal(ExecutionContext executionContext, ContextCallback callback, Object state)
   at System.Runtime.CompilerServices.AsyncTaskMethodBuilder`1.AsyncStateMachineBox`1.MoveNext(Thread threadPoolThread)
   at System.Runtime.CompilerServices.AsyncTaskMethodBuilder`1.AsyncStateMachineBox`1.MoveNext()
   at System.Threading.Tasks.AwaitTaskContinuation.RunOrScheduleAction(IAsyncStateMachineBox box, Boolean allowInlining)
   at System.Threading.Tasks.Task.RunContinuations(Object continuationObject)
   at System.Threading.Tasks.Task`1.TrySetResult(TResult result)
   at System.Runtime.CompilerServices.AsyncTaskMethodBuilder`1.SetExistingTaskResult(Task`1 task, TResult result)
   at System.Runtime.CompilerServices.AsyncTaskMethodBuilder.SetResult()
   at MegaCrit.Sts2.Core.Saves.GodotFileIo.WriteFileAsync(String path, Byte[] bytes)
   at System.Runtime.CompilerServices.AsyncTaskMethodBuilder`1.AsyncStateMachineBox`1.ExecutionContextCallback(Object s)
   at System.Threading.ExecutionContext.RunInternal(ExecutionContext executionContext, ContextCallback callback, Object state)
   at System.Runtime.CompilerServices.AsyncTaskMethodBuilder`1.AsyncStateMachineBox`1.MoveNext(Thread threadPoolThread)
   at System.Runtime.CompilerServices.AsyncTaskMethodBuilder`1.AsyncStateMachineBox`1.MoveNext()
   at System.Threading.Tasks.AwaitTaskContinuation.RunOrScheduleAction(IAsyncStateMachineBox box, Boolean allowInlining)
   at System.Threading.Tasks.Task.RunContinuations(Object continuationObject)
   at System.Threading.Tasks.Task.ExecuteWithThreadLocal(Task& currentTaskSlot, Thread threadPoolThread)
   at System.Threading.ThreadPoolWorkQueue.Dispatch()
   at System.Threading.PortableThreadPool.WorkerThread.WorkerThreadStart()

[INFO] Deleting modded/profile1\saves\history/1777565990.run.backup because it does not exist on remote
[ERROR] Error deleting path modded/profile1\saves\history/1777565990.run.backup.backup: Failed
   at MegaCrit.Sts2.Core.Saves.GodotFileIo.DeleteFile(String path)
   at MegaCrit.Sts2.Core.Saves.CloudSaveStore.SyncCloudToLocalInternal(String path)
   at System.Runtime.CompilerServices.AsyncMethodBuilderCore.Start[TStateMachine](TStateMachine& stateMachine)
   at MegaCrit.Sts2.Core.Saves.CloudSaveStore.SyncCloudToLocalInternal(String path)
   at MegaCrit.Sts2.Core.Saves.CloudSaveStore.SyncCloudToLocal(String path)
   at System.Runtime.CompilerServices.AsyncMethodBuilderCore.Start[TStateMachine](TStateMachine& stateMachine)
   at MegaCrit.Sts2.Core.Saves.CloudSaveStore.SyncCloudToLocal(String path)
   at MegaCrit.Sts2.Core.Saves.CloudSaveStore.SyncCloudToLocalDirectory(String directoryPath)+MoveNext()
   at MegaCrit.Sts2.Core.Saves.SaveManager.EnumerateCloudSyncTasks(CloudSaveStore cloudStore)+MoveNext()
   at MegaCrit.Sts2.Core.Saves.SaveManager.SyncCloudToLocal()
   at System.Runtime.CompilerServices.AsyncTaskMethodBuilder`1.AsyncStateMachineBox`1.ExecutionContextCallback(Object s)
   at System.Threading.ExecutionContext.RunInternal(ExecutionContext executionContext, ContextCallback callback, Object state)
   at System.Runtime.CompilerServices.AsyncTaskMethodBuilder`1.AsyncStateMachineBox`1.MoveNext(Thread threadPoolThread)
   at System.Runtime.CompilerServices.AsyncTaskMethodBuilder`1.AsyncStateMachineBox`1.MoveNext()
   at System.Threading.Tasks.AwaitTaskContinuation.RunOrScheduleAction(IAsyncStateMachineBox box, Boolean allowInlining)
   at System.Threading.Tasks.Task.RunContinuations(Object continuationObject)
   at System.Threading.Tasks.Task.TrySetResult()
   at System.Threading.Tasks.Task.WhenAllPromise.Invoke(Task completedTask)
   at System.Threading.Tasks.Task.RunContinuations(Object continuationObject)
   at System.Threading.Tasks.Task`1.TrySetResult(TResult result)
   at System.Runtime.CompilerServices.AsyncTaskMethodBuilder`1.SetExistingTaskResult(Task`1 task, TResult result)
   at System.Runtime.CompilerServices.AsyncTaskMethodBuilder.SetResult()
   at MegaCrit.Sts2.Core.Saves.CloudSaveStore.SyncCloudToLocal(String path)
   at System.Runtime.CompilerServices.AsyncTaskMethodBuilder`1.AsyncStateMachineBox`1.ExecutionContextCallback(Object s)
   at System.Threading.ExecutionContext.RunInternal(ExecutionContext executionContext, ContextCallback callback, Object state)
   at System.Runtime.CompilerServices.AsyncTaskMethodBuilder`1.AsyncStateMachineBox`1.MoveNext(Thread threadPoolThread)
   at System.Runtime.CompilerServices.AsyncTaskMethodBuilder`1.AsyncStateMachineBox`1.MoveNext()
   at System.Threading.Tasks.AwaitTaskContinuation.RunOrScheduleAction(IAsyncStateMachineBox box, Boolean allowInlining)
   at System.Threading.Tasks.Task.RunContinuations(Object continuationObject)
   at System.Threading.Tasks.Task`1.TrySetResult(TResult result)
   at System.Runtime.CompilerServices.AsyncTaskMethodBuilder`1.SetExistingTaskResult(Task`1 task, TResult result)
   at System.Runtime.CompilerServices.AsyncTaskMethodBuilder.SetResult()
   at MegaCrit.Sts2.Core.Saves.CloudSaveStore.SyncCloudToLocalInternal(String path)
   at System.Runtime.CompilerServices.AsyncTaskMethodBuilder`1.AsyncStateMachineBox`1.ExecutionContextCallback(Object s)
   at System.Threading.ExecutionContext.RunInternal(ExecutionContext executionContext, ContextCallback callback, Object state)
   at System.Runtime.CompilerServices.AsyncTaskMethodBuilder`1.AsyncStateMachineBox`1.MoveNext(Thread threadPoolThread)
   at System.Runtime.CompilerServices.AsyncTaskMethodBuilder`1.AsyncStateMachineBox`1.MoveNext()
   at System.Threading.Tasks.AwaitTaskContinuation.RunOrScheduleAction(IAsyncStateMachineBox box, Boolean allowInlining)
   at System.Threading.Tasks.Task.RunContinuations(Object continuationObject)
   at System.Threading.Tasks.Task`1.TrySetResult(TResult result)
   at System.Runtime.CompilerServices.AsyncTaskMethodBuilder`1.SetExistingTaskResult(Task`1 task, TResult result)
   at System.Runtime.CompilerServices.AsyncTaskMethodBuilder.SetResult()
   at MegaCrit.Sts2.Core.Saves.GodotFileIo.WriteFileAsync(String path, Byte[] bytes)
   at System.Runtime.CompilerServices.AsyncTaskMethodBuilder`1.AsyncStateMachineBox`1.ExecutionContextCallback(Object s)
   at System.Threading.ExecutionContext.RunInternal(ExecutionContext executionContext, ContextCallback callback, Object state)
   at System.Runtime.CompilerServices.AsyncTaskMethodBuilder`1.AsyncStateMachineBox`1.MoveNext(Thread threadPoolThread)
   at System.Runtime.CompilerServices.AsyncTaskMethodBuilder`1.AsyncStateMachineBox`1.MoveNext()
   at System.Threading.Tasks.AwaitTaskContinuation.RunOrScheduleAction(IAsyncStateMachineBox box, Boolean allowInlining)
   at System.Threading.Tasks.Task.RunContinuations(Object continuationObject)
   at System.Threading.Tasks.Task.ExecuteWithThreadLocal(Task& currentTaskSlot, Thread threadPoolThread)
   at System.Threading.ThreadPoolWorkQueue.Dispatch()
   at System.Threading.PortableThreadPool.WorkerThread.WorkerThreadStart()

[INFO] Deleting modded/profile1\saves\history/1777566314.run.backup because it does not exist on remote
[ERROR] Error deleting path modded/profile1\saves\history/1777566314.run.backup.backup: Failed
   at MegaCrit.Sts2.Core.Saves.GodotFileIo.DeleteFile(String path)
   at MegaCrit.Sts2.Core.Saves.CloudSaveStore.SyncCloudToLocalInternal(String path)
   at System.Runtime.CompilerServices.AsyncMethodBuilderCore.Start[TStateMachine](TStateMachine& stateMachine)
   at MegaCrit.Sts2.Core.Saves.CloudSaveStore.SyncCloudToLocalInternal(String path)
   at MegaCrit.Sts2.Core.Saves.CloudSaveStore.SyncCloudToLocal(String path)
   at System.Runtime.CompilerServices.AsyncMethodBuilderCore.Start[TStateMachine](TStateMachine& stateMachine)
   at MegaCrit.Sts2.Core.Saves.CloudSaveStore.SyncCloudToLocal(String path)
   at MegaCrit.Sts2.Core.Saves.CloudSaveStore.SyncCloudToLocalDirectory(String directoryPath)+MoveNext()
   at MegaCrit.Sts2.Core.Saves.SaveManager.EnumerateCloudSyncTasks(CloudSaveStore cloudStore)+MoveNext()
   at MegaCrit.Sts2.Core.Saves.SaveManager.SyncCloudToLocal()
   at System.Runtime.CompilerServices.AsyncTaskMethodBuilder`1.AsyncStateMachineBox`1.ExecutionContextCallback(Object s)
   at System.Threading.ExecutionContext.RunInternal(ExecutionContext executionContext, ContextCallback callback, Object state)
   at System.Runtime.CompilerServices.AsyncTaskMethodBuilder`1.AsyncStateMachineBox`1.MoveNext(Thread threadPoolThread)
   at System.Runtime.CompilerServices.AsyncTaskMethodBuilder`1.AsyncStateMachineBox`1.MoveNext()
   at System.Threading.Tasks.AwaitTaskContinuation.RunOrScheduleAction(IAsyncStateMachineBox box, Boolean allowInlining)
   at System.Threading.Tasks.Task.RunContinuations(Object continuationObject)
   at System.Threading.Tasks.Task.TrySetResult()
   at System.Threading.Tasks.Task.WhenAllPromise.Invoke(Task completedTask)
   at System.Threading.Tasks.Task.RunContinuations(Object continuationObject)
   at System.Threading.Tasks.Task`1.TrySetResult(TResult result)
   at System.Runtime.CompilerServices.AsyncTaskMethodBuilder`1.SetExistingTaskResult(Task`1 task, TResult result)
   at System.Runtime.CompilerServices.AsyncTaskMethodBuilder.SetResult()
   at MegaCrit.Sts2.Core.Saves.CloudSaveStore.SyncCloudToLocal(String path)
   at System.Runtime.CompilerServices.AsyncTaskMethodBuilder`1.AsyncStateMachineBox`1.ExecutionContextCallback(Object s)
   at System.Threading.ExecutionContext.RunInternal(ExecutionContext executionContext, ContextCallback callback, Object state)
   at System.Runtime.CompilerServices.AsyncTaskMethodBuilder`1.AsyncStateMachineBox`1.MoveNext(Thread threadPoolThread)
   at System.Runtime.CompilerServices.AsyncTaskMethodBuilder`1.AsyncStateMachineBox`1.MoveNext()
   at System.Threading.Tasks.AwaitTaskContinuation.RunOrScheduleAction(IAsyncStateMachineBox box, Boolean allowInlining)
   at System.Threading.Tasks.Task.RunContinuations(Object continuationObject)
   at System.Threading.Tasks.Task`1.TrySetResult(TResult result)
   at System.Runtime.CompilerServices.AsyncTaskMethodBuilder`1.SetExistingTaskResult(Task`1 task, TResult result)
   at System.Runtime.CompilerServices.AsyncTaskMethodBuilder.SetResult()
   at MegaCrit.Sts2.Core.Saves.CloudSaveStore.SyncCloudToLocalInternal(String path)
   at System.Runtime.CompilerServices.AsyncTaskMethodBuilder`1.AsyncStateMachineBox`1.ExecutionContextCallback(Object s)
   at System.Threading.ExecutionContext.RunInternal(ExecutionContext executionContext, ContextCallback callback, Object state)
   at System.Runtime.CompilerServices.AsyncTaskMethodBuilder`1.AsyncStateMachineBox`1.MoveNext(Thread threadPoolThread)
   at System.Runtime.CompilerServices.AsyncTaskMethodBuilder`1.AsyncStateMachineBox`1.MoveNext()
   at System.Threading.Tasks.AwaitTaskContinuation.RunOrScheduleAction(IAsyncStateMachineBox box, Boolean allowInlining)
   at System.Threading.Tasks.Task.RunContinuations(Object continuationObject)
   at System.Threading.Tasks.Task`1.TrySetResult(TResult result)
   at System.Runtime.CompilerServices.AsyncTaskMethodBuilder`1.SetExistingTaskResult(Task`1 task, TResult result)
   at System.Runtime.CompilerServices.AsyncTaskMethodBuilder.SetResult()
   at MegaCrit.Sts2.Core.Saves.GodotFileIo.WriteFileAsync(String path, Byte[] bytes)
   at System.Runtime.CompilerServices.AsyncTaskMethodBuilder`1.AsyncStateMachineBox`1.ExecutionContextCallback(Object s)
   at System.Threading.ExecutionContext.RunInternal(ExecutionContext executionContext, ContextCallback callback, Object state)
   at System.Runtime.CompilerServices.AsyncTaskMethodBuilder`1.AsyncStateMachineBox`1.MoveNext(Thread threadPoolThread)
   at System.Runtime.CompilerServices.AsyncTaskMethodBuilder`1.AsyncStateMachineBox`1.MoveNext()
   at System.Threading.Tasks.AwaitTaskContinuation.RunOrScheduleAction(IAsyncStateMachineBox box, Boolean allowInlining)
   at System.Threading.Tasks.Task.RunContinuations(Object continuationObject)
   at System.Threading.Tasks.Task.ExecuteWithThreadLocal(Task& currentTaskSlot, Thread threadPoolThread)
   at System.Threading.ThreadPoolWorkQueue.Dispatch()
   at System.Threading.PortableThreadPool.WorkerThread.WorkerThreadStart()

[INFO] Deleting modded/profile1\saves\history/1777567977.run.backup because it does not exist on remote
[ERROR] Error deleting path modded/profile1\saves\history/1777567977.run.backup.backup: Failed
   at MegaCrit.Sts2.Core.Saves.GodotFileIo.DeleteFile(String path)
   at MegaCrit.Sts2.Core.Saves.CloudSaveStore.SyncCloudToLocalInternal(String path)
   at System.Runtime.CompilerServices.AsyncMethodBuilderCore.Start[TStateMachine](TStateMachine& stateMachine)
   at MegaCrit.Sts2.Core.Saves.CloudSaveStore.SyncCloudToLocalInternal(String path)
   at MegaCrit.Sts2.Core.Saves.CloudSaveStore.SyncCloudToLocal(String path)
   at System.Runtime.CompilerServices.AsyncMethodBuilderCore.Start[TStateMachine](TStateMachine& stateMachine)
   at MegaCrit.Sts2.Core.Saves.CloudSaveStore.SyncCloudToLocal(String path)
   at MegaCrit.Sts2.Core.Saves.CloudSaveStore.SyncCloudToLocalDirectory(String directoryPath)+MoveNext()
   at MegaCrit.Sts2.Core.Saves.SaveManager.EnumerateCloudSyncTasks(CloudSaveStore cloudStore)+MoveNext()
   at MegaCrit.Sts2.Core.Saves.SaveManager.SyncCloudToLocal()
   at System.Runtime.CompilerServices.AsyncTaskMethodBuilder`1.AsyncStateMachineBox`1.ExecutionContextCallback(Object s)
   at System.Threading.ExecutionContext.RunInternal(ExecutionContext executionContext, ContextCallback callback, Object state)
   at System.Runtime.CompilerServices.AsyncTaskMethodBuilder`1.AsyncStateMachineBox`1.MoveNext(Thread threadPoolThread)
   at System.Runtime.CompilerServices.AsyncTaskMethodBuilder`1.AsyncStateMachineBox`1.MoveNext()
   at System.Threading.Tasks.AwaitTaskContinuation.RunOrScheduleAction(IAsyncStateMachineBox box, Boolean allowInlining)
   at System.Threading.Tasks.Task.RunContinuations(Object continuationObject)
   at System.Threading.Tasks.Task.TrySetResult()
   at System.Threading.Tasks.Task.WhenAllPromise.Invoke(Task completedTask)
   at System.Threading.Tasks.Task.RunContinuations(Object continuationObject)
   at System.Threading.Tasks.Task`1.TrySetResult(TResult result)
   at System.Runtime.CompilerServices.AsyncTaskMethodBuilder`1.SetExistingTaskResult(Task`1 task, TResult result)
   at System.Runtime.CompilerServices.AsyncTaskMethodBuilder.SetResult()
   at MegaCrit.Sts2.Core.Saves.CloudSaveStore.SyncCloudToLocal(String path)
   at System.Runtime.CompilerServices.AsyncTaskMethodBuilder`1.AsyncStateMachineBox`1.ExecutionContextCallback(Object s)
   at System.Threading.ExecutionContext.RunInternal(ExecutionContext executionContext, ContextCallback callback, Object state)
   at System.Runtime.CompilerServices.AsyncTaskMethodBuilder`1.AsyncStateMachineBox`1.MoveNext(Thread threadPoolThread)
   at System.Runtime.CompilerServices.AsyncTaskMethodBuilder`1.AsyncStateMachineBox`1.MoveNext()
   at System.Threading.Tasks.AwaitTaskContinuation.RunOrScheduleAction(IAsyncStateMachineBox box, Boolean allowInlining)
   at System.Threading.Tasks.Task.RunContinuations(Object continuationObject)
   at System.Threading.Tasks.Task`1.TrySetResult(TResult result)
   at System.Runtime.CompilerServices.AsyncTaskMethodBuilder`1.SetExistingTaskResult(Task`1 task, TResult result)
   at System.Runtime.CompilerServices.AsyncTaskMethodBuilder.SetResult()
   at MegaCrit.Sts2.Core.Saves.CloudSaveStore.SyncCloudToLocalInternal(String path)
   at System.Runtime.CompilerServices.AsyncTaskMethodBuilder`1.AsyncStateMachineBox`1.ExecutionContextCallback(Object s)
   at System.Threading.ExecutionContext.RunInternal(ExecutionContext executionContext, ContextCallback callback, Object state)
   at System.Runtime.CompilerServices.AsyncTaskMethodBuilder`1.AsyncStateMachineBox`1.MoveNext(Thread threadPoolThread)
   at System.Runtime.CompilerServices.AsyncTaskMethodBuilder`1.AsyncStateMachineBox`1.MoveNext()
   at System.Threading.Tasks.AwaitTaskContinuation.RunOrScheduleAction(IAsyncStateMachineBox box, Boolean allowInlining)
   at System.Threading.Tasks.Task.RunContinuations(Object continuationObject)
   at System.Threading.Tasks.Task`1.TrySetResult(TResult result)
   at System.Runtime.CompilerServices.AsyncTaskMethodBuilder`1.SetExistingTaskResult(Task`1 task, TResult result)
   at System.Runtime.CompilerServices.AsyncTaskMethodBuilder.SetResult()
   at MegaCrit.Sts2.Core.Saves.GodotFileIo.WriteFileAsync(String path, Byte[] bytes)
   at System.Runtime.CompilerServices.AsyncTaskMethodBuilder`1.AsyncStateMachineBox`1.ExecutionContextCallback(Object s)
   at System.Threading.ExecutionContext.RunInternal(ExecutionContext executionContext, ContextCallback callback, Object state)
   at System.Runtime.CompilerServices.AsyncTaskMethodBuilder`1.AsyncStateMachineBox`1.MoveNext(Thread threadPoolThread)
   at System.Runtime.CompilerServices.AsyncTaskMethodBuilder`1.AsyncStateMachineBox`1.MoveNext()
   at System.Threading.Tasks.AwaitTaskContinuation.RunOrScheduleAction(IAsyncStateMachineBox box, Boolean allowInlining)
   at System.Threading.Tasks.Task.RunContinuations(Object continuationObject)
   at System.Threading.Tasks.Task.ExecuteWithThreadLocal(Task& currentTaskSlot, Thread threadPoolThread)
   at System.Threading.ThreadPoolWorkQueue.Dispatch()
   at System.Threading.PortableThreadPool.WorkerThread.WorkerThreadStart()

[INFO] Deleting modded/profile1\saves\history/1777658700.run.backup because it does not exist on remote
[ERROR] Error deleting path modded/profile1\saves\history/1777658700.run.backup.backup: Failed
   at MegaCrit.Sts2.Core.Saves.GodotFileIo.DeleteFile(String path)
   at MegaCrit.Sts2.Core.Saves.CloudSaveStore.SyncCloudToLocalInternal(String path)
   at System.Runtime.CompilerServices.AsyncMethodBuilderCore.Start[TStateMachine](TStateMachine& stateMachine)
   at MegaCrit.Sts2.Core.Saves.CloudSaveStore.SyncCloudToLocalInternal(String path)
   at MegaCrit.Sts2.Core.Saves.CloudSaveStore.SyncCloudToLocal(String path)
   at System.Runtime.CompilerServices.AsyncMethodBuilderCore.Start[TStateMachine](TStateMachine& stateMachine)
   at MegaCrit.Sts2.Core.Saves.CloudSaveStore.SyncCloudToLocal(String path)
   at MegaCrit.Sts2.Core.Saves.CloudSaveStore.SyncCloudToLocalDirectory(String directoryPath)+MoveNext()
   at MegaCrit.Sts2.Core.Saves.SaveManager.EnumerateCloudSyncTasks(CloudSaveStore cloudStore)+MoveNext()
   at MegaCrit.Sts2.Core.Saves.SaveManager.SyncCloudToLocal()
   at System.Runtime.CompilerServices.AsyncTaskMethodBuilder`1.AsyncStateMachineBox`1.ExecutionContextCallback(Object s)
   at System.Threading.ExecutionContext.RunInternal(ExecutionContext executionContext, ContextCallback callback, Object state)
   at System.Runtime.CompilerServices.AsyncTaskMethodBuilder`1.AsyncStateMachineBox`1.MoveNext(Thread threadPoolThread)
   at System.Runtime.CompilerServices.AsyncTaskMethodBuilder`1.AsyncStateMachineBox`1.MoveNext()
   at System.Threading.Tasks.AwaitTaskContinuation.RunOrScheduleAction(IAsyncStateMachineBox box, Boolean allowInlining)
   at System.Threading.Tasks.Task.RunContinuations(Object continuationObject)
   at System.Threading.Tasks.Task.TrySetResult()
   at System.Threading.Tasks.Task.WhenAllPromise.Invoke(Task completedTask)
   at System.Threading.Tasks.Task.RunContinuations(Object continuationObject)
   at System.Threading.Tasks.Task`1.TrySetResult(TResult result)
   at System.Runtime.CompilerServices.AsyncTaskMethodBuilder`1.SetExistingTaskResult(Task`1 task, TResult result)
   at System.Runtime.CompilerServices.AsyncTaskMethodBuilder.SetResult()
   at MegaCrit.Sts2.Core.Saves.CloudSaveStore.SyncCloudToLocal(String path)
   at System.Runtime.CompilerServices.AsyncTaskMethodBuilder`1.AsyncStateMachineBox`1.ExecutionContextCallback(Object s)
   at System.Threading.ExecutionContext.RunInternal(ExecutionContext executionContext, ContextCallback callback, Object state)
   at System.Runtime.CompilerServices.AsyncTaskMethodBuilder`1.AsyncStateMachineBox`1.MoveNext(Thread threadPoolThread)
   at System.Runtime.CompilerServices.AsyncTaskMethodBuilder`1.AsyncStateMachineBox`1.MoveNext()
   at System.Threading.Tasks.AwaitTaskContinuation.RunOrScheduleAction(IAsyncStateMachineBox box, Boolean allowInlining)
   at System.Threading.Tasks.Task.RunContinuations(Object continuationObject)
   at System.Threading.Tasks.Task`1.TrySetResult(TResult result)
   at System.Runtime.CompilerServices.AsyncTaskMethodBuilder`1.SetExistingTaskResult(Task`1 task, TResult result)
   at System.Runtime.CompilerServices.AsyncTaskMethodBuilder.SetResult()
   at MegaCrit.Sts2.Core.Saves.CloudSaveStore.SyncCloudToLocalInternal(String path)
   at System.Runtime.CompilerServices.AsyncTaskMethodBuilder`1.AsyncStateMachineBox`1.ExecutionContextCallback(Object s)
   at System.Threading.ExecutionContext.RunInternal(ExecutionContext executionContext, ContextCallback callback, Object state)
   at System.Runtime.CompilerServices.AsyncTaskMethodBuilder`1.AsyncStateMachineBox`1.MoveNext(Thread threadPoolThread)
   at System.Runtime.CompilerServices.AsyncTaskMethodBuilder`1.AsyncStateMachineBox`1.MoveNext()
   at System.Threading.Tasks.AwaitTaskContinuation.RunOrScheduleAction(IAsyncStateMachineBox box, Boolean allowInlining)
   at System.Threading.Tasks.Task.RunContinuations(Object continuationObject)
   at System.Threading.Tasks.Task`1.TrySetResult(TResult result)
   at System.Runtime.CompilerServices.AsyncTaskMethodBuilder`1.SetExistingTaskResult(Task`1 task, TResult result)
   at System.Runtime.CompilerServices.AsyncTaskMethodBuilder.SetResult()
   at MegaCrit.Sts2.Core.Saves.GodotFileIo.WriteFileAsync(String path, Byte[] bytes)
   at System.Runtime.CompilerServices.AsyncTaskMethodBuilder`1.AsyncStateMachineBox`1.ExecutionContextCallback(Object s)
   at System.Threading.ExecutionContext.RunInternal(ExecutionContext executionContext, ContextCallback callback, Object state)
   at System.Runtime.CompilerServices.AsyncTaskMethodBuilder`1.AsyncStateMachineBox`1.MoveNext(Thread threadPoolThread)
   at System.Runtime.CompilerServices.AsyncTaskMethodBuilder`1.AsyncStateMachineBox`1.MoveNext()
   at System.Threading.Tasks.AwaitTaskContinuation.RunOrScheduleAction(IAsyncStateMachineBox box, Boolean allowInlining)
   at System.Threading.Tasks.Task.RunContinuations(Object continuationObject)
   at System.Threading.Tasks.Task.ExecuteWithThreadLocal(Task& currentTaskSlot, Thread threadPoolThread)
   at System.Threading.ThreadPoolWorkQueue.Dispatch()
   at System.Threading.PortableThreadPool.WorkerThread.WorkerThreadStart()

[INFO] Deleting modded/profile1\saves\history/1777701634.run.backup because it does not exist on remote
[ERROR] Error deleting path modded/profile1\saves\history/1777701634.run.backup.backup: Failed
   at MegaCrit.Sts2.Core.Saves.GodotFileIo.DeleteFile(String path)
   at MegaCrit.Sts2.Core.Saves.CloudSaveStore.SyncCloudToLocalInternal(String path)
   at System.Runtime.CompilerServices.AsyncMethodBuilderCore.Start[TStateMachine](TStateMachine& stateMachine)
   at MegaCrit.Sts2.Core.Saves.CloudSaveStore.SyncCloudToLocalInternal(String path)
   at MegaCrit.Sts2.Core.Saves.CloudSaveStore.SyncCloudToLocal(String path)
   at System.Runtime.CompilerServices.AsyncMethodBuilderCore.Start[TStateMachine](TStateMachine& stateMachine)
   at MegaCrit.Sts2.Core.Saves.CloudSaveStore.SyncCloudToLocal(String path)
   at MegaCrit.Sts2.Core.Saves.CloudSaveStore.SyncCloudToLocalDirectory(String directoryPath)+MoveNext()
   at MegaCrit.Sts2.Core.Saves.SaveManager.EnumerateCloudSyncTasks(CloudSaveStore cloudStore)+MoveNext()
   at MegaCrit.Sts2.Core.Saves.SaveManager.SyncCloudToLocal()
   at System.Runtime.CompilerServices.AsyncTaskMethodBuilder`1.AsyncStateMachineBox`1.ExecutionContextCallback(Object s)
   at System.Threading.ExecutionContext.RunInternal(ExecutionContext executionContext, ContextCallback callback, Object state)
   at System.Runtime.CompilerServices.AsyncTaskMethodBuilder`1.AsyncStateMachineBox`1.MoveNext(Thread threadPoolThread)
   at System.Runtime.CompilerServices.AsyncTaskMethodBuilder`1.AsyncStateMachineBox`1.MoveNext()
   at System.Threading.Tasks.AwaitTaskContinuation.RunOrScheduleAction(IAsyncStateMachineBox box, Boolean allowInlining)
   at System.Threading.Tasks.Task.RunContinuations(Object continuationObject)
   at System.Threading.Tasks.Task.TrySetResult()
   at System.Threading.Tasks.Task.WhenAllPromise.Invoke(Task completedTask)
   at System.Threading.Tasks.Task.RunContinuations(Object continuationObject)
   at System.Threading.Tasks.Task`1.TrySetResult(TResult result)
   at System.Runtime.CompilerServices.AsyncTaskMethodBuilder`1.SetExistingTaskResult(Task`1 task, TResult result)
   at System.Runtime.CompilerServices.AsyncTaskMethodBuilder.SetResult()
   at MegaCrit.Sts2.Core.Saves.CloudSaveStore.SyncCloudToLocal(String path)
   at System.Runtime.CompilerServices.AsyncTaskMethodBuilder`1.AsyncStateMachineBox`1.ExecutionContextCallback(Object s)
   at System.Threading.ExecutionContext.RunInternal(ExecutionContext executionContext, ContextCallback callback, Object state)
   at System.Runtime.CompilerServices.AsyncTaskMethodBuilder`1.AsyncStateMachineBox`1.MoveNext(Thread threadPoolThread)
   at System.Runtime.CompilerServices.AsyncTaskMethodBuilder`1.AsyncStateMachineBox`1.MoveNext()
   at System.Threading.Tasks.AwaitTaskContinuation.RunOrScheduleAction(IAsyncStateMachineBox box, Boolean allowInlining)
   at System.Threading.Tasks.Task.RunContinuations(Object continuationObject)
   at System.Threading.Tasks.Task`1.TrySetResult(TResult result)
   at System.Runtime.CompilerServices.AsyncTaskMethodBuilder`1.SetExistingTaskResult(Task`1 task, TResult result)
   at System.Runtime.CompilerServices.AsyncTaskMethodBuilder.SetResult()
   at MegaCrit.Sts2.Core.Saves.CloudSaveStore.SyncCloudToLocalInternal(String path)
   at System.Runtime.CompilerServices.AsyncTaskMethodBuilder`1.AsyncStateMachineBox`1.ExecutionContextCallback(Object s)
   at System.Threading.ExecutionContext.RunInternal(ExecutionContext executionContext, ContextCallback callback, Object state)
   at System.Runtime.CompilerServices.AsyncTaskMethodBuilder`1.AsyncStateMachineBox`1.MoveNext(Thread threadPoolThread)
   at System.Runtime.CompilerServices.AsyncTaskMethodBuilder`1.AsyncStateMachineBox`1.MoveNext()
   at System.Threading.Tasks.AwaitTaskContinuation.RunOrScheduleAction(IAsyncStateMachineBox box, Boolean allowInlining)
   at System.Threading.Tasks.Task.RunContinuations(Object continuationObject)
   at System.Threading.Tasks.Task`1.TrySetResult(TResult result)
   at System.Runtime.CompilerServices.AsyncTaskMethodBuilder`1.SetExistingTaskResult(Task`1 task, TResult result)
   at System.Runtime.CompilerServices.AsyncTaskMethodBuilder.SetResult()
   at MegaCrit.Sts2.Core.Saves.GodotFileIo.WriteFileAsync(String path, Byte[] bytes)
   at System.Runtime.CompilerServices.AsyncTaskMethodBuilder`1.AsyncStateMachineBox`1.ExecutionContextCallback(Object s)
   at System.Threading.ExecutionContext.RunInternal(ExecutionContext executionContext, ContextCallback callback, Object state)
   at System.Runtime.CompilerServices.AsyncTaskMethodBuilder`1.AsyncStateMachineBox`1.MoveNext(Thread threadPoolThread)
   at System.Runtime.CompilerServices.AsyncTaskMethodBuilder`1.AsyncStateMachineBox`1.MoveNext()
   at System.Threading.Tasks.AwaitTaskContinuation.RunOrScheduleAction(IAsyncStateMachineBox box, Boolean allowInlining)
   at System.Threading.Tasks.Task.RunContinuations(Object continuationObject)
   at System.Threading.Tasks.Task.ExecuteWithThreadLocal(Task& currentTaskSlot, Thread threadPoolThread)
   at System.Threading.ThreadPoolWorkQueue.Dispatch()
   at System.Threading.PortableThreadPool.WorkerThread.WorkerThreadStart()

[INFO] Deleting modded/profile1\saves\history/1777709228.run.backup because it does not exist on remote
[ERROR] Error deleting path modded/profile1\saves\history/1777709228.run.backup.backup: Failed
   at MegaCrit.Sts2.Core.Saves.GodotFileIo.DeleteFile(String path)
   at MegaCrit.Sts2.Core.Saves.CloudSaveStore.SyncCloudToLocalInternal(String path)
   at System.Runtime.CompilerServices.AsyncMethodBuilderCore.Start[TStateMachine](TStateMachine& stateMachine)
   at MegaCrit.Sts2.Core.Saves.CloudSaveStore.SyncCloudToLocalInternal(String path)
   at MegaCrit.Sts2.Core.Saves.CloudSaveStore.SyncCloudToLocal(String path)
   at System.Runtime.CompilerServices.AsyncMethodBuilderCore.Start[TStateMachine](TStateMachine& stateMachine)
   at MegaCrit.Sts2.Core.Saves.CloudSaveStore.SyncCloudToLocal(String path)
   at MegaCrit.Sts2.Core.Saves.CloudSaveStore.SyncCloudToLocalDirectory(String directoryPath)+MoveNext()
   at MegaCrit.Sts2.Core.Saves.SaveManager.EnumerateCloudSyncTasks(CloudSaveStore cloudStore)+MoveNext()
   at MegaCrit.Sts2.Core.Saves.SaveManager.SyncCloudToLocal()
   at System.Runtime.CompilerServices.AsyncTaskMethodBuilder`1.AsyncStateMachineBox`1.ExecutionContextCallback(Object s)
   at System.Threading.ExecutionContext.RunInternal(ExecutionContext executionContext, ContextCallback callback, Object state)
   at System.Runtime.CompilerServices.AsyncTaskMethodBuilder`1.AsyncStateMachineBox`1.MoveNext(Thread threadPoolThread)
   at System.Runtime.CompilerServices.AsyncTaskMethodBuilder`1.AsyncStateMachineBox`1.MoveNext()
   at System.Threading.Tasks.AwaitTaskContinuation.RunOrScheduleAction(IAsyncStateMachineBox box, Boolean allowInlining)
   at System.Threading.Tasks.Task.RunContinuations(Object continuationObject)
   at System.Threading.Tasks.Task.TrySetResult()
   at System.Threading.Tasks.Task.WhenAllPromise.Invoke(Task completedTask)
   at System.Threading.Tasks.Task.RunContinuations(Object continuationObject)
   at System.Threading.Tasks.Task`1.TrySetResult(TResult result)
   at System.Runtime.CompilerServices.AsyncTaskMethodBuilder`1.SetExistingTaskResult(Task`1 task, TResult result)
   at System.Runtime.CompilerServices.AsyncTaskMethodBuilder.SetResult()
   at MegaCrit.Sts2.Core.Saves.CloudSaveStore.SyncCloudToLocal(String path)
   at System.Runtime.CompilerServices.AsyncTaskMethodBuilder`1.AsyncStateMachineBox`1.ExecutionContextCallback(Object s)
   at System.Threading.ExecutionContext.RunInternal(ExecutionContext executionContext, ContextCallback callback, Object state)
   at System.Runtime.CompilerServices.AsyncTaskMethodBuilder`1.AsyncStateMachineBox`1.MoveNext(Thread threadPoolThread)
   at System.Runtime.CompilerServices.AsyncTaskMethodBuilder`1.AsyncStateMachineBox`1.MoveNext()
   at System.Threading.Tasks.AwaitTaskContinuation.RunOrScheduleAction(IAsyncStateMachineBox box, Boolean allowInlining)
   at System.Threading.Tasks.Task.RunContinuations(Object continuationObject)
   at System.Threading.Tasks.Task`1.TrySetResult(TResult result)
   at System.Runtime.CompilerServices.AsyncTaskMethodBuilder`1.SetExistingTaskResult(Task`1 task, TResult result)
   at System.Runtime.CompilerServices.AsyncTaskMethodBuilder.SetResult()
   at MegaCrit.Sts2.Core.Saves.CloudSaveStore.SyncCloudToLocalInternal(String path)
   at System.Runtime.CompilerServices.AsyncTaskMethodBuilder`1.AsyncStateMachineBox`1.ExecutionContextCallback(Object s)
   at System.Threading.ExecutionContext.RunInternal(ExecutionContext executionContext, ContextCallback callback, Object state)
   at System.Runtime.CompilerServices.AsyncTaskMethodBuilder`1.AsyncStateMachineBox`1.MoveNext(Thread threadPoolThread)
   at System.Runtime.CompilerServices.AsyncTaskMethodBuilder`1.AsyncStateMachineBox`1.MoveNext()
   at System.Threading.Tasks.AwaitTaskContinuation.RunOrScheduleAction(IAsyncStateMachineBox box, Boolean allowInlining)
   at System.Threading.Tasks.Task.RunContinuations(Object continuationObject)
   at System.Threading.Tasks.Task`1.TrySetResult(TResult result)
   at System.Runtime.CompilerServices.AsyncTaskMethodBuilder`1.SetExistingTaskResult(Task`1 task, TResult result)
   at System.Runtime.CompilerServices.AsyncTaskMethodBuilder.SetResult()
   at MegaCrit.Sts2.Core.Saves.GodotFileIo.WriteFileAsync(String path, Byte[] bytes)
   at System.Runtime.CompilerServices.AsyncTaskMethodBuilder`1.AsyncStateMachineBox`1.ExecutionContextCallback(Object s)
   at System.Threading.ExecutionContext.RunInternal(ExecutionContext executionContext, ContextCallback callback, Object state)
   at System.Runtime.CompilerServices.AsyncTaskMethodBuilder`1.AsyncStateMachineBox`1.MoveNext(Thread threadPoolThread)
   at System.Runtime.CompilerServices.AsyncTaskMethodBuilder`1.AsyncStateMachineBox`1.MoveNext()
   at System.Threading.Tasks.AwaitTaskContinuation.RunOrScheduleAction(IAsyncStateMachineBox box, Boolean allowInlining)
   at System.Threading.Tasks.Task.RunContinuations(Object continuationObject)
   at System.Threading.Tasks.Task.ExecuteWithThreadLocal(Task& currentTaskSlot, Thread threadPoolThread)
   at System.Threading.ThreadPoolWorkQueue.Dispatch()
   at System.Threading.PortableThreadPool.WorkerThread.WorkerThreadStart()

[INFO] Deleting modded/profile1\saves\history/1777734327.run.backup because it does not exist on remote
[ERROR] Error deleting path modded/profile1\saves\history/1777734327.run.backup.backup: Failed
   at MegaCrit.Sts2.Core.Saves.GodotFileIo.DeleteFile(String path)
   at MegaCrit.Sts2.Core.Saves.CloudSaveStore.SyncCloudToLocalInternal(String path)
   at System.Runtime.CompilerServices.AsyncMethodBuilderCore.Start[TStateMachine](TStateMachine& stateMachine)
   at MegaCrit.Sts2.Core.Saves.CloudSaveStore.SyncCloudToLocalInternal(String path)
   at MegaCrit.Sts2.Core.Saves.CloudSaveStore.SyncCloudToLocal(String path)
   at System.Runtime.CompilerServices.AsyncMethodBuilderCore.Start[TStateMachine](TStateMachine& stateMachine)
   at MegaCrit.Sts2.Core.Saves.CloudSaveStore.SyncCloudToLocal(String path)
   at MegaCrit.Sts2.Core.Saves.CloudSaveStore.SyncCloudToLocalDirectory(String directoryPath)+MoveNext()
   at MegaCrit.Sts2.Core.Saves.SaveManager.EnumerateCloudSyncTasks(CloudSaveStore cloudStore)+MoveNext()
   at MegaCrit.Sts2.Core.Saves.SaveManager.SyncCloudToLocal()
   at System.Runtime.CompilerServices.AsyncTaskMethodBuilder`1.AsyncStateMachineBox`1.ExecutionContextCallback(Object s)
   at System.Threading.ExecutionContext.RunInternal(ExecutionContext executionContext, ContextCallback callback, Object state)
   at System.Runtime.CompilerServices.AsyncTaskMethodBuilder`1.AsyncStateMachineBox`1.MoveNext(Thread threadPoolThread)
   at System.Runtime.CompilerServices.AsyncTaskMethodBuilder`1.AsyncStateMachineBox`1.MoveNext()
   at System.Threading.Tasks.AwaitTaskContinuation.RunOrScheduleAction(IAsyncStateMachineBox box, Boolean allowInlining)
   at System.Threading.Tasks.Task.RunContinuations(Object continuationObject)
   at System.Threading.Tasks.Task.TrySetResult()
   at System.Threading.Tasks.Task.WhenAllPromise.Invoke(Task completedTask)
   at System.Threading.Tasks.Task.RunContinuations(Object continuationObject)
   at System.Threading.Tasks.Task`1.TrySetResult(TResult result)
   at System.Runtime.CompilerServices.AsyncTaskMethodBuilder`1.SetExistingTaskResult(Task`1 task, TResult result)
   at System.Runtime.CompilerServices.AsyncTaskMethodBuilder.SetResult()
   at MegaCrit.Sts2.Core.Saves.CloudSaveStore.SyncCloudToLocal(String path)
   at System.Runtime.CompilerServices.AsyncTaskMethodBuilder`1.AsyncStateMachineBox`1.ExecutionContextCallback(Object s)
   at System.Threading.ExecutionContext.RunInternal(ExecutionContext executionContext, ContextCallback callback, Object state)
   at System.Runtime.CompilerServices.AsyncTaskMethodBuilder`1.AsyncStateMachineBox`1.MoveNext(Thread threadPoolThread)
   at System.Runtime.CompilerServices.AsyncTaskMethodBuilder`1.AsyncStateMachineBox`1.MoveNext()
   at System.Threading.Tasks.AwaitTaskContinuation.RunOrScheduleAction(IAsyncStateMachineBox box, Boolean allowInlining)
   at System.Threading.Tasks.Task.RunContinuations(Object continuationObject)
   at System.Threading.Tasks.Task`1.TrySetResult(TResult result)
   at System.Runtime.CompilerServices.AsyncTaskMethodBuilder`1.SetExistingTaskResult(Task`1 task, TResult result)
   at System.Runtime.CompilerServices.AsyncTaskMethodBuilder.SetResult()
   at MegaCrit.Sts2.Core.Saves.CloudSaveStore.SyncCloudToLocalInternal(String path)
   at System.Runtime.CompilerServices.AsyncTaskMethodBuilder`1.AsyncStateMachineBox`1.ExecutionContextCallback(Object s)
   at System.Threading.ExecutionContext.RunInternal(ExecutionContext executionContext, ContextCallback callback, Object state)
   at System.Runtime.CompilerServices.AsyncTaskMethodBuilder`1.AsyncStateMachineBox`1.MoveNext(Thread threadPoolThread)
   at System.Runtime.CompilerServices.AsyncTaskMethodBuilder`1.AsyncStateMachineBox`1.MoveNext()
   at System.Threading.Tasks.AwaitTaskContinuation.RunOrScheduleAction(IAsyncStateMachineBox box, Boolean allowInlining)
   at System.Threading.Tasks.Task.RunContinuations(Object continuationObject)
   at System.Threading.Tasks.Task`1.TrySetResult(TResult result)
   at System.Runtime.CompilerServices.AsyncTaskMethodBuilder`1.SetExistingTaskResult(Task`1 task, TResult result)
   at System.Runtime.CompilerServices.AsyncTaskMethodBuilder.SetResult()
   at MegaCrit.Sts2.Core.Saves.GodotFileIo.WriteFileAsync(String path, Byte[] bytes)
   at System.Runtime.CompilerServices.AsyncTaskMethodBuilder`1.AsyncStateMachineBox`1.ExecutionContextCallback(Object s)
   at System.Threading.ExecutionContext.RunInternal(ExecutionContext executionContext, ContextCallback callback, Object state)
   at System.Runtime.CompilerServices.AsyncTaskMethodBuilder`1.AsyncStateMachineBox`1.MoveNext(Thread threadPoolThread)
   at System.Runtime.CompilerServices.AsyncTaskMethodBuilder`1.AsyncStateMachineBox`1.MoveNext()
   at System.Threading.Tasks.AwaitTaskContinuation.RunOrScheduleAction(IAsyncStateMachineBox box, Boolean allowInlining)
   at System.Threading.Tasks.Task.RunContinuations(Object continuationObject)
   at System.Threading.Tasks.Task.ExecuteWithThreadLocal(Task& currentTaskSlot, Thread threadPoolThread)
   at System.Threading.ThreadPoolWorkQueue.Dispatch()
   at System.Threading.PortableThreadPool.WorkerThread.WorkerThreadStart()

[INFO] Deleting modded/profile1\saves\history/1777795567.run.backup because it does not exist on remote
[ERROR] Error deleting path modded/profile1\saves\history/1777795567.run.backup.backup: Failed
   at MegaCrit.Sts2.Core.Saves.GodotFileIo.DeleteFile(String path)
   at MegaCrit.Sts2.Core.Saves.CloudSaveStore.SyncCloudToLocalInternal(String path)
   at System.Runtime.CompilerServices.AsyncMethodBuilderCore.Start[TStateMachine](TStateMachine& stateMachine)
   at MegaCrit.Sts2.Core.Saves.CloudSaveStore.SyncCloudToLocalInternal(String path)
   at MegaCrit.Sts2.Core.Saves.CloudSaveStore.SyncCloudToLocal(String path)
   at System.Runtime.CompilerServices.AsyncMethodBuilderCore.Start[TStateMachine](TStateMachine& stateMachine)
   at MegaCrit.Sts2.Core.Saves.CloudSaveStore.SyncCloudToLocal(String path)
   at MegaCrit.Sts2.Core.Saves.CloudSaveStore.SyncCloudToLocalDirectory(String directoryPath)+MoveNext()
   at MegaCrit.Sts2.Core.Saves.SaveManager.EnumerateCloudSyncTasks(CloudSaveStore cloudStore)+MoveNext()
   at MegaCrit.Sts2.Core.Saves.SaveManager.SyncCloudToLocal()
   at System.Runtime.CompilerServices.AsyncTaskMethodBuilder`1.AsyncStateMachineBox`1.ExecutionContextCallback(Object s)
   at System.Threading.ExecutionContext.RunInternal(ExecutionContext executionContext, ContextCallback callback, Object state)
   at System.Runtime.CompilerServices.AsyncTaskMethodBuilder`1.AsyncStateMachineBox`1.MoveNext(Thread threadPoolThread)
   at System.Runtime.CompilerServices.AsyncTaskMethodBuilder`1.AsyncStateMachineBox`1.MoveNext()
   at System.Threading.Tasks.AwaitTaskContinuation.RunOrScheduleAction(IAsyncStateMachineBox box, Boolean allowInlining)
   at System.Threading.Tasks.Task.RunContinuations(Object continuationObject)
   at System.Threading.Tasks.Task.TrySetResult()
   at System.Threading.Tasks.Task.WhenAllPromise.Invoke(Task completedTask)
   at System.Threading.Tasks.Task.RunContinuations(Object continuationObject)
   at System.Threading.Tasks.Task`1.TrySetResult(TResult result)
   at System.Runtime.CompilerServices.AsyncTaskMethodBuilder`1.SetExistingTaskResult(Task`1 task, TResult result)
   at System.Runtime.CompilerServices.AsyncTaskMethodBuilder.SetResult()
   at MegaCrit.Sts2.Core.Saves.CloudSaveStore.SyncCloudToLocal(String path)
   at System.Runtime.CompilerServices.AsyncTaskMethodBuilder`1.AsyncStateMachineBox`1.ExecutionContextCallback(Object s)
   at System.Threading.ExecutionContext.RunInternal(ExecutionContext executionContext, ContextCallback callback, Object state)
   at System.Runtime.CompilerServices.AsyncTaskMethodBuilder`1.AsyncStateMachineBox`1.MoveNext(Thread threadPoolThread)
   at System.Runtime.CompilerServices.AsyncTaskMethodBuilder`1.AsyncStateMachineBox`1.MoveNext()
   at System.Threading.Tasks.AwaitTaskContinuation.RunOrScheduleAction(IAsyncStateMachineBox box, Boolean allowInlining)
   at System.Threading.Tasks.Task.RunContinuations(Object continuationObject)
   at System.Threading.Tasks.Task`1.TrySetResult(TResult result)
   at System.Runtime.CompilerServices.AsyncTaskMethodBuilder`1.SetExistingTaskResult(Task`1 task, TResult result)
   at System.Runtime.CompilerServices.AsyncTaskMethodBuilder.SetResult()
   at MegaCrit.Sts2.Core.Saves.CloudSaveStore.SyncCloudToLocalInternal(String path)
   at System.Runtime.CompilerServices.AsyncTaskMethodBuilder`1.AsyncStateMachineBox`1.ExecutionContextCallback(Object s)
   at System.Threading.ExecutionContext.RunInternal(ExecutionContext executionContext, ContextCallback callback, Object state)
   at System.Runtime.CompilerServices.AsyncTaskMethodBuilder`1.AsyncStateMachineBox`1.MoveNext(Thread threadPoolThread)
   at System.Runtime.CompilerServices.AsyncTaskMethodBuilder`1.AsyncStateMachineBox`1.MoveNext()
   at System.Threading.Tasks.AwaitTaskContinuation.RunOrScheduleAction(IAsyncStateMachineBox box, Boolean allowInlining)
   at System.Threading.Tasks.Task.RunContinuations(Object continuationObject)
   at System.Threading.Tasks.Task`1.TrySetResult(TResult result)
   at System.Runtime.CompilerServices.AsyncTaskMethodBuilder`1.SetExistingTaskResult(Task`1 task, TResult result)
   at System.Runtime.CompilerServices.AsyncTaskMethodBuilder.SetResult()
   at MegaCrit.Sts2.Core.Saves.GodotFileIo.WriteFileAsync(String path, Byte[] bytes)
   at System.Runtime.CompilerServices.AsyncTaskMethodBuilder`1.AsyncStateMachineBox`1.ExecutionContextCallback(Object s)
   at System.Threading.ExecutionContext.RunInternal(ExecutionContext executionContext, ContextCallback callback, Object state)
   at System.Runtime.CompilerServices.AsyncTaskMethodBuilder`1.AsyncStateMachineBox`1.MoveNext(Thread threadPoolThread)
   at System.Runtime.CompilerServices.AsyncTaskMethodBuilder`1.AsyncStateMachineBox`1.MoveNext()
   at System.Threading.Tasks.AwaitTaskContinuation.RunOrScheduleAction(IAsyncStateMachineBox box, Boolean allowInlining)
   at System.Threading.Tasks.Task.RunContinuations(Object continuationObject)
   at System.Threading.Tasks.Task.ExecuteWithThreadLocal(Task& currentTaskSlot, Thread threadPoolThread)
   at System.Threading.ThreadPoolWorkQueue.Dispatch()
   at System.Threading.PortableThreadPool.WorkerThread.WorkerThreadStart()

[INFO] Deleting modded/profile1\saves\history/1777795718.run.backup because it does not exist on remote
[ERROR] Error deleting path modded/profile1\saves\history/1777795718.run.backup.backup: Failed
   at MegaCrit.Sts2.Core.Saves.GodotFileIo.DeleteFile(String path)
   at MegaCrit.Sts2.Core.Saves.CloudSaveStore.SyncCloudToLocalInternal(String path)
   at System.Runtime.CompilerServices.AsyncMethodBuilderCore.Start[TStateMachine](TStateMachine& stateMachine)
   at MegaCrit.Sts2.Core.Saves.CloudSaveStore.SyncCloudToLocalInternal(String path)
   at MegaCrit.Sts2.Core.Saves.CloudSaveStore.SyncCloudToLocal(String path)
   at System.Runtime.CompilerServices.AsyncMethodBuilderCore.Start[TStateMachine](TStateMachine& stateMachine)
   at MegaCrit.Sts2.Core.Saves.CloudSaveStore.SyncCloudToLocal(String path)
   at MegaCrit.Sts2.Core.Saves.CloudSaveStore.SyncCloudToLocalDirectory(String directoryPath)+MoveNext()
   at MegaCrit.Sts2.Core.Saves.SaveManager.EnumerateCloudSyncTasks(CloudSaveStore cloudStore)+MoveNext()
   at MegaCrit.Sts2.Core.Saves.SaveManager.SyncCloudToLocal()
   at System.Runtime.CompilerServices.AsyncTaskMethodBuilder`1.AsyncStateMachineBox`1.ExecutionContextCallback(Object s)
   at System.Threading.ExecutionContext.RunInternal(ExecutionContext executionContext, ContextCallback callback, Object state)
   at System.Runtime.CompilerServices.AsyncTaskMethodBuilder`1.AsyncStateMachineBox`1.MoveNext(Thread threadPoolThread)
   at System.Runtime.CompilerServices.AsyncTaskMethodBuilder`1.AsyncStateMachineBox`1.MoveNext()
   at System.Threading.Tasks.AwaitTaskContinuation.RunOrScheduleAction(IAsyncStateMachineBox box, Boolean allowInlining)
   at System.Threading.Tasks.Task.RunContinuations(Object continuationObject)
   at System.Threading.Tasks.Task.TrySetResult()
   at System.Threading.Tasks.Task.WhenAllPromise.Invoke(Task completedTask)
   at System.Threading.Tasks.Task.RunContinuations(Object continuationObject)
   at System.Threading.Tasks.Task`1.TrySetResult(TResult result)
   at System.Runtime.CompilerServices.AsyncTaskMethodBuilder`1.SetExistingTaskResult(Task`1 task, TResult result)
   at System.Runtime.CompilerServices.AsyncTaskMethodBuilder.SetResult()
   at MegaCrit.Sts2.Core.Saves.CloudSaveStore.SyncCloudToLocal(String path)
   at System.Runtime.CompilerServices.AsyncTaskMethodBuilder`1.AsyncStateMachineBox`1.ExecutionContextCallback(Object s)
   at System.Threading.ExecutionContext.RunInternal(ExecutionContext executionContext, ContextCallback callback, Object state)
   at System.Runtime.CompilerServices.AsyncTaskMethodBuilder`1.AsyncStateMachineBox`1.MoveNext(Thread threadPoolThread)
   at System.Runtime.CompilerServices.AsyncTaskMethodBuilder`1.AsyncStateMachineBox`1.MoveNext()
   at System.Threading.Tasks.AwaitTaskContinuation.RunOrScheduleAction(IAsyncStateMachineBox box, Boolean allowInlining)
   at System.Threading.Tasks.Task.RunContinuations(Object continuationObject)
   at System.Threading.Tasks.Task`1.TrySetResult(TResult result)
   at System.Runtime.CompilerServices.AsyncTaskMethodBuilder`1.SetExistingTaskResult(Task`1 task, TResult result)
   at System.Runtime.CompilerServices.AsyncTaskMethodBuilder.SetResult()
   at MegaCrit.Sts2.Core.Saves.CloudSaveStore.SyncCloudToLocalInternal(String path)
   at System.Runtime.CompilerServices.AsyncTaskMethodBuilder`1.AsyncStateMachineBox`1.ExecutionContextCallback(Object s)
   at System.Threading.ExecutionContext.RunInternal(ExecutionContext executionContext, ContextCallback callback, Object state)
   at System.Runtime.CompilerServices.AsyncTaskMethodBuilder`1.AsyncStateMachineBox`1.MoveNext(Thread threadPoolThread)
   at System.Runtime.CompilerServices.AsyncTaskMethodBuilder`1.AsyncStateMachineBox`1.MoveNext()
   at System.Threading.Tasks.AwaitTaskContinuation.RunOrScheduleAction(IAsyncStateMachineBox box, Boolean allowInlining)
   at System.Threading.Tasks.Task.RunContinuations(Object continuationObject)
   at System.Threading.Tasks.Task`1.TrySetResult(TResult result)
   at System.Runtime.CompilerServices.AsyncTaskMethodBuilder`1.SetExistingTaskResult(Task`1 task, TResult result)
   at System.Runtime.CompilerServices.AsyncTaskMethodBuilder.SetResult()
   at MegaCrit.Sts2.Core.Saves.GodotFileIo.WriteFileAsync(String path, Byte[] bytes)
   at System.Runtime.CompilerServices.AsyncTaskMethodBuilder`1.AsyncStateMachineBox`1.ExecutionContextCallback(Object s)
   at System.Threading.ExecutionContext.RunInternal(ExecutionContext executionContext, ContextCallback callback, Object state)
   at System.Runtime.CompilerServices.AsyncTaskMethodBuilder`1.AsyncStateMachineBox`1.MoveNext(Thread threadPoolThread)
   at System.Runtime.CompilerServices.AsyncTaskMethodBuilder`1.AsyncStateMachineBox`1.MoveNext()
   at System.Threading.Tasks.AwaitTaskContinuation.RunOrScheduleAction(IAsyncStateMachineBox box, Boolean allowInlining)
   at System.Threading.Tasks.Task.RunContinuations(Object continuationObject)
   at System.Threading.Tasks.Task.ExecuteWithThreadLocal(Task& currentTaskSlot, Thread threadPoolThread)
   at System.Threading.ThreadPoolWorkQueue.Dispatch()
   at System.Threading.PortableThreadPool.WorkerThread.WorkerThreadStart()

[INFO] Deleting modded/profile1\saves\history/1777908082.run.backup because it does not exist on remote
[ERROR] Error deleting path modded/profile1\saves\history/1777908082.run.backup.backup: Failed
   at MegaCrit.Sts2.Core.Saves.GodotFileIo.DeleteFile(String path)
   at MegaCrit.Sts2.Core.Saves.CloudSaveStore.SyncCloudToLocalInternal(String path)
   at System.Runtime.CompilerServices.AsyncMethodBuilderCore.Start[TStateMachine](TStateMachine& stateMachine)
   at MegaCrit.Sts2.Core.Saves.CloudSaveStore.SyncCloudToLocalInternal(String path)
   at MegaCrit.Sts2.Core.Saves.CloudSaveStore.SyncCloudToLocal(String path)
   at System.Runtime.CompilerServices.AsyncMethodBuilderCore.Start[TStateMachine](TStateMachine& stateMachine)
   at MegaCrit.Sts2.Core.Saves.CloudSaveStore.SyncCloudToLocal(String path)
   at MegaCrit.Sts2.Core.Saves.CloudSaveStore.SyncCloudToLocalDirectory(String directoryPath)+MoveNext()
   at MegaCrit.Sts2.Core.Saves.SaveManager.EnumerateCloudSyncTasks(CloudSaveStore cloudStore)+MoveNext()
   at MegaCrit.Sts2.Core.Saves.SaveManager.SyncCloudToLocal()
   at System.Runtime.CompilerServices.AsyncTaskMethodBuilder`1.AsyncStateMachineBox`1.ExecutionContextCallback(Object s)
   at System.Threading.ExecutionContext.RunInternal(ExecutionContext executionContext, ContextCallback callback, Object state)
   at System.Runtime.CompilerServices.AsyncTaskMethodBuilder`1.AsyncStateMachineBox`1.MoveNext(Thread threadPoolThread)
   at System.Runtime.CompilerServices.AsyncTaskMethodBuilder`1.AsyncStateMachineBox`1.MoveNext()
   at System.Threading.Tasks.AwaitTaskContinuation.RunOrScheduleAction(IAsyncStateMachineBox box, Boolean allowInlining)
   at System.Threading.Tasks.Task.RunContinuations(Object continuationObject)
   at System.Threading.Tasks.Task.TrySetResult()
   at System.Threading.Tasks.Task.WhenAllPromise.Invoke(Task completedTask)
   at System.Threading.Tasks.Task.RunContinuations(Object continuationObject)
   at System.Threading.Tasks.Task`1.TrySetResult(TResult result)
   at System.Runtime.CompilerServices.AsyncTaskMethodBuilder`1.SetExistingTaskResult(Task`1 task, TResult result)
   at System.Runtime.CompilerServices.AsyncTaskMethodBuilder.SetResult()
   at MegaCrit.Sts2.Core.Saves.CloudSaveStore.SyncCloudToLocal(String path)
   at System.Runtime.CompilerServices.AsyncTaskMethodBuilder`1.AsyncStateMachineBox`1.ExecutionContextCallback(Object s)
   at System.Threading.ExecutionContext.RunInternal(ExecutionContext executionContext, ContextCallback callback, Object state)
   at System.Runtime.CompilerServices.AsyncTaskMethodBuilder`1.AsyncStateMachineBox`1.MoveNext(Thread threadPoolThread)
   at System.Runtime.CompilerServices.AsyncTaskMethodBuilder`1.AsyncStateMachineBox`1.MoveNext()
   at System.Threading.Tasks.AwaitTaskContinuation.RunOrScheduleAction(IAsyncStateMachineBox box, Boolean allowInlining)
   at System.Threading.Tasks.Task.RunContinuations(Object continuationObject)
   at System.Threading.Tasks.Task`1.TrySetResult(TResult result)
   at System.Runtime.CompilerServices.AsyncTaskMethodBuilder`1.SetExistingTaskResult(Task`1 task, TResult result)
   at System.Runtime.CompilerServices.AsyncTaskMethodBuilder.SetResult()
   at MegaCrit.Sts2.Core.Saves.CloudSaveStore.SyncCloudToLocalInternal(String path)
   at System.Runtime.CompilerServices.AsyncTaskMethodBuilder`1.AsyncStateMachineBox`1.ExecutionContextCallback(Object s)
   at System.Threading.ExecutionContext.RunInternal(ExecutionContext executionContext, ContextCallback callback, Object state)
   at System.Runtime.CompilerServices.AsyncTaskMethodBuilder`1.AsyncStateMachineBox`1.MoveNext(Thread threadPoolThread)
   at System.Runtime.CompilerServices.AsyncTaskMethodBuilder`1.AsyncStateMachineBox`1.MoveNext()
   at System.Threading.Tasks.AwaitTaskContinuation.RunOrScheduleAction(IAsyncStateMachineBox box, Boolean allowInlining)
   at System.Threading.Tasks.Task.RunContinuations(Object continuationObject)
   at System.Threading.Tasks.Task`1.TrySetResult(TResult result)
   at System.Runtime.CompilerServices.AsyncTaskMethodBuilder`1.SetExistingTaskResult(Task`1 task, TResult result)
   at System.Runtime.CompilerServices.AsyncTaskMethodBuilder.SetResult()
   at MegaCrit.Sts2.Core.Saves.GodotFileIo.WriteFileAsync(String path, Byte[] bytes)
   at System.Runtime.CompilerServices.AsyncTaskMethodBuilder`1.AsyncStateMachineBox`1.ExecutionContextCallback(Object s)
   at System.Threading.ExecutionContext.RunInternal(ExecutionContext executionContext, ContextCallback callback, Object state)
   at System.Runtime.CompilerServices.AsyncTaskMethodBuilder`1.AsyncStateMachineBox`1.MoveNext(Thread threadPoolThread)
   at System.Runtime.CompilerServices.AsyncTaskMethodBuilder`1.AsyncStateMachineBox`1.MoveNext()
   at System.Threading.Tasks.AwaitTaskContinuation.RunOrScheduleAction(IAsyncStateMachineBox box, Boolean allowInlining)
   at System.Threading.Tasks.Task.RunContinuations(Object continuationObject)
   at System.Threading.Tasks.Task.ExecuteWithThreadLocal(Task& currentTaskSlot, Thread threadPoolThread)
   at System.Threading.ThreadPoolWorkQueue.Dispatch()
   at System.Threading.PortableThreadPool.WorkerThread.WorkerThreadStart()

[INFO] Deleting modded/profile1\saves\history/1778163940.run.backup because it does not exist on remote
[ERROR] Error deleting path modded/profile1\saves\history/1778163940.run.backup.backup: Failed
   at MegaCrit.Sts2.Core.Saves.GodotFileIo.DeleteFile(String path)
   at MegaCrit.Sts2.Core.Saves.CloudSaveStore.SyncCloudToLocalInternal(String path)
   at System.Runtime.CompilerServices.AsyncMethodBuilderCore.Start[TStateMachine](TStateMachine& stateMachine)
   at MegaCrit.Sts2.Core.Saves.CloudSaveStore.SyncCloudToLocalInternal(String path)
   at MegaCrit.Sts2.Core.Saves.CloudSaveStore.SyncCloudToLocal(String path)
   at System.Runtime.CompilerServices.AsyncMethodBuilderCore.Start[TStateMachine](TStateMachine& stateMachine)
   at MegaCrit.Sts2.Core.Saves.CloudSaveStore.SyncCloudToLocal(String path)
   at MegaCrit.Sts2.Core.Saves.CloudSaveStore.SyncCloudToLocalDirectory(String directoryPath)+MoveNext()
   at MegaCrit.Sts2.Core.Saves.SaveManager.EnumerateCloudSyncTasks(CloudSaveStore cloudStore)+MoveNext()
   at MegaCrit.Sts2.Core.Saves.SaveManager.SyncCloudToLocal()
   at System.Runtime.CompilerServices.AsyncTaskMethodBuilder`1.AsyncStateMachineBox`1.ExecutionContextCallback(Object s)
   at System.Threading.ExecutionContext.RunInternal(ExecutionContext executionContext, ContextCallback callback, Object state)
   at System.Runtime.CompilerServices.AsyncTaskMethodBuilder`1.AsyncStateMachineBox`1.MoveNext(Thread threadPoolThread)
   at System.Runtime.CompilerServices.AsyncTaskMethodBuilder`1.AsyncStateMachineBox`1.MoveNext()
   at System.Threading.Tasks.AwaitTaskContinuation.RunOrScheduleAction(IAsyncStateMachineBox box, Boolean allowInlining)
   at System.Threading.Tasks.Task.RunContinuations(Object continuationObject)
   at System.Threading.Tasks.Task.TrySetResult()
   at System.Threading.Tasks.Task.WhenAllPromise.Invoke(Task completedTask)
   at System.Threading.Tasks.Task.RunContinuations(Object continuationObject)
   at System.Threading.Tasks.Task`1.TrySetResult(TResult result)
   at System.Runtime.CompilerServices.AsyncTaskMethodBuilder`1.SetExistingTaskResult(Task`1 task, TResult result)
   at System.Runtime.CompilerServices.AsyncTaskMethodBuilder.SetResult()
   at MegaCrit.Sts2.Core.Saves.CloudSaveStore.SyncCloudToLocal(String path)
   at System.Runtime.CompilerServices.AsyncTaskMethodBuilder`1.AsyncStateMachineBox`1.ExecutionContextCallback(Object s)
   at System.Threading.ExecutionContext.RunInternal(ExecutionContext executionContext, ContextCallback callback, Object state)
   at System.Runtime.CompilerServices.AsyncTaskMethodBuilder`1.AsyncStateMachineBox`1.MoveNext(Thread threadPoolThread)
   at System.Runtime.CompilerServices.AsyncTaskMethodBuilder`1.AsyncStateMachineBox`1.MoveNext()
   at System.Threading.Tasks.AwaitTaskContinuation.RunOrScheduleAction(IAsyncStateMachineBox box, Boolean allowInlining)
   at System.Threading.Tasks.Task.RunContinuations(Object continuationObject)
   at System.Threading.Tasks.Task`1.TrySetResult(TResult result)
   at System.Runtime.CompilerServices.AsyncTaskMethodBuilder`1.SetExistingTaskResult(Task`1 task, TResult result)
   at System.Runtime.CompilerServices.AsyncTaskMethodBuilder.SetResult()
   at MegaCrit.Sts2.Core.Saves.CloudSaveStore.SyncCloudToLocalInternal(String path)
   at System.Runtime.CompilerServices.AsyncTaskMethodBuilder`1.AsyncStateMachineBox`1.ExecutionContextCallback(Object s)
   at System.Threading.ExecutionContext.RunInternal(ExecutionContext executionContext, ContextCallback callback, Object state)
   at System.Runtime.CompilerServices.AsyncTaskMethodBuilder`1.AsyncStateMachineBox`1.MoveNext(Thread threadPoolThread)
   at System.Runtime.CompilerServices.AsyncTaskMethodBuilder`1.AsyncStateMachineBox`1.MoveNext()
   at System.Threading.Tasks.AwaitTaskContinuation.RunOrScheduleAction(IAsyncStateMachineBox box, Boolean allowInlining)
   at System.Threading.Tasks.Task.RunContinuations(Object continuationObject)
   at System.Threading.Tasks.Task`1.TrySetResult(TResult result)
   at System.Runtime.CompilerServices.AsyncTaskMethodBuilder`1.SetExistingTaskResult(Task`1 task, TResult result)
   at System.Runtime.CompilerServices.AsyncTaskMethodBuilder.SetResult()
   at MegaCrit.Sts2.Core.Saves.GodotFileIo.WriteFileAsync(String path, Byte[] bytes)
   at System.Runtime.CompilerServices.AsyncTaskMethodBuilder`1.AsyncStateMachineBox`1.ExecutionContextCallback(Object s)
   at System.Threading.ExecutionContext.RunInternal(ExecutionContext executionContext, ContextCallback callback, Object state)
   at System.Runtime.CompilerServices.AsyncTaskMethodBuilder`1.AsyncStateMachineBox`1.MoveNext(Thread threadPoolThread)
   at System.Runtime.CompilerServices.AsyncTaskMethodBuilder`1.AsyncStateMachineBox`1.MoveNext()
   at System.Threading.Tasks.AwaitTaskContinuation.RunOrScheduleAction(IAsyncStateMachineBox box, Boolean allowInlining)
   at System.Threading.Tasks.Task.RunContinuations(Object continuationObject)
   at System.Threading.Tasks.Task.ExecuteWithThreadLocal(Task& currentTaskSlot, Thread threadPoolThread)
   at System.Threading.ThreadPoolWorkQueue.Dispatch()
   at System.Threading.PortableThreadPool.WorkerThread.WorkerThreadStart()

[INFO] Deleting modded/profile1\saves\history/1778214603.run.backup because it does not exist on remote
[ERROR] Error deleting path modded/profile1\saves\history/1778214603.run.backup.backup: Failed
   at MegaCrit.Sts2.Core.Saves.GodotFileIo.DeleteFile(String path)
   at MegaCrit.Sts2.Core.Saves.CloudSaveStore.SyncCloudToLocalInternal(String path)
   at System.Runtime.CompilerServices.AsyncMethodBuilderCore.Start[TStateMachine](TStateMachine& stateMachine)
   at MegaCrit.Sts2.Core.Saves.CloudSaveStore.SyncCloudToLocalInternal(String path)
   at MegaCrit.Sts2.Core.Saves.CloudSaveStore.SyncCloudToLocal(String path)
   at System.Runtime.CompilerServices.AsyncMethodBuilderCore.Start[TStateMachine](TStateMachine& stateMachine)
   at MegaCrit.Sts2.Core.Saves.CloudSaveStore.SyncCloudToLocal(String path)
   at MegaCrit.Sts2.Core.Saves.CloudSaveStore.SyncCloudToLocalDirectory(String directoryPath)+MoveNext()
   at MegaCrit.Sts2.Core.Saves.SaveManager.EnumerateCloudSyncTasks(CloudSaveStore cloudStore)+MoveNext()
   at MegaCrit.Sts2.Core.Saves.SaveManager.SyncCloudToLocal()
   at System.Runtime.CompilerServices.AsyncTaskMethodBuilder`1.AsyncStateMachineBox`1.ExecutionContextCallback(Object s)
   at System.Threading.ExecutionContext.RunInternal(ExecutionContext executionContext, ContextCallback callback, Object state)
   at System.Runtime.CompilerServices.AsyncTaskMethodBuilder`1.AsyncStateMachineBox`1.MoveNext(Thread threadPoolThread)
   at System.Runtime.CompilerServices.AsyncTaskMethodBuilder`1.AsyncStateMachineBox`1.MoveNext()
   at System.Threading.Tasks.AwaitTaskContinuation.RunOrScheduleAction(IAsyncStateMachineBox box, Boolean allowInlining)
   at System.Threading.Tasks.Task.RunContinuations(Object continuationObject)
   at System.Threading.Tasks.Task.TrySetResult()
   at System.Threading.Tasks.Task.WhenAllPromise.Invoke(Task completedTask)
   at System.Threading.Tasks.Task.RunContinuations(Object continuationObject)
   at System.Threading.Tasks.Task`1.TrySetResult(TResult result)
   at System.Runtime.CompilerServices.AsyncTaskMethodBuilder`1.SetExistingTaskResult(Task`1 task, TResult result)
   at System.Runtime.CompilerServices.AsyncTaskMethodBuilder.SetResult()
   at MegaCrit.Sts2.Core.Saves.CloudSaveStore.SyncCloudToLocal(String path)
   at System.Runtime.CompilerServices.AsyncTaskMethodBuilder`1.AsyncStateMachineBox`1.ExecutionContextCallback(Object s)
   at System.Threading.ExecutionContext.RunInternal(ExecutionContext executionContext, ContextCallback callback, Object state)
   at System.Runtime.CompilerServices.AsyncTaskMethodBuilder`1.AsyncStateMachineBox`1.MoveNext(Thread threadPoolThread)
   at System.Runtime.CompilerServices.AsyncTaskMethodBuilder`1.AsyncStateMachineBox`1.MoveNext()
   at System.Threading.Tasks.AwaitTaskContinuation.RunOrScheduleAction(IAsyncStateMachineBox box, Boolean allowInlining)
   at System.Threading.Tasks.Task.RunContinuations(Object continuationObject)
   at System.Threading.Tasks.Task`1.TrySetResult(TResult result)
   at System.Runtime.CompilerServices.AsyncTaskMethodBuilder`1.SetExistingTaskResult(Task`1 task, TResult result)
   at System.Runtime.CompilerServices.AsyncTaskMethodBuilder.SetResult()
   at MegaCrit.Sts2.Core.Saves.CloudSaveStore.SyncCloudToLocalInternal(String path)
   at System.Runtime.CompilerServices.AsyncTaskMethodBuilder`1.AsyncStateMachineBox`1.ExecutionContextCallback(Object s)
   at System.Threading.ExecutionContext.RunInternal(ExecutionContext executionContext, ContextCallback callback, Object state)
   at System.Runtime.CompilerServices.AsyncTaskMethodBuilder`1.AsyncStateMachineBox`1.MoveNext(Thread threadPoolThread)
   at System.Runtime.CompilerServices.AsyncTaskMethodBuilder`1.AsyncStateMachineBox`1.MoveNext()
   at System.Threading.Tasks.AwaitTaskContinuation.RunOrScheduleAction(IAsyncStateMachineBox box, Boolean allowInlining)
   at System.Threading.Tasks.Task.RunContinuations(Object continuationObject)
   at System.Threading.Tasks.Task`1.TrySetResult(TResult result)
   at System.Runtime.CompilerServices.AsyncTaskMethodBuilder`1.SetExistingTaskResult(Task`1 task, TResult result)
   at System.Runtime.CompilerServices.AsyncTaskMethodBuilder.SetResult()
   at MegaCrit.Sts2.Core.Saves.GodotFileIo.WriteFileAsync(String path, Byte[] bytes)
   at System.Runtime.CompilerServices.AsyncTaskMethodBuilder`1.AsyncStateMachineBox`1.ExecutionContextCallback(Object s)
   at System.Threading.ExecutionContext.RunInternal(ExecutionContext executionContext, ContextCallback callback, Object state)
   at System.Runtime.CompilerServices.AsyncTaskMethodBuilder`1.AsyncStateMachineBox`1.MoveNext(Thread threadPoolThread)
   at System.Runtime.CompilerServices.AsyncTaskMethodBuilder`1.AsyncStateMachineBox`1.MoveNext()
   at System.Threading.Tasks.AwaitTaskContinuation.RunOrScheduleAction(IAsyncStateMachineBox box, Boolean allowInlining)
   at System.Threading.Tasks.Task.RunContinuations(Object continuationObject)
   at System.Threading.Tasks.Task.ExecuteWithThreadLocal(Task& currentTaskSlot, Thread threadPoolThread)
   at System.Threading.ThreadPoolWorkQueue.Dispatch()
   at System.Threading.PortableThreadPool.WorkerThread.WorkerThreadStart()

[INFO] Deleting modded/profile1\saves\history/1778218248.run.backup because it does not exist on remote
[ERROR] Error deleting path modded/profile1\saves\history/1778218248.run.backup.backup: Failed
   at MegaCrit.Sts2.Core.Saves.GodotFileIo.DeleteFile(String path)
   at MegaCrit.Sts2.Core.Saves.CloudSaveStore.SyncCloudToLocalInternal(String path)
   at System.Runtime.CompilerServices.AsyncMethodBuilderCore.Start[TStateMachine](TStateMachine& stateMachine)
   at MegaCrit.Sts2.Core.Saves.CloudSaveStore.SyncCloudToLocalInternal(String path)
   at MegaCrit.Sts2.Core.Saves.CloudSaveStore.SyncCloudToLocal(String path)
   at System.Runtime.CompilerServices.AsyncMethodBuilderCore.Start[TStateMachine](TStateMachine& stateMachine)
   at MegaCrit.Sts2.Core.Saves.CloudSaveStore.SyncCloudToLocal(String path)
   at MegaCrit.Sts2.Core.Saves.CloudSaveStore.SyncCloudToLocalDirectory(String directoryPath)+MoveNext()
   at MegaCrit.Sts2.Core.Saves.SaveManager.EnumerateCloudSyncTasks(CloudSaveStore cloudStore)+MoveNext()
   at MegaCrit.Sts2.Core.Saves.SaveManager.SyncCloudToLocal()
   at System.Runtime.CompilerServices.AsyncTaskMethodBuilder`1.AsyncStateMachineBox`1.ExecutionContextCallback(Object s)
   at System.Threading.ExecutionContext.RunInternal(ExecutionContext executionContext, ContextCallback callback, Object state)
   at System.Runtime.CompilerServices.AsyncTaskMethodBuilder`1.AsyncStateMachineBox`1.MoveNext(Thread threadPoolThread)
   at System.Runtime.CompilerServices.AsyncTaskMethodBuilder`1.AsyncStateMachineBox`1.MoveNext()
   at System.Threading.Tasks.AwaitTaskContinuation.RunOrScheduleAction(IAsyncStateMachineBox box, Boolean allowInlining)
   at System.Threading.Tasks.Task.RunContinuations(Object continuationObject)
   at System.Threading.Tasks.Task.TrySetResult()
   at System.Threading.Tasks.Task.WhenAllPromise.Invoke(Task completedTask)
   at System.Threading.Tasks.Task.RunContinuations(Object continuationObject)
   at System.Threading.Tasks.Task`1.TrySetResult(TResult result)
   at System.Runtime.CompilerServices.AsyncTaskMethodBuilder`1.SetExistingTaskResult(Task`1 task, TResult result)
   at System.Runtime.CompilerServices.AsyncTaskMethodBuilder.SetResult()
   at MegaCrit.Sts2.Core.Saves.CloudSaveStore.SyncCloudToLocal(String path)
   at System.Runtime.CompilerServices.AsyncTaskMethodBuilder`1.AsyncStateMachineBox`1.ExecutionContextCallback(Object s)
   at System.Threading.ExecutionContext.RunInternal(ExecutionContext executionContext, ContextCallback callback, Object state)
   at System.Runtime.CompilerServices.AsyncTaskMethodBuilder`1.AsyncStateMachineBox`1.MoveNext(Thread threadPoolThread)
   at System.Runtime.CompilerServices.AsyncTaskMethodBuilder`1.AsyncStateMachineBox`1.MoveNext()
   at System.Threading.Tasks.AwaitTaskContinuation.RunOrScheduleAction(IAsyncStateMachineBox box, Boolean allowInlining)
   at System.Threading.Tasks.Task.RunContinuations(Object continuationObject)
   at System.Threading.Tasks.Task`1.TrySetResult(TResult result)
   at System.Runtime.CompilerServices.AsyncTaskMethodBuilder`1.SetExistingTaskResult(Task`1 task, TResult result)
   at System.Runtime.CompilerServices.AsyncTaskMethodBuilder.SetResult()
   at MegaCrit.Sts2.Core.Saves.CloudSaveStore.SyncCloudToLocalInternal(String path)
   at System.Runtime.CompilerServices.AsyncTaskMethodBuilder`1.AsyncStateMachineBox`1.ExecutionContextCallback(Object s)
   at System.Threading.ExecutionContext.RunInternal(ExecutionContext executionContext, ContextCallback callback, Object state)
   at System.Runtime.CompilerServices.AsyncTaskMethodBuilder`1.AsyncStateMachineBox`1.MoveNext(Thread threadPoolThread)
   at System.Runtime.CompilerServices.AsyncTaskMethodBuilder`1.AsyncStateMachineBox`1.MoveNext()
   at System.Threading.Tasks.AwaitTaskContinuation.RunOrScheduleAction(IAsyncStateMachineBox box, Boolean allowInlining)
   at System.Threading.Tasks.Task.RunContinuations(Object continuationObject)
   at System.Threading.Tasks.Task`1.TrySetResult(TResult result)
   at System.Runtime.CompilerServices.AsyncTaskMethodBuilder`1.SetExistingTaskResult(Task`1 task, TResult result)
   at System.Runtime.CompilerServices.AsyncTaskMethodBuilder.SetResult()
   at MegaCrit.Sts2.Core.Saves.GodotFileIo.WriteFileAsync(String path, Byte[] bytes)
   at System.Runtime.CompilerServices.AsyncTaskMethodBuilder`1.AsyncStateMachineBox`1.ExecutionContextCallback(Object s)
   at System.Threading.ExecutionContext.RunInternal(ExecutionContext executionContext, ContextCallback callback, Object state)
   at System.Runtime.CompilerServices.AsyncTaskMethodBuilder`1.AsyncStateMachineBox`1.MoveNext(Thread threadPoolThread)
   at System.Runtime.CompilerServices.AsyncTaskMethodBuilder`1.AsyncStateMachineBox`1.MoveNext()
   at System.Threading.Tasks.AwaitTaskContinuation.RunOrScheduleAction(IAsyncStateMachineBox box, Boolean allowInlining)
   at System.Threading.Tasks.Task.RunContinuations(Object continuationObject)
   at System.Threading.Tasks.Task.ExecuteWithThreadLocal(Task& currentTaskSlot, Thread threadPoolThread)
   at System.Threading.ThreadPoolWorkQueue.Dispatch()
   at System.Threading.PortableThreadPool.WorkerThread.WorkerThreadStart()

[INFO] Deleting modded/profile1\saves\history/1778220951.run.backup because it does not exist on remote
[ERROR] Error deleting path modded/profile1\saves\history/1778220951.run.backup.backup: Failed
   at MegaCrit.Sts2.Core.Saves.GodotFileIo.DeleteFile(String path)
   at MegaCrit.Sts2.Core.Saves.CloudSaveStore.SyncCloudToLocalInternal(String path)
   at System.Runtime.CompilerServices.AsyncMethodBuilderCore.Start[TStateMachine](TStateMachine& stateMachine)
   at MegaCrit.Sts2.Core.Saves.CloudSaveStore.SyncCloudToLocalInternal(String path)
   at MegaCrit.Sts2.Core.Saves.CloudSaveStore.SyncCloudToLocal(String path)
   at System.Runtime.CompilerServices.AsyncMethodBuilderCore.Start[TStateMachine](TStateMachine& stateMachine)
   at MegaCrit.Sts2.Core.Saves.CloudSaveStore.SyncCloudToLocal(String path)
   at MegaCrit.Sts2.Core.Saves.CloudSaveStore.SyncCloudToLocalDirectory(String directoryPath)+MoveNext()
   at MegaCrit.Sts2.Core.Saves.SaveManager.EnumerateCloudSyncTasks(CloudSaveStore cloudStore)+MoveNext()
   at MegaCrit.Sts2.Core.Saves.SaveManager.SyncCloudToLocal()
   at System.Runtime.CompilerServices.AsyncTaskMethodBuilder`1.AsyncStateMachineBox`1.ExecutionContextCallback(Object s)
   at System.Threading.ExecutionContext.RunInternal(ExecutionContext executionContext, ContextCallback callback, Object state)
   at System.Runtime.CompilerServices.AsyncTaskMethodBuilder`1.AsyncStateMachineBox`1.MoveNext(Thread threadPoolThread)
   at System.Runtime.CompilerServices.AsyncTaskMethodBuilder`1.AsyncStateMachineBox`1.MoveNext()
   at System.Threading.Tasks.AwaitTaskContinuation.RunOrScheduleAction(IAsyncStateMachineBox box, Boolean allowInlining)
   at System.Threading.Tasks.Task.RunContinuations(Object continuationObject)
   at System.Threading.Tasks.Task.TrySetResult()
   at System.Threading.Tasks.Task.WhenAllPromise.Invoke(Task completedTask)
   at System.Threading.Tasks.Task.RunContinuations(Object continuationObject)
   at System.Threading.Tasks.Task`1.TrySetResult(TResult result)
   at System.Runtime.CompilerServices.AsyncTaskMethodBuilder`1.SetExistingTaskResult(Task`1 task, TResult result)
   at System.Runtime.CompilerServices.AsyncTaskMethodBuilder.SetResult()
   at MegaCrit.Sts2.Core.Saves.CloudSaveStore.SyncCloudToLocal(String path)
   at System.Runtime.CompilerServices.AsyncTaskMethodBuilder`1.AsyncStateMachineBox`1.ExecutionContextCallback(Object s)
   at System.Threading.ExecutionContext.RunInternal(ExecutionContext executionContext, ContextCallback callback, Object state)
   at System.Runtime.CompilerServices.AsyncTaskMethodBuilder`1.AsyncStateMachineBox`1.MoveNext(Thread threadPoolThread)
   at System.Runtime.CompilerServices.AsyncTaskMethodBuilder`1.AsyncStateMachineBox`1.MoveNext()
   at System.Threading.Tasks.AwaitTaskContinuation.RunOrScheduleAction(IAsyncStateMachineBox box, Boolean allowInlining)
   at System.Threading.Tasks.Task.RunContinuations(Object continuationObject)
   at System.Threading.Tasks.Task`1.TrySetResult(TResult result)
   at System.Runtime.CompilerServices.AsyncTaskMethodBuilder`1.SetExistingTaskResult(Task`1 task, TResult result)
   at System.Runtime.CompilerServices.AsyncTaskMethodBuilder.SetResult()
   at MegaCrit.Sts2.Core.Saves.CloudSaveStore.SyncCloudToLocalInternal(String path)
   at System.Runtime.CompilerServices.AsyncTaskMethodBuilder`1.AsyncStateMachineBox`1.ExecutionContextCallback(Object s)
   at System.Threading.ExecutionContext.RunInternal(ExecutionContext executionContext, ContextCallback callback, Object state)
   at System.Runtime.CompilerServices.AsyncTaskMethodBuilder`1.AsyncStateMachineBox`1.MoveNext(Thread threadPoolThread)
   at System.Runtime.CompilerServices.AsyncTaskMethodBuilder`1.AsyncStateMachineBox`1.MoveNext()
   at System.Threading.Tasks.AwaitTaskContinuation.RunOrScheduleAction(IAsyncStateMachineBox box, Boolean allowInlining)
   at System.Threading.Tasks.Task.RunContinuations(Object continuationObject)
   at System.Threading.Tasks.Task`1.TrySetResult(TResult result)
   at System.Runtime.CompilerServices.AsyncTaskMethodBuilder`1.SetExistingTaskResult(Task`1 task, TResult result)
   at System.Runtime.CompilerServices.AsyncTaskMethodBuilder.SetResult()
   at MegaCrit.Sts2.Core.Saves.GodotFileIo.WriteFileAsync(String path, Byte[] bytes)
   at System.Runtime.CompilerServices.AsyncTaskMethodBuilder`1.AsyncStateMachineBox`1.ExecutionContextCallback(Object s)
   at System.Threading.ExecutionContext.RunInternal(ExecutionContext executionContext, ContextCallback callback, Object state)
   at System.Runtime.CompilerServices.AsyncTaskMethodBuilder`1.AsyncStateMachineBox`1.MoveNext(Thread threadPoolThread)
   at System.Runtime.CompilerServices.AsyncTaskMethodBuilder`1.AsyncStateMachineBox`1.MoveNext()
   at System.Threading.Tasks.AwaitTaskContinuation.RunOrScheduleAction(IAsyncStateMachineBox box, Boolean allowInlining)
   at System.Threading.Tasks.Task.RunContinuations(Object continuationObject)
   at System.Threading.Tasks.Task.ExecuteWithThreadLocal(Task& currentTaskSlot, Thread threadPoolThread)
   at System.Threading.ThreadPoolWorkQueue.Dispatch()
   at System.Threading.PortableThreadPool.WorkerThread.WorkerThreadStart()

[INFO] Deleting modded/profile1\saves\history/1778236470.run.backup because it does not exist on remote
[ERROR] Error deleting path modded/profile1\saves\history/1778236470.run.backup.backup: Failed
   at MegaCrit.Sts2.Core.Saves.GodotFileIo.DeleteFile(String path)
   at MegaCrit.Sts2.Core.Saves.CloudSaveStore.SyncCloudToLocalInternal(String path)
   at System.Runtime.CompilerServices.AsyncMethodBuilderCore.Start[TStateMachine](TStateMachine& stateMachine)
   at MegaCrit.Sts2.Core.Saves.CloudSaveStore.SyncCloudToLocalInternal(String path)
   at MegaCrit.Sts2.Core.Saves.CloudSaveStore.SyncCloudToLocal(String path)
   at System.Runtime.CompilerServices.AsyncMethodBuilderCore.Start[TStateMachine](TStateMachine& stateMachine)
   at MegaCrit.Sts2.Core.Saves.CloudSaveStore.SyncCloudToLocal(String path)
   at MegaCrit.Sts2.Core.Saves.CloudSaveStore.SyncCloudToLocalDirectory(String directoryPath)+MoveNext()
   at MegaCrit.Sts2.Core.Saves.SaveManager.EnumerateCloudSyncTasks(CloudSaveStore cloudStore)+MoveNext()
   at MegaCrit.Sts2.Core.Saves.SaveManager.SyncCloudToLocal()
   at System.Runtime.CompilerServices.AsyncTaskMethodBuilder`1.AsyncStateMachineBox`1.ExecutionContextCallback(Object s)
   at System.Threading.ExecutionContext.RunInternal(ExecutionContext executionContext, ContextCallback callback, Object state)
   at System.Runtime.CompilerServices.AsyncTaskMethodBuilder`1.AsyncStateMachineBox`1.MoveNext(Thread threadPoolThread)
   at System.Runtime.CompilerServices.AsyncTaskMethodBuilder`1.AsyncStateMachineBox`1.MoveNext()
   at System.Threading.Tasks.AwaitTaskContinuation.RunOrScheduleAction(IAsyncStateMachineBox box, Boolean allowInlining)
   at System.Threading.Tasks.Task.RunContinuations(Object continuationObject)
   at System.Threading.Tasks.Task.TrySetResult()
   at System.Threading.Tasks.Task.WhenAllPromise.Invoke(Task completedTask)
   at System.Threading.Tasks.Task.RunContinuations(Object continuationObject)
   at System.Threading.Tasks.Task`1.TrySetResult(TResult result)
   at System.Runtime.CompilerServices.AsyncTaskMethodBuilder`1.SetExistingTaskResult(Task`1 task, TResult result)
   at System.Runtime.CompilerServices.AsyncTaskMethodBuilder.SetResult()
   at MegaCrit.Sts2.Core.Saves.CloudSaveStore.SyncCloudToLocal(String path)
   at System.Runtime.CompilerServices.AsyncTaskMethodBuilder`1.AsyncStateMachineBox`1.ExecutionContextCallback(Object s)
   at System.Threading.ExecutionContext.RunInternal(ExecutionContext executionContext, ContextCallback callback, Object state)
   at System.Runtime.CompilerServices.AsyncTaskMethodBuilder`1.AsyncStateMachineBox`1.MoveNext(Thread threadPoolThread)
   at System.Runtime.CompilerServices.AsyncTaskMethodBuilder`1.AsyncStateMachineBox`1.MoveNext()
   at System.Threading.Tasks.AwaitTaskContinuation.RunOrScheduleAction(IAsyncStateMachineBox box, Boolean allowInlining)
   at System.Threading.Tasks.Task.RunContinuations(Object continuationObject)
   at System.Threading.Tasks.Task`1.TrySetResult(TResult result)
   at System.Runtime.CompilerServices.AsyncTaskMethodBuilder`1.SetExistingTaskResult(Task`1 task, TResult result)
   at System.Runtime.CompilerServices.AsyncTaskMethodBuilder.SetResult()
   at MegaCrit.Sts2.Core.Saves.CloudSaveStore.SyncCloudToLocalInternal(String path)
   at System.Runtime.CompilerServices.AsyncTaskMethodBuilder`1.AsyncStateMachineBox`1.ExecutionContextCallback(Object s)
   at System.Threading.ExecutionContext.RunInternal(ExecutionContext executionContext, ContextCallback callback, Object state)
   at System.Runtime.CompilerServices.AsyncTaskMethodBuilder`1.AsyncStateMachineBox`1.MoveNext(Thread threadPoolThread)
   at System.Runtime.CompilerServices.AsyncTaskMethodBuilder`1.AsyncStateMachineBox`1.MoveNext()
   at System.Threading.Tasks.AwaitTaskContinuation.RunOrScheduleAction(IAsyncStateMachineBox box, Boolean allowInlining)
   at System.Threading.Tasks.Task.RunContinuations(Object continuationObject)
   at System.Threading.Tasks.Task`1.TrySetResult(TResult result)
   at System.Runtime.CompilerServices.AsyncTaskMethodBuilder`1.SetExistingTaskResult(Task`1 task, TResult result)
   at System.Runtime.CompilerServices.AsyncTaskMethodBuilder.SetResult()
   at MegaCrit.Sts2.Core.Saves.GodotFileIo.WriteFileAsync(String path, Byte[] bytes)
   at System.Runtime.CompilerServices.AsyncTaskMethodBuilder`1.AsyncStateMachineBox`1.ExecutionContextCallback(Object s)
   at System.Threading.ExecutionContext.RunInternal(ExecutionContext executionContext, ContextCallback callback, Object state)
   at System.Runtime.CompilerServices.AsyncTaskMethodBuilder`1.AsyncStateMachineBox`1.MoveNext(Thread threadPoolThread)
   at System.Runtime.CompilerServices.AsyncTaskMethodBuilder`1.AsyncStateMachineBox`1.MoveNext()
   at System.Threading.Tasks.AwaitTaskContinuation.RunOrScheduleAction(IAsyncStateMachineBox box, Boolean allowInlining)
   at System.Threading.Tasks.Task.RunContinuations(Object continuationObject)
   at System.Threading.Tasks.Task.ExecuteWithThreadLocal(Task& currentTaskSlot, Thread threadPoolThread)
   at System.Threading.ThreadPoolWorkQueue.Dispatch()
   at System.Threading.PortableThreadPool.WorkerThread.WorkerThreadStart()

[INFO] Deleting modded/profile1\saves\history/1778248583.run.backup because it does not exist on remote
[ERROR] Error deleting path modded/profile1\saves\history/1778248583.run.backup.backup: Failed
   at MegaCrit.Sts2.Core.Saves.GodotFileIo.DeleteFile(String path)
   at MegaCrit.Sts2.Core.Saves.CloudSaveStore.SyncCloudToLocalInternal(String path)
   at System.Runtime.CompilerServices.AsyncMethodBuilderCore.Start[TStateMachine](TStateMachine& stateMachine)
   at MegaCrit.Sts2.Core.Saves.CloudSaveStore.SyncCloudToLocalInternal(String path)
   at MegaCrit.Sts2.Core.Saves.CloudSaveStore.SyncCloudToLocal(String path)
   at System.Runtime.CompilerServices.AsyncMethodBuilderCore.Start[TStateMachine](TStateMachine& stateMachine)
   at MegaCrit.Sts2.Core.Saves.CloudSaveStore.SyncCloudToLocal(String path)
   at MegaCrit.Sts2.Core.Saves.CloudSaveStore.SyncCloudToLocalDirectory(String directoryPath)+MoveNext()
   at MegaCrit.Sts2.Core.Saves.SaveManager.EnumerateCloudSyncTasks(CloudSaveStore cloudStore)+MoveNext()
   at MegaCrit.Sts2.Core.Saves.SaveManager.SyncCloudToLocal()
   at System.Runtime.CompilerServices.AsyncTaskMethodBuilder`1.AsyncStateMachineBox`1.ExecutionContextCallback(Object s)
   at System.Threading.ExecutionContext.RunInternal(ExecutionContext executionContext, ContextCallback callback, Object state)
   at System.Runtime.CompilerServices.AsyncTaskMethodBuilder`1.AsyncStateMachineBox`1.MoveNext(Thread threadPoolThread)
   at System.Runtime.CompilerServices.AsyncTaskMethodBuilder`1.AsyncStateMachineBox`1.MoveNext()
   at System.Threading.Tasks.AwaitTaskContinuation.RunOrScheduleAction(IAsyncStateMachineBox box, Boolean allowInlining)
   at System.Threading.Tasks.Task.RunContinuations(Object continuationObject)
   at System.Threading.Tasks.Task.TrySetResult()
   at System.Threading.Tasks.Task.WhenAllPromise.Invoke(Task completedTask)
   at System.Threading.Tasks.Task.RunContinuations(Object continuationObject)
   at System.Threading.Tasks.Task`1.TrySetResult(TResult result)
   at System.Runtime.CompilerServices.AsyncTaskMethodBuilder`1.SetExistingTaskResult(Task`1 task, TResult result)
   at System.Runtime.CompilerServices.AsyncTaskMethodBuilder.SetResult()
   at MegaCrit.Sts2.Core.Saves.CloudSaveStore.SyncCloudToLocal(String path)
   at System.Runtime.CompilerServices.AsyncTaskMethodBuilder`1.AsyncStateMachineBox`1.ExecutionContextCallback(Object s)
   at System.Threading.ExecutionContext.RunInternal(ExecutionContext executionContext, ContextCallback callback, Object state)
   at System.Runtime.CompilerServices.AsyncTaskMethodBuilder`1.AsyncStateMachineBox`1.MoveNext(Thread threadPoolThread)
   at System.Runtime.CompilerServices.AsyncTaskMethodBuilder`1.AsyncStateMachineBox`1.MoveNext()
   at System.Threading.Tasks.AwaitTaskContinuation.RunOrScheduleAction(IAsyncStateMachineBox box, Boolean allowInlining)
   at System.Threading.Tasks.Task.RunContinuations(Object continuationObject)
   at System.Threading.Tasks.Task`1.TrySetResult(TResult result)
   at System.Runtime.CompilerServices.AsyncTaskMethodBuilder`1.SetExistingTaskResult(Task`1 task, TResult result)
   at System.Runtime.CompilerServices.AsyncTaskMethodBuilder.SetResult()
   at MegaCrit.Sts2.Core.Saves.CloudSaveStore.SyncCloudToLocalInternal(String path)
   at System.Runtime.CompilerServices.AsyncTaskMethodBuilder`1.AsyncStateMachineBox`1.ExecutionContextCallback(Object s)
   at System.Threading.ExecutionContext.RunInternal(ExecutionContext executionContext, ContextCallback callback, Object state)
   at System.Runtime.CompilerServices.AsyncTaskMethodBuilder`1.AsyncStateMachineBox`1.MoveNext(Thread threadPoolThread)
   at System.Runtime.CompilerServices.AsyncTaskMethodBuilder`1.AsyncStateMachineBox`1.MoveNext()
   at System.Threading.Tasks.AwaitTaskContinuation.RunOrScheduleAction(IAsyncStateMachineBox box, Boolean allowInlining)
   at System.Threading.Tasks.Task.RunContinuations(Object continuationObject)
   at System.Threading.Tasks.Task`1.TrySetResult(TResult result)
   at System.Runtime.CompilerServices.AsyncTaskMethodBuilder`1.SetExistingTaskResult(Task`1 task, TResult result)
   at System.Runtime.CompilerServices.AsyncTaskMethodBuilder.SetResult()
   at MegaCrit.Sts2.Core.Saves.GodotFileIo.WriteFileAsync(String path, Byte[] bytes)
   at System.Runtime.CompilerServices.AsyncTaskMethodBuilder`1.AsyncStateMachineBox`1.ExecutionContextCallback(Object s)
   at System.Threading.ExecutionContext.RunInternal(ExecutionContext executionContext, ContextCallback callback, Object state)
   at System.Runtime.CompilerServices.AsyncTaskMethodBuilder`1.AsyncStateMachineBox`1.MoveNext(Thread threadPoolThread)
   at System.Runtime.CompilerServices.AsyncTaskMethodBuilder`1.AsyncStateMachineBox`1.MoveNext()
   at System.Threading.Tasks.AwaitTaskContinuation.RunOrScheduleAction(IAsyncStateMachineBox box, Boolean allowInlining)
   at System.Threading.Tasks.Task.RunContinuations(Object continuationObject)
   at System.Threading.Tasks.Task.ExecuteWithThreadLocal(Task& currentTaskSlot, Thread threadPoolThread)
   at System.Threading.ThreadPoolWorkQueue.Dispatch()
   at System.Threading.PortableThreadPool.WorkerThread.WorkerThreadStart()

[INFO] Deleting modded/profile1\saves\history/1778249115.run.backup because it does not exist on remote
[ERROR] Error deleting path modded/profile1\saves\history/1778249115.run.backup.backup: Failed
   at MegaCrit.Sts2.Core.Saves.GodotFileIo.DeleteFile(String path)
   at MegaCrit.Sts2.Core.Saves.CloudSaveStore.SyncCloudToLocalInternal(String path)
   at System.Runtime.CompilerServices.AsyncMethodBuilderCore.Start[TStateMachine](TStateMachine& stateMachine)
   at MegaCrit.Sts2.Core.Saves.CloudSaveStore.SyncCloudToLocalInternal(String path)
   at MegaCrit.Sts2.Core.Saves.CloudSaveStore.SyncCloudToLocal(String path)
   at System.Runtime.CompilerServices.AsyncMethodBuilderCore.Start[TStateMachine](TStateMachine& stateMachine)
   at MegaCrit.Sts2.Core.Saves.CloudSaveStore.SyncCloudToLocal(String path)
   at MegaCrit.Sts2.Core.Saves.CloudSaveStore.SyncCloudToLocalDirectory(String directoryPath)+MoveNext()
   at MegaCrit.Sts2.Core.Saves.SaveManager.EnumerateCloudSyncTasks(CloudSaveStore cloudStore)+MoveNext()
   at MegaCrit.Sts2.Core.Saves.SaveManager.SyncCloudToLocal()
   at System.Runtime.CompilerServices.AsyncTaskMethodBuilder`1.AsyncStateMachineBox`1.ExecutionContextCallback(Object s)
   at System.Threading.ExecutionContext.RunInternal(ExecutionContext executionContext, ContextCallback callback, Object state)
   at System.Runtime.CompilerServices.AsyncTaskMethodBuilder`1.AsyncStateMachineBox`1.MoveNext(Thread threadPoolThread)
   at System.Runtime.CompilerServices.AsyncTaskMethodBuilder`1.AsyncStateMachineBox`1.MoveNext()
   at System.Threading.Tasks.AwaitTaskContinuation.RunOrScheduleAction(IAsyncStateMachineBox box, Boolean allowInlining)
   at System.Threading.Tasks.Task.RunContinuations(Object continuationObject)
   at System.Threading.Tasks.Task.TrySetResult()
   at System.Threading.Tasks.Task.WhenAllPromise.Invoke(Task completedTask)
   at System.Threading.Tasks.Task.RunContinuations(Object continuationObject)
   at System.Threading.Tasks.Task`1.TrySetResult(TResult result)
   at System.Runtime.CompilerServices.AsyncTaskMethodBuilder`1.SetExistingTaskResult(Task`1 task, TResult result)
   at System.Runtime.CompilerServices.AsyncTaskMethodBuilder.SetResult()
   at MegaCrit.Sts2.Core.Saves.CloudSaveStore.SyncCloudToLocal(String path)
   at System.Runtime.CompilerServices.AsyncTaskMethodBuilder`1.AsyncStateMachineBox`1.ExecutionContextCallback(Object s)
   at System.Threading.ExecutionContext.RunInternal(ExecutionContext executionContext, ContextCallback callback, Object state)
   at System.Runtime.CompilerServices.AsyncTaskMethodBuilder`1.AsyncStateMachineBox`1.MoveNext(Thread threadPoolThread)
   at System.Runtime.CompilerServices.AsyncTaskMethodBuilder`1.AsyncStateMachineBox`1.MoveNext()
   at System.Threading.Tasks.AwaitTaskContinuation.RunOrScheduleAction(IAsyncStateMachineBox box, Boolean allowInlining)
   at System.Threading.Tasks.Task.RunContinuations(Object continuationObject)
   at System.Threading.Tasks.Task`1.TrySetResult(TResult result)
   at System.Runtime.CompilerServices.AsyncTaskMethodBuilder`1.SetExistingTaskResult(Task`1 task, TResult result)
   at System.Runtime.CompilerServices.AsyncTaskMethodBuilder.SetResult()
   at MegaCrit.Sts2.Core.Saves.CloudSaveStore.SyncCloudToLocalInternal(String path)
   at System.Runtime.CompilerServices.AsyncTaskMethodBuilder`1.AsyncStateMachineBox`1.ExecutionContextCallback(Object s)
   at System.Threading.ExecutionContext.RunInternal(ExecutionContext executionContext, ContextCallback callback, Object state)
   at System.Runtime.CompilerServices.AsyncTaskMethodBuilder`1.AsyncStateMachineBox`1.MoveNext(Thread threadPoolThread)
   at System.Runtime.CompilerServices.AsyncTaskMethodBuilder`1.AsyncStateMachineBox`1.MoveNext()
   at System.Threading.Tasks.AwaitTaskContinuation.RunOrScheduleAction(IAsyncStateMachineBox box, Boolean allowInlining)
   at System.Threading.Tasks.Task.RunContinuations(Object continuationObject)
   at System.Threading.Tasks.Task`1.TrySetResult(TResult result)
   at System.Runtime.CompilerServices.AsyncTaskMethodBuilder`1.SetExistingTaskResult(Task`1 task, TResult result)
   at System.Runtime.CompilerServices.AsyncTaskMethodBuilder.SetResult()
   at MegaCrit.Sts2.Core.Saves.GodotFileIo.WriteFileAsync(String path, Byte[] bytes)
   at System.Runtime.CompilerServices.AsyncTaskMethodBuilder`1.AsyncStateMachineBox`1.ExecutionContextCallback(Object s)
   at System.Threading.ExecutionContext.RunInternal(ExecutionContext executionContext, ContextCallback callback, Object state)
   at System.Runtime.CompilerServices.AsyncTaskMethodBuilder`1.AsyncStateMachineBox`1.MoveNext(Thread threadPoolThread)
   at System.Runtime.CompilerServices.AsyncTaskMethodBuilder`1.AsyncStateMachineBox`1.MoveNext()
   at System.Threading.Tasks.AwaitTaskContinuation.RunOrScheduleAction(IAsyncStateMachineBox box, Boolean allowInlining)
   at System.Threading.Tasks.Task.RunContinuations(Object continuationObject)
   at System.Threading.Tasks.Task.ExecuteWithThreadLocal(Task& currentTaskSlot, Thread threadPoolThread)
   at System.Threading.ThreadPoolWorkQueue.Dispatch()
   at System.Threading.PortableThreadPool.WorkerThread.WorkerThreadStart()

[INFO] Deleting modded/profile1\saves\history/1778281449.run.backup because it does not exist on remote
[ERROR] Error deleting path modded/profile1\saves\history/1778281449.run.backup.backup: Failed
   at MegaCrit.Sts2.Core.Saves.GodotFileIo.DeleteFile(String path)
   at MegaCrit.Sts2.Core.Saves.CloudSaveStore.SyncCloudToLocalInternal(String path)
   at System.Runtime.CompilerServices.AsyncMethodBuilderCore.Start[TStateMachine](TStateMachine& stateMachine)
   at MegaCrit.Sts2.Core.Saves.CloudSaveStore.SyncCloudToLocalInternal(String path)
   at MegaCrit.Sts2.Core.Saves.CloudSaveStore.SyncCloudToLocal(String path)
   at System.Runtime.CompilerServices.AsyncMethodBuilderCore.Start[TStateMachine](TStateMachine& stateMachine)
   at MegaCrit.Sts2.Core.Saves.CloudSaveStore.SyncCloudToLocal(String path)
   at MegaCrit.Sts2.Core.Saves.CloudSaveStore.SyncCloudToLocalDirectory(String directoryPath)+MoveNext()
   at MegaCrit.Sts2.Core.Saves.SaveManager.EnumerateCloudSyncTasks(CloudSaveStore cloudStore)+MoveNext()
   at MegaCrit.Sts2.Core.Saves.SaveManager.SyncCloudToLocal()
   at System.Runtime.CompilerServices.AsyncTaskMethodBuilder`1.AsyncStateMachineBox`1.ExecutionContextCallback(Object s)
   at System.Threading.ExecutionContext.RunInternal(ExecutionContext executionContext, ContextCallback callback, Object state)
   at System.Runtime.CompilerServices.AsyncTaskMethodBuilder`1.AsyncStateMachineBox`1.MoveNext(Thread threadPoolThread)
   at System.Runtime.CompilerServices.AsyncTaskMethodBuilder`1.AsyncStateMachineBox`1.MoveNext()
   at System.Threading.Tasks.AwaitTaskContinuation.RunOrScheduleAction(IAsyncStateMachineBox box, Boolean allowInlining)
   at System.Threading.Tasks.Task.RunContinuations(Object continuationObject)
   at System.Threading.Tasks.Task.TrySetResult()
   at System.Threading.Tasks.Task.WhenAllPromise.Invoke(Task completedTask)
   at System.Threading.Tasks.Task.RunContinuations(Object continuationObject)
   at System.Threading.Tasks.Task`1.TrySetResult(TResult result)
   at System.Runtime.CompilerServices.AsyncTaskMethodBuilder`1.SetExistingTaskResult(Task`1 task, TResult result)
   at System.Runtime.CompilerServices.AsyncTaskMethodBuilder.SetResult()
   at MegaCrit.Sts2.Core.Saves.CloudSaveStore.SyncCloudToLocal(String path)
   at System.Runtime.CompilerServices.AsyncTaskMethodBuilder`1.AsyncStateMachineBox`1.ExecutionContextCallback(Object s)
   at System.Threading.ExecutionContext.RunInternal(ExecutionContext executionContext, ContextCallback callback, Object state)
   at System.Runtime.CompilerServices.AsyncTaskMethodBuilder`1.AsyncStateMachineBox`1.MoveNext(Thread threadPoolThread)
   at System.Runtime.CompilerServices.AsyncTaskMethodBuilder`1.AsyncStateMachineBox`1.MoveNext()
   at System.Threading.Tasks.AwaitTaskContinuation.RunOrScheduleAction(IAsyncStateMachineBox box, Boolean allowInlining)
   at System.Threading.Tasks.Task.RunContinuations(Object continuationObject)
   at System.Threading.Tasks.Task`1.TrySetResult(TResult result)
   at System.Runtime.CompilerServices.AsyncTaskMethodBuilder`1.SetExistingTaskResult(Task`1 task, TResult result)
   at System.Runtime.CompilerServices.AsyncTaskMethodBuilder.SetResult()
   at MegaCrit.Sts2.Core.Saves.CloudSaveStore.SyncCloudToLocalInternal(String path)
   at System.Runtime.CompilerServices.AsyncTaskMethodBuilder`1.AsyncStateMachineBox`1.ExecutionContextCallback(Object s)
   at System.Threading.ExecutionContext.RunInternal(ExecutionContext executionContext, ContextCallback callback, Object state)
   at System.Runtime.CompilerServices.AsyncTaskMethodBuilder`1.AsyncStateMachineBox`1.MoveNext(Thread threadPoolThread)
   at System.Runtime.CompilerServices.AsyncTaskMethodBuilder`1.AsyncStateMachineBox`1.MoveNext()
   at System.Threading.Tasks.AwaitTaskContinuation.RunOrScheduleAction(IAsyncStateMachineBox box, Boolean allowInlining)
   at System.Threading.Tasks.Task.RunContinuations(Object continuationObject)
   at System.Threading.Tasks.Task`1.TrySetResult(TResult result)
   at System.Runtime.CompilerServices.AsyncTaskMethodBuilder`1.SetExistingTaskResult(Task`1 task, TResult result)
   at System.Runtime.CompilerServices.AsyncTaskMethodBuilder.SetResult()
   at MegaCrit.Sts2.Core.Saves.GodotFileIo.WriteFileAsync(String path, Byte[] bytes)
   at System.Runtime.CompilerServices.AsyncTaskMethodBuilder`1.AsyncStateMachineBox`1.ExecutionContextCallback(Object s)
   at System.Threading.ExecutionContext.RunInternal(ExecutionContext executionContext, ContextCallback callback, Object state)
   at System.Runtime.CompilerServices.AsyncTaskMethodBuilder`1.AsyncStateMachineBox`1.MoveNext(Thread threadPoolThread)
   at System.Runtime.CompilerServices.AsyncTaskMethodBuilder`1.AsyncStateMachineBox`1.MoveNext()
   at System.Threading.Tasks.AwaitTaskContinuation.RunOrScheduleAction(IAsyncStateMachineBox box, Boolean allowInlining)
   at System.Threading.Tasks.Task.RunContinuations(Object continuationObject)
   at System.Threading.Tasks.Task.ExecuteWithThreadLocal(Task& currentTaskSlot, Thread threadPoolThread)
   at System.Threading.ThreadPoolWorkQueue.Dispatch()
   at System.Threading.PortableThreadPool.WorkerThread.WorkerThreadStart()

[INFO] Deleting modded/profile1\saves\history/1778282042.run.backup because it does not exist on remote
[ERROR] Error deleting path modded/profile1\saves\history/1778282042.run.backup.backup: Failed
   at MegaCrit.Sts2.Core.Saves.GodotFileIo.DeleteFile(String path)
   at MegaCrit.Sts2.Core.Saves.CloudSaveStore.SyncCloudToLocalInternal(String path)
   at System.Runtime.CompilerServices.AsyncMethodBuilderCore.Start[TStateMachine](TStateMachine& stateMachine)
   at MegaCrit.Sts2.Core.Saves.CloudSaveStore.SyncCloudToLocalInternal(String path)
   at MegaCrit.Sts2.Core.Saves.CloudSaveStore.SyncCloudToLocal(String path)
   at System.Runtime.CompilerServices.AsyncMethodBuilderCore.Start[TStateMachine](TStateMachine& stateMachine)
   at MegaCrit.Sts2.Core.Saves.CloudSaveStore.SyncCloudToLocal(String path)
   at MegaCrit.Sts2.Core.Saves.CloudSaveStore.SyncCloudToLocalDirectory(String directoryPath)+MoveNext()
   at MegaCrit.Sts2.Core.Saves.SaveManager.EnumerateCloudSyncTasks(CloudSaveStore cloudStore)+MoveNext()
   at MegaCrit.Sts2.Core.Saves.SaveManager.SyncCloudToLocal()
   at System.Runtime.CompilerServices.AsyncTaskMethodBuilder`1.AsyncStateMachineBox`1.ExecutionContextCallback(Object s)
   at System.Threading.ExecutionContext.RunInternal(ExecutionContext executionContext, ContextCallback callback, Object state)
   at System.Runtime.CompilerServices.AsyncTaskMethodBuilder`1.AsyncStateMachineBox`1.MoveNext(Thread threadPoolThread)
   at System.Runtime.CompilerServices.AsyncTaskMethodBuilder`1.AsyncStateMachineBox`1.MoveNext()
   at System.Threading.Tasks.AwaitTaskContinuation.RunOrScheduleAction(IAsyncStateMachineBox box, Boolean allowInlining)
   at System.Threading.Tasks.Task.RunContinuations(Object continuationObject)
   at System.Threading.Tasks.Task.TrySetResult()
   at System.Threading.Tasks.Task.WhenAllPromise.Invoke(Task completedTask)
   at System.Threading.Tasks.Task.RunContinuations(Object continuationObject)
   at System.Threading.Tasks.Task`1.TrySetResult(TResult result)
   at System.Runtime.CompilerServices.AsyncTaskMethodBuilder`1.SetExistingTaskResult(Task`1 task, TResult result)
   at System.Runtime.CompilerServices.AsyncTaskMethodBuilder.SetResult()
   at MegaCrit.Sts2.Core.Saves.CloudSaveStore.SyncCloudToLocal(String path)
   at System.Runtime.CompilerServices.AsyncTaskMethodBuilder`1.AsyncStateMachineBox`1.ExecutionContextCallback(Object s)
   at System.Threading.ExecutionContext.RunInternal(ExecutionContext executionContext, ContextCallback callback, Object state)
   at System.Runtime.CompilerServices.AsyncTaskMethodBuilder`1.AsyncStateMachineBox`1.MoveNext(Thread threadPoolThread)
   at System.Runtime.CompilerServices.AsyncTaskMethodBuilder`1.AsyncStateMachineBox`1.MoveNext()
   at System.Threading.Tasks.AwaitTaskContinuation.RunOrScheduleAction(IAsyncStateMachineBox box, Boolean allowInlining)
   at System.Threading.Tasks.Task.RunContinuations(Object continuationObject)
   at System.Threading.Tasks.Task`1.TrySetResult(TResult result)
   at System.Runtime.CompilerServices.AsyncTaskMethodBuilder`1.SetExistingTaskResult(Task`1 task, TResult result)
   at System.Runtime.CompilerServices.AsyncTaskMethodBuilder.SetResult()
   at MegaCrit.Sts2.Core.Saves.CloudSaveStore.SyncCloudToLocalInternal(String path)
   at System.Runtime.CompilerServices.AsyncTaskMethodBuilder`1.AsyncStateMachineBox`1.ExecutionContextCallback(Object s)
   at System.Threading.ExecutionContext.RunInternal(ExecutionContext executionContext, ContextCallback callback, Object state)
   at System.Runtime.CompilerServices.AsyncTaskMethodBuilder`1.AsyncStateMachineBox`1.MoveNext(Thread threadPoolThread)
   at System.Runtime.CompilerServices.AsyncTaskMethodBuilder`1.AsyncStateMachineBox`1.MoveNext()
   at System.Threading.Tasks.AwaitTaskContinuation.RunOrScheduleAction(IAsyncStateMachineBox box, Boolean allowInlining)
   at System.Threading.Tasks.Task.RunContinuations(Object continuationObject)
   at System.Threading.Tasks.Task`1.TrySetResult(TResult result)
   at System.Runtime.CompilerServices.AsyncTaskMethodBuilder`1.SetExistingTaskResult(Task`1 task, TResult result)
   at System.Runtime.CompilerServices.AsyncTaskMethodBuilder.SetResult()
   at MegaCrit.Sts2.Core.Saves.GodotFileIo.WriteFileAsync(String path, Byte[] bytes)
   at System.Runtime.CompilerServices.AsyncTaskMethodBuilder`1.AsyncStateMachineBox`1.ExecutionContextCallback(Object s)
   at System.Threading.ExecutionContext.RunInternal(ExecutionContext executionContext, ContextCallback callback, Object state)
   at System.Runtime.CompilerServices.AsyncTaskMethodBuilder`1.AsyncStateMachineBox`1.MoveNext(Thread threadPoolThread)
   at System.Runtime.CompilerServices.AsyncTaskMethodBuilder`1.AsyncStateMachineBox`1.MoveNext()
   at System.Threading.Tasks.AwaitTaskContinuation.RunOrScheduleAction(IAsyncStateMachineBox box, Boolean allowInlining)
   at System.Threading.Tasks.Task.RunContinuations(Object continuationObject)
   at System.Threading.Tasks.Task.ExecuteWithThreadLocal(Task& currentTaskSlot, Thread threadPoolThread)
   at System.Threading.ThreadPoolWorkQueue.Dispatch()
   at System.Threading.PortableThreadPool.WorkerThread.WorkerThreadStart()

[INFO] Deleting modded/profile1\saves\history/1778286312.run.backup because it does not exist on remote
[ERROR] Error deleting path modded/profile1\saves\history/1778286312.run.backup.backup: Failed
   at MegaCrit.Sts2.Core.Saves.GodotFileIo.DeleteFile(String path)
   at MegaCrit.Sts2.Core.Saves.CloudSaveStore.SyncCloudToLocalInternal(String path)
   at System.Runtime.CompilerServices.AsyncMethodBuilderCore.Start[TStateMachine](TStateMachine& stateMachine)
   at MegaCrit.Sts2.Core.Saves.CloudSaveStore.SyncCloudToLocalInternal(String path)
   at MegaCrit.Sts2.Core.Saves.CloudSaveStore.SyncCloudToLocal(String path)
   at System.Runtime.CompilerServices.AsyncMethodBuilderCore.Start[TStateMachine](TStateMachine& stateMachine)
   at MegaCrit.Sts2.Core.Saves.CloudSaveStore.SyncCloudToLocal(String path)
   at MegaCrit.Sts2.Core.Saves.CloudSaveStore.SyncCloudToLocalDirectory(String directoryPath)+MoveNext()
   at MegaCrit.Sts2.Core.Saves.SaveManager.EnumerateCloudSyncTasks(CloudSaveStore cloudStore)+MoveNext()
   at MegaCrit.Sts2.Core.Saves.SaveManager.SyncCloudToLocal()
   at System.Runtime.CompilerServices.AsyncTaskMethodBuilder`1.AsyncStateMachineBox`1.ExecutionContextCallback(Object s)
   at System.Threading.ExecutionContext.RunInternal(ExecutionContext executionContext, ContextCallback callback, Object state)
   at System.Runtime.CompilerServices.AsyncTaskMethodBuilder`1.AsyncStateMachineBox`1.MoveNext(Thread threadPoolThread)
   at System.Runtime.CompilerServices.AsyncTaskMethodBuilder`1.AsyncStateMachineBox`1.MoveNext()
   at System.Threading.Tasks.AwaitTaskContinuation.RunOrScheduleAction(IAsyncStateMachineBox box, Boolean allowInlining)
   at System.Threading.Tasks.Task.RunContinuations(Object continuationObject)
   at System.Threading.Tasks.Task.TrySetResult()
   at System.Threading.Tasks.Task.WhenAllPromise.Invoke(Task completedTask)
   at System.Threading.Tasks.Task.RunContinuations(Object continuationObject)
   at System.Threading.Tasks.Task`1.TrySetResult(TResult result)
   at System.Runtime.CompilerServices.AsyncTaskMethodBuilder`1.SetExistingTaskResult(Task`1 task, TResult result)
   at System.Runtime.CompilerServices.AsyncTaskMethodBuilder.SetResult()
   at MegaCrit.Sts2.Core.Saves.CloudSaveStore.SyncCloudToLocal(String path)
   at System.Runtime.CompilerServices.AsyncTaskMethodBuilder`1.AsyncStateMachineBox`1.ExecutionContextCallback(Object s)
   at System.Threading.ExecutionContext.RunInternal(ExecutionContext executionContext, ContextCallback callback, Object state)
   at System.Runtime.CompilerServices.AsyncTaskMethodBuilder`1.AsyncStateMachineBox`1.MoveNext(Thread threadPoolThread)
   at System.Runtime.CompilerServices.AsyncTaskMethodBuilder`1.AsyncStateMachineBox`1.MoveNext()
   at System.Threading.Tasks.AwaitTaskContinuation.RunOrScheduleAction(IAsyncStateMachineBox box, Boolean allowInlining)
   at System.Threading.Tasks.Task.RunContinuations(Object continuationObject)
   at System.Threading.Tasks.Task`1.TrySetResult(TResult result)
   at System.Runtime.CompilerServices.AsyncTaskMethodBuilder`1.SetExistingTaskResult(Task`1 task, TResult result)
   at System.Runtime.CompilerServices.AsyncTaskMethodBuilder.SetResult()
   at MegaCrit.Sts2.Core.Saves.CloudSaveStore.SyncCloudToLocalInternal(String path)
   at System.Runtime.CompilerServices.AsyncTaskMethodBuilder`1.AsyncStateMachineBox`1.ExecutionContextCallback(Object s)
   at System.Threading.ExecutionContext.RunInternal(ExecutionContext executionContext, ContextCallback callback, Object state)
   at System.Runtime.CompilerServices.AsyncTaskMethodBuilder`1.AsyncStateMachineBox`1.MoveNext(Thread threadPoolThread)
   at System.Runtime.CompilerServices.AsyncTaskMethodBuilder`1.AsyncStateMachineBox`1.MoveNext()
   at System.Threading.Tasks.AwaitTaskContinuation.RunOrScheduleAction(IAsyncStateMachineBox box, Boolean allowInlining)
   at System.Threading.Tasks.Task.RunContinuations(Object continuationObject)
   at System.Threading.Tasks.Task`1.TrySetResult(TResult result)
   at System.Runtime.CompilerServices.AsyncTaskMethodBuilder`1.SetExistingTaskResult(Task`1 task, TResult result)
   at System.Runtime.CompilerServices.AsyncTaskMethodBuilder.SetResult()
   at MegaCrit.Sts2.Core.Saves.GodotFileIo.WriteFileAsync(String path, Byte[] bytes)
   at System.Runtime.CompilerServices.AsyncTaskMethodBuilder`1.AsyncStateMachineBox`1.ExecutionContextCallback(Object s)
   at System.Threading.ExecutionContext.RunInternal(ExecutionContext executionContext, ContextCallback callback, Object state)
   at System.Runtime.CompilerServices.AsyncTaskMethodBuilder`1.AsyncStateMachineBox`1.MoveNext(Thread threadPoolThread)
   at System.Runtime.CompilerServices.AsyncTaskMethodBuilder`1.AsyncStateMachineBox`1.MoveNext()
   at System.Threading.Tasks.AwaitTaskContinuation.RunOrScheduleAction(IAsyncStateMachineBox box, Boolean allowInlining)
   at System.Threading.Tasks.Task.RunContinuations(Object continuationObject)
   at System.Threading.Tasks.Task.ExecuteWithThreadLocal(Task& currentTaskSlot, Thread threadPoolThread)
   at System.Threading.ThreadPoolWorkQueue.Dispatch()
   at System.Threading.PortableThreadPool.WorkerThread.WorkerThreadStart()

[INFO] Deleting modded/profile1\saves\history/1778330247.run.backup because it does not exist on remote
[ERROR] Error deleting path modded/profile1\saves\history/1778330247.run.backup.backup: Failed
   at MegaCrit.Sts2.Core.Saves.GodotFileIo.DeleteFile(String path)
   at MegaCrit.Sts2.Core.Saves.CloudSaveStore.SyncCloudToLocalInternal(String path)
   at System.Runtime.CompilerServices.AsyncMethodBuilderCore.Start[TStateMachine](TStateMachine& stateMachine)
   at MegaCrit.Sts2.Core.Saves.CloudSaveStore.SyncCloudToLocalInternal(String path)
   at MegaCrit.Sts2.Core.Saves.CloudSaveStore.SyncCloudToLocal(String path)
   at System.Runtime.CompilerServices.AsyncMethodBuilderCore.Start[TStateMachine](TStateMachine& stateMachine)
   at MegaCrit.Sts2.Core.Saves.CloudSaveStore.SyncCloudToLocal(String path)
   at MegaCrit.Sts2.Core.Saves.CloudSaveStore.SyncCloudToLocalDirectory(String directoryPath)+MoveNext()
   at MegaCrit.Sts2.Core.Saves.SaveManager.EnumerateCloudSyncTasks(CloudSaveStore cloudStore)+MoveNext()
   at MegaCrit.Sts2.Core.Saves.SaveManager.SyncCloudToLocal()
   at System.Runtime.CompilerServices.AsyncTaskMethodBuilder`1.AsyncStateMachineBox`1.ExecutionContextCallback(Object s)
   at System.Threading.ExecutionContext.RunInternal(ExecutionContext executionContext, ContextCallback callback, Object state)
   at System.Runtime.CompilerServices.AsyncTaskMethodBuilder`1.AsyncStateMachineBox`1.MoveNext(Thread threadPoolThread)
   at System.Runtime.CompilerServices.AsyncTaskMethodBuilder`1.AsyncStateMachineBox`1.MoveNext()
   at System.Threading.Tasks.AwaitTaskContinuation.RunOrScheduleAction(IAsyncStateMachineBox box, Boolean allowInlining)
   at System.Threading.Tasks.Task.RunContinuations(Object continuationObject)
   at System.Threading.Tasks.Task.TrySetResult()
   at System.Threading.Tasks.Task.WhenAllPromise.Invoke(Task completedTask)
   at System.Threading.Tasks.Task.RunContinuations(Object continuationObject)
   at System.Threading.Tasks.Task`1.TrySetResult(TResult result)
   at System.Runtime.CompilerServices.AsyncTaskMethodBuilder`1.SetExistingTaskResult(Task`1 task, TResult result)
   at System.Runtime.CompilerServices.AsyncTaskMethodBuilder.SetResult()
   at MegaCrit.Sts2.Core.Saves.CloudSaveStore.SyncCloudToLocal(String path)
   at System.Runtime.CompilerServices.AsyncTaskMethodBuilder`1.AsyncStateMachineBox`1.ExecutionContextCallback(Object s)
   at System.Threading.ExecutionContext.RunInternal(ExecutionContext executionContext, ContextCallback callback, Object state)
   at System.Runtime.CompilerServices.AsyncTaskMethodBuilder`1.AsyncStateMachineBox`1.MoveNext(Thread threadPoolThread)
   at System.Runtime.CompilerServices.AsyncTaskMethodBuilder`1.AsyncStateMachineBox`1.MoveNext()
   at System.Threading.Tasks.AwaitTaskContinuation.RunOrScheduleAction(IAsyncStateMachineBox box, Boolean allowInlining)
   at System.Threading.Tasks.Task.RunContinuations(Object continuationObject)
   at System.Threading.Tasks.Task`1.TrySetResult(TResult result)
   at System.Runtime.CompilerServices.AsyncTaskMethodBuilder`1.SetExistingTaskResult(Task`1 task, TResult result)
   at System.Runtime.CompilerServices.AsyncTaskMethodBuilder.SetResult()
   at MegaCrit.Sts2.Core.Saves.CloudSaveStore.SyncCloudToLocalInternal(String path)
   at System.Runtime.CompilerServices.AsyncTaskMethodBuilder`1.AsyncStateMachineBox`1.ExecutionContextCallback(Object s)
   at System.Threading.ExecutionContext.RunInternal(ExecutionContext executionContext, ContextCallback callback, Object state)
   at System.Runtime.CompilerServices.AsyncTaskMethodBuilder`1.AsyncStateMachineBox`1.MoveNext(Thread threadPoolThread)
   at System.Runtime.CompilerServices.AsyncTaskMethodBuilder`1.AsyncStateMachineBox`1.MoveNext()
   at System.Threading.Tasks.AwaitTaskContinuation.RunOrScheduleAction(IAsyncStateMachineBox box, Boolean allowInlining)
   at System.Threading.Tasks.Task.RunContinuations(Object continuationObject)
   at System.Threading.Tasks.Task`1.TrySetResult(TResult result)
   at System.Runtime.CompilerServices.AsyncTaskMethodBuilder`1.SetExistingTaskResult(Task`1 task, TResult result)
   at System.Runtime.CompilerServices.AsyncTaskMethodBuilder.SetResult()
   at MegaCrit.Sts2.Core.Saves.GodotFileIo.WriteFileAsync(String path, Byte[] bytes)
   at System.Runtime.CompilerServices.AsyncTaskMethodBuilder`1.AsyncStateMachineBox`1.ExecutionContextCallback(Object s)
   at System.Threading.ExecutionContext.RunInternal(ExecutionContext executionContext, ContextCallback callback, Object state)
   at System.Runtime.CompilerServices.AsyncTaskMethodBuilder`1.AsyncStateMachineBox`1.MoveNext(Thread threadPoolThread)
   at System.Runtime.CompilerServices.AsyncTaskMethodBuilder`1.AsyncStateMachineBox`1.MoveNext()
   at System.Threading.Tasks.AwaitTaskContinuation.RunOrScheduleAction(IAsyncStateMachineBox box, Boolean allowInlining)
   at System.Threading.Tasks.Task.RunContinuations(Object continuationObject)
   at System.Threading.Tasks.Task.ExecuteWithThreadLocal(Task& currentTaskSlot, Thread threadPoolThread)
   at System.Threading.ThreadPoolWorkQueue.Dispatch()
   at System.Threading.PortableThreadPool.WorkerThread.WorkerThreadStart()

[INFO] Deleting modded/profile1\saves\history/1778334043.run.backup because it does not exist on remote
[ERROR] Error deleting path modded/profile1\saves\history/1778334043.run.backup.backup: Failed
   at MegaCrit.Sts2.Core.Saves.GodotFileIo.DeleteFile(String path)
   at MegaCrit.Sts2.Core.Saves.CloudSaveStore.SyncCloudToLocalInternal(String path)
   at System.Runtime.CompilerServices.AsyncMethodBuilderCore.Start[TStateMachine](TStateMachine& stateMachine)
   at MegaCrit.Sts2.Core.Saves.CloudSaveStore.SyncCloudToLocalInternal(String path)
   at MegaCrit.Sts2.Core.Saves.CloudSaveStore.SyncCloudToLocal(String path)
   at System.Runtime.CompilerServices.AsyncMethodBuilderCore.Start[TStateMachine](TStateMachine& stateMachine)
   at MegaCrit.Sts2.Core.Saves.CloudSaveStore.SyncCloudToLocal(String path)
   at MegaCrit.Sts2.Core.Saves.CloudSaveStore.SyncCloudToLocalDirectory(String directoryPath)+MoveNext()
   at MegaCrit.Sts2.Core.Saves.SaveManager.EnumerateCloudSyncTasks(CloudSaveStore cloudStore)+MoveNext()
   at MegaCrit.Sts2.Core.Saves.SaveManager.SyncCloudToLocal()
   at System.Runtime.CompilerServices.AsyncTaskMethodBuilder`1.AsyncStateMachineBox`1.ExecutionContextCallback(Object s)
   at System.Threading.ExecutionContext.RunInternal(ExecutionContext executionContext, ContextCallback callback, Object state)
   at System.Runtime.CompilerServices.AsyncTaskMethodBuilder`1.AsyncStateMachineBox`1.MoveNext(Thread threadPoolThread)
   at System.Runtime.CompilerServices.AsyncTaskMethodBuilder`1.AsyncStateMachineBox`1.MoveNext()
   at System.Threading.Tasks.AwaitTaskContinuation.RunOrScheduleAction(IAsyncStateMachineBox box, Boolean allowInlining)
   at System.Threading.Tasks.Task.RunContinuations(Object continuationObject)
   at System.Threading.Tasks.Task.TrySetResult()
   at System.Threading.Tasks.Task.WhenAllPromise.Invoke(Task completedTask)
   at System.Threading.Tasks.Task.RunContinuations(Object continuationObject)
   at System.Threading.Tasks.Task`1.TrySetResult(TResult result)
   at System.Runtime.CompilerServices.AsyncTaskMethodBuilder`1.SetExistingTaskResult(Task`1 task, TResult result)
   at System.Runtime.CompilerServices.AsyncTaskMethodBuilder.SetResult()
   at MegaCrit.Sts2.Core.Saves.CloudSaveStore.SyncCloudToLocal(String path)
   at System.Runtime.CompilerServices.AsyncTaskMethodBuilder`1.AsyncStateMachineBox`1.ExecutionContextCallback(Object s)
   at System.Threading.ExecutionContext.RunInternal(ExecutionContext executionContext, ContextCallback callback, Object state)
   at System.Runtime.CompilerServices.AsyncTaskMethodBuilder`1.AsyncStateMachineBox`1.MoveNext(Thread threadPoolThread)
   at System.Runtime.CompilerServices.AsyncTaskMethodBuilder`1.AsyncStateMachineBox`1.MoveNext()
   at System.Threading.Tasks.AwaitTaskContinuation.RunOrScheduleAction(IAsyncStateMachineBox box, Boolean allowInlining)
   at System.Threading.Tasks.Task.RunContinuations(Object continuationObject)
   at System.Threading.Tasks.Task`1.TrySetResult(TResult result)
   at System.Runtime.CompilerServices.AsyncTaskMethodBuilder`1.SetExistingTaskResult(Task`1 task, TResult result)
   at System.Runtime.CompilerServices.AsyncTaskMethodBuilder.SetResult()
   at MegaCrit.Sts2.Core.Saves.CloudSaveStore.SyncCloudToLocalInternal(String path)
   at System.Runtime.CompilerServices.AsyncTaskMethodBuilder`1.AsyncStateMachineBox`1.ExecutionContextCallback(Object s)
   at System.Threading.ExecutionContext.RunInternal(ExecutionContext executionContext, ContextCallback callback, Object state)
   at System.Runtime.CompilerServices.AsyncTaskMethodBuilder`1.AsyncStateMachineBox`1.MoveNext(Thread threadPoolThread)
   at System.Runtime.CompilerServices.AsyncTaskMethodBuilder`1.AsyncStateMachineBox`1.MoveNext()
   at System.Threading.Tasks.AwaitTaskContinuation.RunOrScheduleAction(IAsyncStateMachineBox box, Boolean allowInlining)
   at System.Threading.Tasks.Task.RunContinuations(Object continuationObject)
   at System.Threading.Tasks.Task`1.TrySetResult(TResult result)
   at System.Runtime.CompilerServices.AsyncTaskMethodBuilder`1.SetExistingTaskResult(Task`1 task, TResult result)
   at System.Runtime.CompilerServices.AsyncTaskMethodBuilder.SetResult()
   at MegaCrit.Sts2.Core.Saves.GodotFileIo.WriteFileAsync(String path, Byte[] bytes)
   at System.Runtime.CompilerServices.AsyncTaskMethodBuilder`1.AsyncStateMachineBox`1.ExecutionContextCallback(Object s)
   at System.Threading.ExecutionContext.RunInternal(ExecutionContext executionContext, ContextCallback callback, Object state)
   at System.Runtime.CompilerServices.AsyncTaskMethodBuilder`1.AsyncStateMachineBox`1.MoveNext(Thread threadPoolThread)
   at System.Runtime.CompilerServices.AsyncTaskMethodBuilder`1.AsyncStateMachineBox`1.MoveNext()
   at System.Threading.Tasks.AwaitTaskContinuation.RunOrScheduleAction(IAsyncStateMachineBox box, Boolean allowInlining)
   at System.Threading.Tasks.Task.RunContinuations(Object continuationObject)
   at System.Threading.Tasks.Task.ExecuteWithThreadLocal(Task& currentTaskSlot, Thread threadPoolThread)
   at System.Threading.ThreadPoolWorkQueue.Dispatch()
   at System.Threading.PortableThreadPool.WorkerThread.WorkerThreadStart()

[INFO] Deleting modded/profile1\saves\history/1778370068.run.backup because it does not exist on remote
[ERROR] Error deleting path modded/profile1\saves\history/1778370068.run.backup.backup: Failed
   at MegaCrit.Sts2.Core.Saves.GodotFileIo.DeleteFile(String path)
   at MegaCrit.Sts2.Core.Saves.CloudSaveStore.SyncCloudToLocalInternal(String path)
   at System.Runtime.CompilerServices.AsyncMethodBuilderCore.Start[TStateMachine](TStateMachine& stateMachine)
   at MegaCrit.Sts2.Core.Saves.CloudSaveStore.SyncCloudToLocalInternal(String path)
   at MegaCrit.Sts2.Core.Saves.CloudSaveStore.SyncCloudToLocal(String path)
   at System.Runtime.CompilerServices.AsyncMethodBuilderCore.Start[TStateMachine](TStateMachine& stateMachine)
   at MegaCrit.Sts2.Core.Saves.CloudSaveStore.SyncCloudToLocal(String path)
   at MegaCrit.Sts2.Core.Saves.CloudSaveStore.SyncCloudToLocalDirectory(String directoryPath)+MoveNext()
   at MegaCrit.Sts2.Core.Saves.SaveManager.EnumerateCloudSyncTasks(CloudSaveStore cloudStore)+MoveNext()
   at MegaCrit.Sts2.Core.Saves.SaveManager.SyncCloudToLocal()
   at System.Runtime.CompilerServices.AsyncTaskMethodBuilder`1.AsyncStateMachineBox`1.ExecutionContextCallback(Object s)
   at System.Threading.ExecutionContext.RunInternal(ExecutionContext executionContext, ContextCallback callback, Object state)
   at System.Runtime.CompilerServices.AsyncTaskMethodBuilder`1.AsyncStateMachineBox`1.MoveNext(Thread threadPoolThread)
   at System.Runtime.CompilerServices.AsyncTaskMethodBuilder`1.AsyncStateMachineBox`1.MoveNext()
   at System.Threading.Tasks.AwaitTaskContinuation.RunOrScheduleAction(IAsyncStateMachineBox box, Boolean allowInlining)
   at System.Threading.Tasks.Task.RunContinuations(Object continuationObject)
   at System.Threading.Tasks.Task.TrySetResult()
   at System.Threading.Tasks.Task.WhenAllPromise.Invoke(Task completedTask)
   at System.Threading.Tasks.Task.RunContinuations(Object continuationObject)
   at System.Threading.Tasks.Task`1.TrySetResult(TResult result)
   at System.Runtime.CompilerServices.AsyncTaskMethodBuilder`1.SetExistingTaskResult(Task`1 task, TResult result)
   at System.Runtime.CompilerServices.AsyncTaskMethodBuilder.SetResult()
   at MegaCrit.Sts2.Core.Saves.CloudSaveStore.SyncCloudToLocal(String path)
   at System.Runtime.CompilerServices.AsyncTaskMethodBuilder`1.AsyncStateMachineBox`1.ExecutionContextCallback(Object s)
   at System.Threading.ExecutionContext.RunInternal(ExecutionContext executionContext, ContextCallback callback, Object state)
   at System.Runtime.CompilerServices.AsyncTaskMethodBuilder`1.AsyncStateMachineBox`1.MoveNext(Thread threadPoolThread)
   at System.Runtime.CompilerServices.AsyncTaskMethodBuilder`1.AsyncStateMachineBox`1.MoveNext()
   at System.Threading.Tasks.AwaitTaskContinuation.RunOrScheduleAction(IAsyncStateMachineBox box, Boolean allowInlining)
   at System.Threading.Tasks.Task.RunContinuations(Object continuationObject)
   at System.Threading.Tasks.Task`1.TrySetResult(TResult result)
   at System.Runtime.CompilerServices.AsyncTaskMethodBuilder`1.SetExistingTaskResult(Task`1 task, TResult result)
   at System.Runtime.CompilerServices.AsyncTaskMethodBuilder.SetResult()
   at MegaCrit.Sts2.Core.Saves.CloudSaveStore.SyncCloudToLocalInternal(String path)
   at System.Runtime.CompilerServices.AsyncTaskMethodBuilder`1.AsyncStateMachineBox`1.ExecutionContextCallback(Object s)
   at System.Threading.ExecutionContext.RunInternal(ExecutionContext executionContext, ContextCallback callback, Object state)
   at System.Runtime.CompilerServices.AsyncTaskMethodBuilder`1.AsyncStateMachineBox`1.MoveNext(Thread threadPoolThread)
   at System.Runtime.CompilerServices.AsyncTaskMethodBuilder`1.AsyncStateMachineBox`1.MoveNext()
   at System.Threading.Tasks.AwaitTaskContinuation.RunOrScheduleAction(IAsyncStateMachineBox box, Boolean allowInlining)
   at System.Threading.Tasks.Task.RunContinuations(Object continuationObject)
   at System.Threading.Tasks.Task`1.TrySetResult(TResult result)
   at System.Runtime.CompilerServices.AsyncTaskMethodBuilder`1.SetExistingTaskResult(Task`1 task, TResult result)
   at System.Runtime.CompilerServices.AsyncTaskMethodBuilder.SetResult()
   at MegaCrit.Sts2.Core.Saves.GodotFileIo.WriteFileAsync(String path, Byte[] bytes)
   at System.Runtime.CompilerServices.AsyncTaskMethodBuilder`1.AsyncStateMachineBox`1.ExecutionContextCallback(Object s)
   at System.Threading.ExecutionContext.RunInternal(ExecutionContext executionContext, ContextCallback callback, Object state)
   at System.Runtime.CompilerServices.AsyncTaskMethodBuilder`1.AsyncStateMachineBox`1.MoveNext(Thread threadPoolThread)
   at System.Runtime.CompilerServices.AsyncTaskMethodBuilder`1.AsyncStateMachineBox`1.MoveNext()
   at System.Threading.Tasks.AwaitTaskContinuation.RunOrScheduleAction(IAsyncStateMachineBox box, Boolean allowInlining)
   at System.Threading.Tasks.Task.RunContinuations(Object continuationObject)
   at System.Threading.Tasks.Task.ExecuteWithThreadLocal(Task& currentTaskSlot, Thread threadPoolThread)
   at System.Threading.ThreadPoolWorkQueue.Dispatch()
   at System.Threading.PortableThreadPool.WorkerThread.WorkerThreadStart()

[INFO] Deleting modded/profile1\saves\history/1778383014.run.backup because it does not exist on remote
[ERROR] Error deleting path modded/profile1\saves\history/1778383014.run.backup.backup: Failed
   at MegaCrit.Sts2.Core.Saves.GodotFileIo.DeleteFile(String path)
   at MegaCrit.Sts2.Core.Saves.CloudSaveStore.SyncCloudToLocalInternal(String path)
   at System.Runtime.CompilerServices.AsyncMethodBuilderCore.Start[TStateMachine](TStateMachine& stateMachine)
   at MegaCrit.Sts2.Core.Saves.CloudSaveStore.SyncCloudToLocalInternal(String path)
   at MegaCrit.Sts2.Core.Saves.CloudSaveStore.SyncCloudToLocal(String path)
   at System.Runtime.CompilerServices.AsyncMethodBuilderCore.Start[TStateMachine](TStateMachine& stateMachine)
   at MegaCrit.Sts2.Core.Saves.CloudSaveStore.SyncCloudToLocal(String path)
   at MegaCrit.Sts2.Core.Saves.CloudSaveStore.SyncCloudToLocalDirectory(String directoryPath)+MoveNext()
   at MegaCrit.Sts2.Core.Saves.SaveManager.EnumerateCloudSyncTasks(CloudSaveStore cloudStore)+MoveNext()
   at MegaCrit.Sts2.Core.Saves.SaveManager.SyncCloudToLocal()
   at System.Runtime.CompilerServices.AsyncTaskMethodBuilder`1.AsyncStateMachineBox`1.ExecutionContextCallback(Object s)
   at System.Threading.ExecutionContext.RunInternal(ExecutionContext executionContext, ContextCallback callback, Object state)
   at System.Runtime.CompilerServices.AsyncTaskMethodBuilder`1.AsyncStateMachineBox`1.MoveNext(Thread threadPoolThread)
   at System.Runtime.CompilerServices.AsyncTaskMethodBuilder`1.AsyncStateMachineBox`1.MoveNext()
   at System.Threading.Tasks.AwaitTaskContinuation.RunOrScheduleAction(IAsyncStateMachineBox box, Boolean allowInlining)
   at System.Threading.Tasks.Task.RunContinuations(Object continuationObject)
   at System.Threading.Tasks.Task.TrySetResult()
   at System.Threading.Tasks.Task.WhenAllPromise.Invoke(Task completedTask)
   at System.Threading.Tasks.Task.RunContinuations(Object continuationObject)
   at System.Threading.Tasks.Task`1.TrySetResult(TResult result)
   at System.Runtime.CompilerServices.AsyncTaskMethodBuilder`1.SetExistingTaskResult(Task`1 task, TResult result)
   at System.Runtime.CompilerServices.AsyncTaskMethodBuilder.SetResult()
   at MegaCrit.Sts2.Core.Saves.CloudSaveStore.SyncCloudToLocal(String path)
   at System.Runtime.CompilerServices.AsyncTaskMethodBuilder`1.AsyncStateMachineBox`1.ExecutionContextCallback(Object s)
   at System.Threading.ExecutionContext.RunInternal(ExecutionContext executionContext, ContextCallback callback, Object state)
   at System.Runtime.CompilerServices.AsyncTaskMethodBuilder`1.AsyncStateMachineBox`1.MoveNext(Thread threadPoolThread)
   at System.Runtime.CompilerServices.AsyncTaskMethodBuilder`1.AsyncStateMachineBox`1.MoveNext()
   at System.Threading.Tasks.AwaitTaskContinuation.RunOrScheduleAction(IAsyncStateMachineBox box, Boolean allowInlining)
   at System.Threading.Tasks.Task.RunContinuations(Object continuationObject)
   at System.Threading.Tasks.Task`1.TrySetResult(TResult result)
   at System.Runtime.CompilerServices.AsyncTaskMethodBuilder`1.SetExistingTaskResult(Task`1 task, TResult result)
   at System.Runtime.CompilerServices.AsyncTaskMethodBuilder.SetResult()
   at MegaCrit.Sts2.Core.Saves.CloudSaveStore.SyncCloudToLocalInternal(String path)
   at System.Runtime.CompilerServices.AsyncTaskMethodBuilder`1.AsyncStateMachineBox`1.ExecutionContextCallback(Object s)
   at System.Threading.ExecutionContext.RunInternal(ExecutionContext executionContext, ContextCallback callback, Object state)
   at System.Runtime.CompilerServices.AsyncTaskMethodBuilder`1.AsyncStateMachineBox`1.MoveNext(Thread threadPoolThread)
   at System.Runtime.CompilerServices.AsyncTaskMethodBuilder`1.AsyncStateMachineBox`1.MoveNext()
   at System.Threading.Tasks.AwaitTaskContinuation.RunOrScheduleAction(IAsyncStateMachineBox box, Boolean allowInlining)
   at System.Threading.Tasks.Task.RunContinuations(Object continuationObject)
   at System.Threading.Tasks.Task`1.TrySetResult(TResult result)
   at System.Runtime.CompilerServices.AsyncTaskMethodBuilder`1.SetExistingTaskResult(Task`1 task, TResult result)
   at System.Runtime.CompilerServices.AsyncTaskMethodBuilder.SetResult()
   at MegaCrit.Sts2.Core.Saves.GodotFileIo.WriteFileAsync(String path, Byte[] bytes)
   at System.Runtime.CompilerServices.AsyncTaskMethodBuilder`1.AsyncStateMachineBox`1.ExecutionContextCallback(Object s)
   at System.Threading.ExecutionContext.RunInternal(ExecutionContext executionContext, ContextCallback callback, Object state)
   at System.Runtime.CompilerServices.AsyncTaskMethodBuilder`1.AsyncStateMachineBox`1.MoveNext(Thread threadPoolThread)
   at System.Runtime.CompilerServices.AsyncTaskMethodBuilder`1.AsyncStateMachineBox`1.MoveNext()
   at System.Threading.Tasks.AwaitTaskContinuation.RunOrScheduleAction(IAsyncStateMachineBox box, Boolean allowInlining)
   at System.Threading.Tasks.Task.RunContinuations(Object continuationObject)
   at System.Threading.Tasks.Task.ExecuteWithThreadLocal(Task& currentTaskSlot, Thread threadPoolThread)
   at System.Threading.ThreadPoolWorkQueue.Dispatch()
   at System.Threading.PortableThreadPool.WorkerThread.WorkerThreadStart()

[INFO] Deleting modded/profile1\saves\history/1778383238.run.backup because it does not exist on remote
[ERROR] Error deleting path modded/profile1\saves\history/1778383238.run.backup.backup: Failed
   at MegaCrit.Sts2.Core.Saves.GodotFileIo.DeleteFile(String path)
   at MegaCrit.Sts2.Core.Saves.CloudSaveStore.SyncCloudToLocalInternal(String path)
   at System.Runtime.CompilerServices.AsyncMethodBuilderCore.Start[TStateMachine](TStateMachine& stateMachine)
   at MegaCrit.Sts2.Core.Saves.CloudSaveStore.SyncCloudToLocalInternal(String path)
   at MegaCrit.Sts2.Core.Saves.CloudSaveStore.SyncCloudToLocal(String path)
   at System.Runtime.CompilerServices.AsyncMethodBuilderCore.Start[TStateMachine](TStateMachine& stateMachine)
   at MegaCrit.Sts2.Core.Saves.CloudSaveStore.SyncCloudToLocal(String path)
   at MegaCrit.Sts2.Core.Saves.CloudSaveStore.SyncCloudToLocalDirectory(String directoryPath)+MoveNext()
   at MegaCrit.Sts2.Core.Saves.SaveManager.EnumerateCloudSyncTasks(CloudSaveStore cloudStore)+MoveNext()
   at MegaCrit.Sts2.Core.Saves.SaveManager.SyncCloudToLocal()
   at System.Runtime.CompilerServices.AsyncTaskMethodBuilder`1.AsyncStateMachineBox`1.ExecutionContextCallback(Object s)
   at System.Threading.ExecutionContext.RunInternal(ExecutionContext executionContext, ContextCallback callback, Object state)
   at System.Runtime.CompilerServices.AsyncTaskMethodBuilder`1.AsyncStateMachineBox`1.MoveNext(Thread threadPoolThread)
   at System.Runtime.CompilerServices.AsyncTaskMethodBuilder`1.AsyncStateMachineBox`1.MoveNext()
   at System.Threading.Tasks.AwaitTaskContinuation.RunOrScheduleAction(IAsyncStateMachineBox box, Boolean allowInlining)
   at System.Threading.Tasks.Task.RunContinuations(Object continuationObject)
   at System.Threading.Tasks.Task.TrySetResult()
   at System.Threading.Tasks.Task.WhenAllPromise.Invoke(Task completedTask)
   at System.Threading.Tasks.Task.RunContinuations(Object continuationObject)
   at System.Threading.Tasks.Task`1.TrySetResult(TResult result)
   at System.Runtime.CompilerServices.AsyncTaskMethodBuilder`1.SetExistingTaskResult(Task`1 task, TResult result)
   at System.Runtime.CompilerServices.AsyncTaskMethodBuilder.SetResult()
   at MegaCrit.Sts2.Core.Saves.CloudSaveStore.SyncCloudToLocal(String path)
   at System.Runtime.CompilerServices.AsyncTaskMethodBuilder`1.AsyncStateMachineBox`1.ExecutionContextCallback(Object s)
   at System.Threading.ExecutionContext.RunInternal(ExecutionContext executionContext, ContextCallback callback, Object state)
   at System.Runtime.CompilerServices.AsyncTaskMethodBuilder`1.AsyncStateMachineBox`1.MoveNext(Thread threadPoolThread)
   at System.Runtime.CompilerServices.AsyncTaskMethodBuilder`1.AsyncStateMachineBox`1.MoveNext()
   at System.Threading.Tasks.AwaitTaskContinuation.RunOrScheduleAction(IAsyncStateMachineBox box, Boolean allowInlining)
   at System.Threading.Tasks.Task.RunContinuations(Object continuationObject)
   at System.Threading.Tasks.Task`1.TrySetResult(TResult result)
   at System.Runtime.CompilerServices.AsyncTaskMethodBuilder`1.SetExistingTaskResult(Task`1 task, TResult result)
   at System.Runtime.CompilerServices.AsyncTaskMethodBuilder.SetResult()
   at MegaCrit.Sts2.Core.Saves.CloudSaveStore.SyncCloudToLocalInternal(String path)
   at System.Runtime.CompilerServices.AsyncTaskMethodBuilder`1.AsyncStateMachineBox`1.ExecutionContextCallback(Object s)
   at System.Threading.ExecutionContext.RunInternal(ExecutionContext executionContext, ContextCallback callback, Object state)
   at System.Runtime.CompilerServices.AsyncTaskMethodBuilder`1.AsyncStateMachineBox`1.MoveNext(Thread threadPoolThread)
   at System.Runtime.CompilerServices.AsyncTaskMethodBuilder`1.AsyncStateMachineBox`1.MoveNext()
   at System.Threading.Tasks.AwaitTaskContinuation.RunOrScheduleAction(IAsyncStateMachineBox box, Boolean allowInlining)
   at System.Threading.Tasks.Task.RunContinuations(Object continuationObject)
   at System.Threading.Tasks.Task`1.TrySetResult(TResult result)
   at System.Runtime.CompilerServices.AsyncTaskMethodBuilder`1.SetExistingTaskResult(Task`1 task, TResult result)
   at System.Runtime.CompilerServices.AsyncTaskMethodBuilder.SetResult()
   at MegaCrit.Sts2.Core.Saves.GodotFileIo.WriteFileAsync(String path, Byte[] bytes)
   at System.Runtime.CompilerServices.AsyncTaskMethodBuilder`1.AsyncStateMachineBox`1.ExecutionContextCallback(Object s)
   at System.Threading.ExecutionContext.RunInternal(ExecutionContext executionContext, ContextCallback callback, Object state)
   at System.Runtime.CompilerServices.AsyncTaskMethodBuilder`1.AsyncStateMachineBox`1.MoveNext(Thread threadPoolThread)
   at System.Runtime.CompilerServices.AsyncTaskMethodBuilder`1.AsyncStateMachineBox`1.MoveNext()
   at System.Threading.Tasks.AwaitTaskContinuation.RunOrScheduleAction(IAsyncStateMachineBox box, Boolean allowInlining)
   at System.Threading.Tasks.Task.RunContinuations(Object continuationObject)
   at System.Threading.Tasks.Task.ExecuteWithThreadLocal(Task& currentTaskSlot, Thread threadPoolThread)
   at System.Threading.ThreadPoolWorkQueue.Dispatch()
   at System.Threading.PortableThreadPool.WorkerThread.WorkerThreadStart()

[INFO] Deleting modded/profile1\saves\history/1778422815.run.backup because it does not exist on remote
[ERROR] Error deleting path modded/profile1\saves\history/1778422815.run.backup.backup: Failed
   at MegaCrit.Sts2.Core.Saves.GodotFileIo.DeleteFile(String path)
   at MegaCrit.Sts2.Core.Saves.CloudSaveStore.SyncCloudToLocalInternal(String path)
   at System.Runtime.CompilerServices.AsyncMethodBuilderCore.Start[TStateMachine](TStateMachine& stateMachine)
   at MegaCrit.Sts2.Core.Saves.CloudSaveStore.SyncCloudToLocalInternal(String path)
   at MegaCrit.Sts2.Core.Saves.CloudSaveStore.SyncCloudToLocal(String path)
   at System.Runtime.CompilerServices.AsyncMethodBuilderCore.Start[TStateMachine](TStateMachine& stateMachine)
   at MegaCrit.Sts2.Core.Saves.CloudSaveStore.SyncCloudToLocal(String path)
   at MegaCrit.Sts2.Core.Saves.CloudSaveStore.SyncCloudToLocalDirectory(String directoryPath)+MoveNext()
   at MegaCrit.Sts2.Core.Saves.SaveManager.EnumerateCloudSyncTasks(CloudSaveStore cloudStore)+MoveNext()
   at MegaCrit.Sts2.Core.Saves.SaveManager.SyncCloudToLocal()
   at System.Runtime.CompilerServices.AsyncTaskMethodBuilder`1.AsyncStateMachineBox`1.ExecutionContextCallback(Object s)
   at System.Threading.ExecutionContext.RunInternal(ExecutionContext executionContext, ContextCallback callback, Object state)
   at System.Runtime.CompilerServices.AsyncTaskMethodBuilder`1.AsyncStateMachineBox`1.MoveNext(Thread threadPoolThread)
   at System.Runtime.CompilerServices.AsyncTaskMethodBuilder`1.AsyncStateMachineBox`1.MoveNext()
   at System.Threading.Tasks.AwaitTaskContinuation.RunOrScheduleAction(IAsyncStateMachineBox box, Boolean allowInlining)
   at System.Threading.Tasks.Task.RunContinuations(Object continuationObject)
   at System.Threading.Tasks.Task.TrySetResult()
   at System.Threading.Tasks.Task.WhenAllPromise.Invoke(Task completedTask)
   at System.Threading.Tasks.Task.RunContinuations(Object continuationObject)
   at System.Threading.Tasks.Task`1.TrySetResult(TResult result)
   at System.Runtime.CompilerServices.AsyncTaskMethodBuilder`1.SetExistingTaskResult(Task`1 task, TResult result)
   at System.Runtime.CompilerServices.AsyncTaskMethodBuilder.SetResult()
   at MegaCrit.Sts2.Core.Saves.CloudSaveStore.SyncCloudToLocal(String path)
   at System.Runtime.CompilerServices.AsyncTaskMethodBuilder`1.AsyncStateMachineBox`1.ExecutionContextCallback(Object s)
   at System.Threading.ExecutionContext.RunInternal(ExecutionContext executionContext, ContextCallback callback, Object state)
   at System.Runtime.CompilerServices.AsyncTaskMethodBuilder`1.AsyncStateMachineBox`1.MoveNext(Thread threadPoolThread)
   at System.Runtime.CompilerServices.AsyncTaskMethodBuilder`1.AsyncStateMachineBox`1.MoveNext()
   at System.Threading.Tasks.AwaitTaskContinuation.RunOrScheduleAction(IAsyncStateMachineBox box, Boolean allowInlining)
   at System.Threading.Tasks.Task.RunContinuations(Object continuationObject)
   at System.Threading.Tasks.Task`1.TrySetResult(TResult result)
   at System.Runtime.CompilerServices.AsyncTaskMethodBuilder`1.SetExistingTaskResult(Task`1 task, TResult result)
   at System.Runtime.CompilerServices.AsyncTaskMethodBuilder.SetResult()
   at MegaCrit.Sts2.Core.Saves.CloudSaveStore.SyncCloudToLocalInternal(String path)
   at System.Runtime.CompilerServices.AsyncTaskMethodBuilder`1.AsyncStateMachineBox`1.ExecutionContextCallback(Object s)
   at System.Threading.ExecutionContext.RunInternal(ExecutionContext executionContext, ContextCallback callback, Object state)
   at System.Runtime.CompilerServices.AsyncTaskMethodBuilder`1.AsyncStateMachineBox`1.MoveNext(Thread threadPoolThread)
   at System.Runtime.CompilerServices.AsyncTaskMethodBuilder`1.AsyncStateMachineBox`1.MoveNext()
   at System.Threading.Tasks.AwaitTaskContinuation.RunOrScheduleAction(IAsyncStateMachineBox box, Boolean allowInlining)
   at System.Threading.Tasks.Task.RunContinuations(Object continuationObject)
   at System.Threading.Tasks.Task`1.TrySetResult(TResult result)
   at System.Runtime.CompilerServices.AsyncTaskMethodBuilder`1.SetExistingTaskResult(Task`1 task, TResult result)
   at System.Runtime.CompilerServices.AsyncTaskMethodBuilder.SetResult()
   at MegaCrit.Sts2.Core.Saves.GodotFileIo.WriteFileAsync(String path, Byte[] bytes)
   at System.Runtime.CompilerServices.AsyncTaskMethodBuilder`1.AsyncStateMachineBox`1.ExecutionContextCallback(Object s)
   at System.Threading.ExecutionContext.RunInternal(ExecutionContext executionContext, ContextCallback callback, Object state)
   at System.Runtime.CompilerServices.AsyncTaskMethodBuilder`1.AsyncStateMachineBox`1.MoveNext(Thread threadPoolThread)
   at System.Runtime.CompilerServices.AsyncTaskMethodBuilder`1.AsyncStateMachineBox`1.MoveNext()
   at System.Threading.Tasks.AwaitTaskContinuation.RunOrScheduleAction(IAsyncStateMachineBox box, Boolean allowInlining)
   at System.Threading.Tasks.Task.RunContinuations(Object continuationObject)
   at System.Threading.Tasks.Task.ExecuteWithThreadLocal(Task& currentTaskSlot, Thread threadPoolThread)
   at System.Threading.ThreadPoolWorkQueue.Dispatch()
   at System.Threading.PortableThreadPool.WorkerThread.WorkerThreadStart()

[INFO] Deleting modded/profile1\saves\history/1778433715.run.backup because it does not exist on remote
[ERROR] Error deleting path modded/profile1\saves\history/1778433715.run.backup.backup: Failed
   at MegaCrit.Sts2.Core.Saves.GodotFileIo.DeleteFile(String path)
   at MegaCrit.Sts2.Core.Saves.CloudSaveStore.SyncCloudToLocalInternal(String path)
   at System.Runtime.CompilerServices.AsyncMethodBuilderCore.Start[TStateMachine](TStateMachine& stateMachine)
   at MegaCrit.Sts2.Core.Saves.CloudSaveStore.SyncCloudToLocalInternal(String path)
   at MegaCrit.Sts2.Core.Saves.CloudSaveStore.SyncCloudToLocal(String path)
   at System.Runtime.CompilerServices.AsyncMethodBuilderCore.Start[TStateMachine](TStateMachine& stateMachine)
   at MegaCrit.Sts2.Core.Saves.CloudSaveStore.SyncCloudToLocal(String path)
   at MegaCrit.Sts2.Core.Saves.CloudSaveStore.SyncCloudToLocalDirectory(String directoryPath)+MoveNext()
   at MegaCrit.Sts2.Core.Saves.SaveManager.EnumerateCloudSyncTasks(CloudSaveStore cloudStore)+MoveNext()
   at MegaCrit.Sts2.Core.Saves.SaveManager.SyncCloudToLocal()
   at System.Runtime.CompilerServices.AsyncTaskMethodBuilder`1.AsyncStateMachineBox`1.ExecutionContextCallback(Object s)
   at System.Threading.ExecutionContext.RunInternal(ExecutionContext executionContext, ContextCallback callback, Object state)
   at System.Runtime.CompilerServices.AsyncTaskMethodBuilder`1.AsyncStateMachineBox`1.MoveNext(Thread threadPoolThread)
   at System.Runtime.CompilerServices.AsyncTaskMethodBuilder`1.AsyncStateMachineBox`1.MoveNext()
   at System.Threading.Tasks.AwaitTaskContinuation.RunOrScheduleAction(IAsyncStateMachineBox box, Boolean allowInlining)
   at System.Threading.Tasks.Task.RunContinuations(Object continuationObject)
   at System.Threading.Tasks.Task.TrySetResult()
   at System.Threading.Tasks.Task.WhenAllPromise.Invoke(Task completedTask)
   at System.Threading.Tasks.Task.RunContinuations(Object continuationObject)
   at System.Threading.Tasks.Task`1.TrySetResult(TResult result)
   at System.Runtime.CompilerServices.AsyncTaskMethodBuilder`1.SetExistingTaskResult(Task`1 task, TResult result)
   at System.Runtime.CompilerServices.AsyncTaskMethodBuilder.SetResult()
   at MegaCrit.Sts2.Core.Saves.CloudSaveStore.SyncCloudToLocal(String path)
   at System.Runtime.CompilerServices.AsyncTaskMethodBuilder`1.AsyncStateMachineBox`1.ExecutionContextCallback(Object s)
   at System.Threading.ExecutionContext.RunInternal(ExecutionContext executionContext, ContextCallback callback, Object state)
   at System.Runtime.CompilerServices.AsyncTaskMethodBuilder`1.AsyncStateMachineBox`1.MoveNext(Thread threadPoolThread)
   at System.Runtime.CompilerServices.AsyncTaskMethodBuilder`1.AsyncStateMachineBox`1.MoveNext()
   at System.Threading.Tasks.AwaitTaskContinuation.RunOrScheduleAction(IAsyncStateMachineBox box, Boolean allowInlining)
   at System.Threading.Tasks.Task.RunContinuations(Object continuationObject)
   at System.Threading.Tasks.Task`1.TrySetResult(TResult result)
   at System.Runtime.CompilerServices.AsyncTaskMethodBuilder`1.SetExistingTaskResult(Task`1 task, TResult result)
   at System.Runtime.CompilerServices.AsyncTaskMethodBuilder.SetResult()
   at MegaCrit.Sts2.Core.Saves.CloudSaveStore.SyncCloudToLocalInternal(String path)
   at System.Runtime.CompilerServices.AsyncTaskMethodBuilder`1.AsyncStateMachineBox`1.ExecutionContextCallback(Object s)
   at System.Threading.ExecutionContext.RunInternal(ExecutionContext executionContext, ContextCallback callback, Object state)
   at System.Runtime.CompilerServices.AsyncTaskMethodBuilder`1.AsyncStateMachineBox`1.MoveNext(Thread threadPoolThread)
   at System.Runtime.CompilerServices.AsyncTaskMethodBuilder`1.AsyncStateMachineBox`1.MoveNext()
   at System.Threading.Tasks.AwaitTaskContinuation.RunOrScheduleAction(IAsyncStateMachineBox box, Boolean allowInlining)
   at System.Threading.Tasks.Task.RunContinuations(Object continuationObject)
   at System.Threading.Tasks.Task`1.TrySetResult(TResult result)
   at System.Runtime.CompilerServices.AsyncTaskMethodBuilder`1.SetExistingTaskResult(Task`1 task, TResult result)
   at System.Runtime.CompilerServices.AsyncTaskMethodBuilder.SetResult()
   at MegaCrit.Sts2.Core.Saves.GodotFileIo.WriteFileAsync(String path, Byte[] bytes)
   at System.Runtime.CompilerServices.AsyncTaskMethodBuilder`1.AsyncStateMachineBox`1.ExecutionContextCallback(Object s)
   at System.Threading.ExecutionContext.RunInternal(ExecutionContext executionContext, ContextCallback callback, Object state)
   at System.Runtime.CompilerServices.AsyncTaskMethodBuilder`1.AsyncStateMachineBox`1.MoveNext(Thread threadPoolThread)
   at System.Runtime.CompilerServices.AsyncTaskMethodBuilder`1.AsyncStateMachineBox`1.MoveNext()
   at System.Threading.Tasks.AwaitTaskContinuation.RunOrScheduleAction(IAsyncStateMachineBox box, Boolean allowInlining)
   at System.Threading.Tasks.Task.RunContinuations(Object continuationObject)
   at System.Threading.Tasks.Task.ExecuteWithThreadLocal(Task& currentTaskSlot, Thread threadPoolThread)
   at System.Threading.ThreadPoolWorkQueue.Dispatch()
   at System.Threading.PortableThreadPool.WorkerThread.WorkerThreadStart()

[INFO] Deleting modded/profile1\saves\history/1778457349.run.backup because it does not exist on remote
[ERROR] Error deleting path modded/profile1\saves\history/1778457349.run.backup.backup: Failed
   at MegaCrit.Sts2.Core.Saves.GodotFileIo.DeleteFile(String path)
   at MegaCrit.Sts2.Core.Saves.CloudSaveStore.SyncCloudToLocalInternal(String path)
   at System.Runtime.CompilerServices.AsyncMethodBuilderCore.Start[TStateMachine](TStateMachine& stateMachine)
   at MegaCrit.Sts2.Core.Saves.CloudSaveStore.SyncCloudToLocalInternal(String path)
   at MegaCrit.Sts2.Core.Saves.CloudSaveStore.SyncCloudToLocal(String path)
   at System.Runtime.CompilerServices.AsyncMethodBuilderCore.Start[TStateMachine](TStateMachine& stateMachine)
   at MegaCrit.Sts2.Core.Saves.CloudSaveStore.SyncCloudToLocal(String path)
   at MegaCrit.Sts2.Core.Saves.CloudSaveStore.SyncCloudToLocalDirectory(String directoryPath)+MoveNext()
   at MegaCrit.Sts2.Core.Saves.SaveManager.EnumerateCloudSyncTasks(CloudSaveStore cloudStore)+MoveNext()
   at MegaCrit.Sts2.Core.Saves.SaveManager.SyncCloudToLocal()
   at System.Runtime.CompilerServices.AsyncTaskMethodBuilder`1.AsyncStateMachineBox`1.ExecutionContextCallback(Object s)
   at System.Threading.ExecutionContext.RunInternal(ExecutionContext executionContext, ContextCallback callback, Object state)
   at System.Runtime.CompilerServices.AsyncTaskMethodBuilder`1.AsyncStateMachineBox`1.MoveNext(Thread threadPoolThread)
   at System.Runtime.CompilerServices.AsyncTaskMethodBuilder`1.AsyncStateMachineBox`1.MoveNext()
   at System.Threading.Tasks.AwaitTaskContinuation.RunOrScheduleAction(IAsyncStateMachineBox box, Boolean allowInlining)
   at System.Threading.Tasks.Task.RunContinuations(Object continuationObject)
   at System.Threading.Tasks.Task.TrySetResult()
   at System.Threading.Tasks.Task.WhenAllPromise.Invoke(Task completedTask)
   at System.Threading.Tasks.Task.RunContinuations(Object continuationObject)
   at System.Threading.Tasks.Task`1.TrySetResult(TResult result)
   at System.Runtime.CompilerServices.AsyncTaskMethodBuilder`1.SetExistingTaskResult(Task`1 task, TResult result)
   at System.Runtime.CompilerServices.AsyncTaskMethodBuilder.SetResult()
   at MegaCrit.Sts2.Core.Saves.CloudSaveStore.SyncCloudToLocal(String path)
   at System.Runtime.CompilerServices.AsyncTaskMethodBuilder`1.AsyncStateMachineBox`1.ExecutionContextCallback(Object s)
   at System.Threading.ExecutionContext.RunInternal(ExecutionContext executionContext, ContextCallback callback, Object state)
   at System.Runtime.CompilerServices.AsyncTaskMethodBuilder`1.AsyncStateMachineBox`1.MoveNext(Thread threadPoolThread)
   at System.Runtime.CompilerServices.AsyncTaskMethodBuilder`1.AsyncStateMachineBox`1.MoveNext()
   at System.Threading.Tasks.AwaitTaskContinuation.RunOrScheduleAction(IAsyncStateMachineBox box, Boolean allowInlining)
   at System.Threading.Tasks.Task.RunContinuations(Object continuationObject)
   at System.Threading.Tasks.Task`1.TrySetResult(TResult result)
   at System.Runtime.CompilerServices.AsyncTaskMethodBuilder`1.SetExistingTaskResult(Task`1 task, TResult result)
   at System.Runtime.CompilerServices.AsyncTaskMethodBuilder.SetResult()
   at MegaCrit.Sts2.Core.Saves.CloudSaveStore.SyncCloudToLocalInternal(String path)
   at System.Runtime.CompilerServices.AsyncTaskMethodBuilder`1.AsyncStateMachineBox`1.ExecutionContextCallback(Object s)
   at System.Threading.ExecutionContext.RunInternal(ExecutionContext executionContext, ContextCallback callback, Object state)
   at System.Runtime.CompilerServices.AsyncTaskMethodBuilder`1.AsyncStateMachineBox`1.MoveNext(Thread threadPoolThread)
   at System.Runtime.CompilerServices.AsyncTaskMethodBuilder`1.AsyncStateMachineBox`1.MoveNext()
   at System.Threading.Tasks.AwaitTaskContinuation.RunOrScheduleAction(IAsyncStateMachineBox box, Boolean allowInlining)
   at System.Threading.Tasks.Task.RunContinuations(Object continuationObject)
   at System.Threading.Tasks.Task`1.TrySetResult(TResult result)
   at System.Runtime.CompilerServices.AsyncTaskMethodBuilder`1.SetExistingTaskResult(Task`1 task, TResult result)
   at System.Runtime.CompilerServices.AsyncTaskMethodBuilder.SetResult()
   at MegaCrit.Sts2.Core.Saves.GodotFileIo.WriteFileAsync(String path, Byte[] bytes)
   at System.Runtime.CompilerServices.AsyncTaskMethodBuilder`1.AsyncStateMachineBox`1.ExecutionContextCallback(Object s)
   at System.Threading.ExecutionContext.RunInternal(ExecutionContext executionContext, ContextCallback callback, Object state)
   at System.Runtime.CompilerServices.AsyncTaskMethodBuilder`1.AsyncStateMachineBox`1.MoveNext(Thread threadPoolThread)
   at System.Runtime.CompilerServices.AsyncTaskMethodBuilder`1.AsyncStateMachineBox`1.MoveNext()
   at System.Threading.Tasks.AwaitTaskContinuation.RunOrScheduleAction(IAsyncStateMachineBox box, Boolean allowInlining)
   at System.Threading.Tasks.Task.RunContinuations(Object continuationObject)
   at System.Threading.Tasks.Task.ExecuteWithThreadLocal(Task& currentTaskSlot, Thread threadPoolThread)
   at System.Threading.ThreadPoolWorkQueue.Dispatch()
   at System.Threading.PortableThreadPool.WorkerThread.WorkerThreadStart()

[INFO] Deleting modded/profile1\saves\history/1778473358.run.backup because it does not exist on remote
[ERROR] Error deleting path modded/profile1\saves\history/1778473358.run.backup.backup: Failed
   at MegaCrit.Sts2.Core.Saves.GodotFileIo.DeleteFile(String path)
   at MegaCrit.Sts2.Core.Saves.CloudSaveStore.SyncCloudToLocalInternal(String path)
   at System.Runtime.CompilerServices.AsyncMethodBuilderCore.Start[TStateMachine](TStateMachine& stateMachine)
   at MegaCrit.Sts2.Core.Saves.CloudSaveStore.SyncCloudToLocalInternal(String path)
   at MegaCrit.Sts2.Core.Saves.CloudSaveStore.SyncCloudToLocal(String path)
   at System.Runtime.CompilerServices.AsyncMethodBuilderCore.Start[TStateMachine](TStateMachine& stateMachine)
   at MegaCrit.Sts2.Core.Saves.CloudSaveStore.SyncCloudToLocal(String path)
   at MegaCrit.Sts2.Core.Saves.CloudSaveStore.SyncCloudToLocalDirectory(String directoryPath)+MoveNext()
   at MegaCrit.Sts2.Core.Saves.SaveManager.EnumerateCloudSyncTasks(CloudSaveStore cloudStore)+MoveNext()
   at MegaCrit.Sts2.Core.Saves.SaveManager.SyncCloudToLocal()
   at System.Runtime.CompilerServices.AsyncTaskMethodBuilder`1.AsyncStateMachineBox`1.ExecutionContextCallback(Object s)
   at System.Threading.ExecutionContext.RunInternal(ExecutionContext executionContext, ContextCallback callback, Object state)
   at System.Runtime.CompilerServices.AsyncTaskMethodBuilder`1.AsyncStateMachineBox`1.MoveNext(Thread threadPoolThread)
   at System.Runtime.CompilerServices.AsyncTaskMethodBuilder`1.AsyncStateMachineBox`1.MoveNext()
   at System.Threading.Tasks.AwaitTaskContinuation.RunOrScheduleAction(IAsyncStateMachineBox box, Boolean allowInlining)
   at System.Threading.Tasks.Task.RunContinuations(Object continuationObject)
   at System.Threading.Tasks.Task.TrySetResult()
   at System.Threading.Tasks.Task.WhenAllPromise.Invoke(Task completedTask)
   at System.Threading.Tasks.Task.RunContinuations(Object continuationObject)
   at System.Threading.Tasks.Task`1.TrySetResult(TResult result)
   at System.Runtime.CompilerServices.AsyncTaskMethodBuilder`1.SetExistingTaskResult(Task`1 task, TResult result)
   at System.Runtime.CompilerServices.AsyncTaskMethodBuilder.SetResult()
   at MegaCrit.Sts2.Core.Saves.CloudSaveStore.SyncCloudToLocal(String path)
   at System.Runtime.CompilerServices.AsyncTaskMethodBuilder`1.AsyncStateMachineBox`1.ExecutionContextCallback(Object s)
   at System.Threading.ExecutionContext.RunInternal(ExecutionContext executionContext, ContextCallback callback, Object state)
   at System.Runtime.CompilerServices.AsyncTaskMethodBuilder`1.AsyncStateMachineBox`1.MoveNext(Thread threadPoolThread)
   at System.Runtime.CompilerServices.AsyncTaskMethodBuilder`1.AsyncStateMachineBox`1.MoveNext()
   at System.Threading.Tasks.AwaitTaskContinuation.RunOrScheduleAction(IAsyncStateMachineBox box, Boolean allowInlining)
   at System.Threading.Tasks.Task.RunContinuations(Object continuationObject)
   at System.Threading.Tasks.Task`1.TrySetResult(TResult result)
   at System.Runtime.CompilerServices.AsyncTaskMethodBuilder`1.SetExistingTaskResult(Task`1 task, TResult result)
   at System.Runtime.CompilerServices.AsyncTaskMethodBuilder.SetResult()
   at MegaCrit.Sts2.Core.Saves.CloudSaveStore.SyncCloudToLocalInternal(String path)
   at System.Runtime.CompilerServices.AsyncTaskMethodBuilder`1.AsyncStateMachineBox`1.ExecutionContextCallback(Object s)
   at System.Threading.ExecutionContext.RunInternal(ExecutionContext executionContext, ContextCallback callback, Object state)
   at System.Runtime.CompilerServices.AsyncTaskMethodBuilder`1.AsyncStateMachineBox`1.MoveNext(Thread threadPoolThread)
   at System.Runtime.CompilerServices.AsyncTaskMethodBuilder`1.AsyncStateMachineBox`1.MoveNext()
   at System.Threading.Tasks.AwaitTaskContinuation.RunOrScheduleAction(IAsyncStateMachineBox box, Boolean allowInlining)
   at System.Threading.Tasks.Task.RunContinuations(Object continuationObject)
   at System.Threading.Tasks.Task`1.TrySetResult(TResult result)
   at System.Runtime.CompilerServices.AsyncTaskMethodBuilder`1.SetExistingTaskResult(Task`1 task, TResult result)
   at System.Runtime.CompilerServices.AsyncTaskMethodBuilder.SetResult()
   at MegaCrit.Sts2.Core.Saves.GodotFileIo.WriteFileAsync(String path, Byte[] bytes)
   at System.Runtime.CompilerServices.AsyncTaskMethodBuilder`1.AsyncStateMachineBox`1.ExecutionContextCallback(Object s)
   at System.Threading.ExecutionContext.RunInternal(ExecutionContext executionContext, ContextCallback callback, Object state)
   at System.Runtime.CompilerServices.AsyncTaskMethodBuilder`1.AsyncStateMachineBox`1.MoveNext(Thread threadPoolThread)
   at System.Runtime.CompilerServices.AsyncTaskMethodBuilder`1.AsyncStateMachineBox`1.MoveNext()
   at System.Threading.Tasks.AwaitTaskContinuation.RunOrScheduleAction(IAsyncStateMachineBox box, Boolean allowInlining)
   at System.Threading.Tasks.Task.RunContinuations(Object continuationObject)
   at System.Threading.Tasks.Task.ExecuteWithThreadLocal(Task& currentTaskSlot, Thread threadPoolThread)
   at System.Threading.ThreadPoolWorkQueue.Dispatch()
   at System.Threading.PortableThreadPool.WorkerThread.WorkerThreadStart()

[INFO] Deleting modded/profile1\saves\history/1778507489.run.backup because it does not exist on remote
[ERROR] Error deleting path modded/profile1\saves\history/1778507489.run.backup.backup: Failed
   at MegaCrit.Sts2.Core.Saves.GodotFileIo.DeleteFile(String path)
   at MegaCrit.Sts2.Core.Saves.CloudSaveStore.SyncCloudToLocalInternal(String path)
   at System.Runtime.CompilerServices.AsyncMethodBuilderCore.Start[TStateMachine](TStateMachine& stateMachine)
   at MegaCrit.Sts2.Core.Saves.CloudSaveStore.SyncCloudToLocalInternal(String path)
   at MegaCrit.Sts2.Core.Saves.CloudSaveStore.SyncCloudToLocal(String path)
   at System.Runtime.CompilerServices.AsyncMethodBuilderCore.Start[TStateMachine](TStateMachine& stateMachine)
   at MegaCrit.Sts2.Core.Saves.CloudSaveStore.SyncCloudToLocal(String path)
   at MegaCrit.Sts2.Core.Saves.CloudSaveStore.SyncCloudToLocalDirectory(String directoryPath)+MoveNext()
   at MegaCrit.Sts2.Core.Saves.SaveManager.EnumerateCloudSyncTasks(CloudSaveStore cloudStore)+MoveNext()
   at MegaCrit.Sts2.Core.Saves.SaveManager.SyncCloudToLocal()
   at System.Runtime.CompilerServices.AsyncTaskMethodBuilder`1.AsyncStateMachineBox`1.ExecutionContextCallback(Object s)
   at System.Threading.ExecutionContext.RunInternal(ExecutionContext executionContext, ContextCallback callback, Object state)
   at System.Runtime.CompilerServices.AsyncTaskMethodBuilder`1.AsyncStateMachineBox`1.MoveNext(Thread threadPoolThread)
   at System.Runtime.CompilerServices.AsyncTaskMethodBuilder`1.AsyncStateMachineBox`1.MoveNext()
   at System.Threading.Tasks.AwaitTaskContinuation.RunOrScheduleAction(IAsyncStateMachineBox box, Boolean allowInlining)
   at System.Threading.Tasks.Task.RunContinuations(Object continuationObject)
   at System.Threading.Tasks.Task.TrySetResult()
   at System.Threading.Tasks.Task.WhenAllPromise.Invoke(Task completedTask)
   at System.Threading.Tasks.Task.RunContinuations(Object continuationObject)
   at System.Threading.Tasks.Task`1.TrySetResult(TResult result)
   at System.Runtime.CompilerServices.AsyncTaskMethodBuilder`1.SetExistingTaskResult(Task`1 task, TResult result)
   at System.Runtime.CompilerServices.AsyncTaskMethodBuilder.SetResult()
   at MegaCrit.Sts2.Core.Saves.CloudSaveStore.SyncCloudToLocal(String path)
   at System.Runtime.CompilerServices.AsyncTaskMethodBuilder`1.AsyncStateMachineBox`1.ExecutionContextCallback(Object s)
   at System.Threading.ExecutionContext.RunInternal(ExecutionContext executionContext, ContextCallback callback, Object state)
   at System.Runtime.CompilerServices.AsyncTaskMethodBuilder`1.AsyncStateMachineBox`1.MoveNext(Thread threadPoolThread)
   at System.Runtime.CompilerServices.AsyncTaskMethodBuilder`1.AsyncStateMachineBox`1.MoveNext()
   at System.Threading.Tasks.AwaitTaskContinuation.RunOrScheduleAction(IAsyncStateMachineBox box, Boolean allowInlining)
   at System.Threading.Tasks.Task.RunContinuations(Object continuationObject)
   at System.Threading.Tasks.Task`1.TrySetResult(TResult result)
   at System.Runtime.CompilerServices.AsyncTaskMethodBuilder`1.SetExistingTaskResult(Task`1 task, TResult result)
   at System.Runtime.CompilerServices.AsyncTaskMethodBuilder.SetResult()
   at MegaCrit.Sts2.Core.Saves.CloudSaveStore.SyncCloudToLocalInternal(String path)
   at System.Runtime.CompilerServices.AsyncTaskMethodBuilder`1.AsyncStateMachineBox`1.ExecutionContextCallback(Object s)
   at System.Threading.ExecutionContext.RunInternal(ExecutionContext executionContext, ContextCallback callback, Object state)
   at System.Runtime.CompilerServices.AsyncTaskMethodBuilder`1.AsyncStateMachineBox`1.MoveNext(Thread threadPoolThread)
   at System.Runtime.CompilerServices.AsyncTaskMethodBuilder`1.AsyncStateMachineBox`1.MoveNext()
   at System.Threading.Tasks.AwaitTaskContinuation.RunOrScheduleAction(IAsyncStateMachineBox box, Boolean allowInlining)
   at System.Threading.Tasks.Task.RunContinuations(Object continuationObject)
   at System.Threading.Tasks.Task`1.TrySetResult(TResult result)
   at System.Runtime.CompilerServices.AsyncTaskMethodBuilder`1.SetExistingTaskResult(Task`1 task, TResult result)
   at System.Runtime.CompilerServices.AsyncTaskMethodBuilder.SetResult()
   at MegaCrit.Sts2.Core.Saves.GodotFileIo.WriteFileAsync(String path, Byte[] bytes)
   at System.Runtime.CompilerServices.AsyncTaskMethodBuilder`1.AsyncStateMachineBox`1.ExecutionContextCallback(Object s)
   at System.Threading.ExecutionContext.RunInternal(ExecutionContext executionContext, ContextCallback callback, Object state)
   at System.Runtime.CompilerServices.AsyncTaskMethodBuilder`1.AsyncStateMachineBox`1.MoveNext(Thread threadPoolThread)
   at System.Runtime.CompilerServices.AsyncTaskMethodBuilder`1.AsyncStateMachineBox`1.MoveNext()
   at System.Threading.Tasks.AwaitTaskContinuation.RunOrScheduleAction(IAsyncStateMachineBox box, Boolean allowInlining)
   at System.Threading.Tasks.Task.RunContinuations(Object continuationObject)
   at System.Threading.Tasks.Task.ExecuteWithThreadLocal(Task& currentTaskSlot, Thread threadPoolThread)
   at System.Threading.ThreadPoolWorkQueue.Dispatch()
   at System.Threading.PortableThreadPool.WorkerThread.WorkerThreadStart()

[INFO] Deleting modded/profile1\saves\history/1778547926.run.backup because it does not exist on remote
[ERROR] Error deleting path modded/profile1\saves\history/1778547926.run.backup.backup: Failed
   at MegaCrit.Sts2.Core.Saves.GodotFileIo.DeleteFile(String path)
   at MegaCrit.Sts2.Core.Saves.CloudSaveStore.SyncCloudToLocalInternal(String path)
   at System.Runtime.CompilerServices.AsyncMethodBuilderCore.Start[TStateMachine](TStateMachine& stateMachine)
   at MegaCrit.Sts2.Core.Saves.CloudSaveStore.SyncCloudToLocalInternal(String path)
   at MegaCrit.Sts2.Core.Saves.CloudSaveStore.SyncCloudToLocal(String path)
   at System.Runtime.CompilerServices.AsyncMethodBuilderCore.Start[TStateMachine](TStateMachine& stateMachine)
   at MegaCrit.Sts2.Core.Saves.CloudSaveStore.SyncCloudToLocal(String path)
   at MegaCrit.Sts2.Core.Saves.CloudSaveStore.SyncCloudToLocalDirectory(String directoryPath)+MoveNext()
   at MegaCrit.Sts2.Core.Saves.SaveManager.EnumerateCloudSyncTasks(CloudSaveStore cloudStore)+MoveNext()
   at MegaCrit.Sts2.Core.Saves.SaveManager.SyncCloudToLocal()
   at System.Runtime.CompilerServices.AsyncTaskMethodBuilder`1.AsyncStateMachineBox`1.ExecutionContextCallback(Object s)
   at System.Threading.ExecutionContext.RunInternal(ExecutionContext executionContext, ContextCallback callback, Object state)
   at System.Runtime.CompilerServices.AsyncTaskMethodBuilder`1.AsyncStateMachineBox`1.MoveNext(Thread threadPoolThread)
   at System.Runtime.CompilerServices.AsyncTaskMethodBuilder`1.AsyncStateMachineBox`1.MoveNext()
   at System.Threading.Tasks.AwaitTaskContinuation.RunOrScheduleAction(IAsyncStateMachineBox box, Boolean allowInlining)
   at System.Threading.Tasks.Task.RunContinuations(Object continuationObject)
   at System.Threading.Tasks.Task.TrySetResult()
   at System.Threading.Tasks.Task.WhenAllPromise.Invoke(Task completedTask)
   at System.Threading.Tasks.Task.RunContinuations(Object continuationObject)
   at System.Threading.Tasks.Task`1.TrySetResult(TResult result)
   at System.Runtime.CompilerServices.AsyncTaskMethodBuilder`1.SetExistingTaskResult(Task`1 task, TResult result)
   at System.Runtime.CompilerServices.AsyncTaskMethodBuilder.SetResult()
   at MegaCrit.Sts2.Core.Saves.CloudSaveStore.SyncCloudToLocal(String path)
   at System.Runtime.CompilerServices.AsyncTaskMethodBuilder`1.AsyncStateMachineBox`1.ExecutionContextCallback(Object s)
   at System.Threading.ExecutionContext.RunInternal(ExecutionContext executionContext, ContextCallback callback, Object state)
   at System.Runtime.CompilerServices.AsyncTaskMethodBuilder`1.AsyncStateMachineBox`1.MoveNext(Thread threadPoolThread)
   at System.Runtime.CompilerServices.AsyncTaskMethodBuilder`1.AsyncStateMachineBox`1.MoveNext()
   at System.Threading.Tasks.AwaitTaskContinuation.RunOrScheduleAction(IAsyncStateMachineBox box, Boolean allowInlining)
   at System.Threading.Tasks.Task.RunContinuations(Object continuationObject)
   at System.Threading.Tasks.Task`1.TrySetResult(TResult result)
   at System.Runtime.CompilerServices.AsyncTaskMethodBuilder`1.SetExistingTaskResult(Task`1 task, TResult result)
   at System.Runtime.CompilerServices.AsyncTaskMethodBuilder.SetResult()
   at MegaCrit.Sts2.Core.Saves.CloudSaveStore.SyncCloudToLocalInternal(String path)
   at System.Runtime.CompilerServices.AsyncTaskMethodBuilder`1.AsyncStateMachineBox`1.ExecutionContextCallback(Object s)
   at System.Threading.ExecutionContext.RunInternal(ExecutionContext executionContext, ContextCallback callback, Object state)
   at System.Runtime.CompilerServices.AsyncTaskMethodBuilder`1.AsyncStateMachineBox`1.MoveNext(Thread threadPoolThread)
   at System.Runtime.CompilerServices.AsyncTaskMethodBuilder`1.AsyncStateMachineBox`1.MoveNext()
   at System.Threading.Tasks.AwaitTaskContinuation.RunOrScheduleAction(IAsyncStateMachineBox box, Boolean allowInlining)
   at System.Threading.Tasks.Task.RunContinuations(Object continuationObject)
   at System.Threading.Tasks.Task`1.TrySetResult(TResult result)
   at System.Runtime.CompilerServices.AsyncTaskMethodBuilder`1.SetExistingTaskResult(Task`1 task, TResult result)
   at System.Runtime.CompilerServices.AsyncTaskMethodBuilder.SetResult()
   at MegaCrit.Sts2.Core.Saves.GodotFileIo.WriteFileAsync(String path, Byte[] bytes)
   at System.Runtime.CompilerServices.AsyncTaskMethodBuilder`1.AsyncStateMachineBox`1.ExecutionContextCallback(Object s)
   at System.Threading.ExecutionContext.RunInternal(ExecutionContext executionContext, ContextCallback callback, Object state)
   at System.Runtime.CompilerServices.AsyncTaskMethodBuilder`1.AsyncStateMachineBox`1.MoveNext(Thread threadPoolThread)
   at System.Runtime.CompilerServices.AsyncTaskMethodBuilder`1.AsyncStateMachineBox`1.MoveNext()
   at System.Threading.Tasks.AwaitTaskContinuation.RunOrScheduleAction(IAsyncStateMachineBox box, Boolean allowInlining)
   at System.Threading.Tasks.Task.RunContinuations(Object continuationObject)
   at System.Threading.Tasks.Task.ExecuteWithThreadLocal(Task& currentTaskSlot, Thread threadPoolThread)
   at System.Threading.ThreadPoolWorkQueue.Dispatch()
   at System.Threading.PortableThreadPool.WorkerThread.WorkerThreadStart()

[INFO] Deleting modded/profile1\saves\history/1778548987.run.backup because it does not exist on remote
[ERROR] Error deleting path modded/profile1\saves\history/1778548987.run.backup.backup: Failed
   at MegaCrit.Sts2.Core.Saves.GodotFileIo.DeleteFile(String path)
   at MegaCrit.Sts2.Core.Saves.CloudSaveStore.SyncCloudToLocalInternal(String path)
   at System.Runtime.CompilerServices.AsyncMethodBuilderCore.Start[TStateMachine](TStateMachine& stateMachine)
   at MegaCrit.Sts2.Core.Saves.CloudSaveStore.SyncCloudToLocalInternal(String path)
   at MegaCrit.Sts2.Core.Saves.CloudSaveStore.SyncCloudToLocal(String path)
   at System.Runtime.CompilerServices.AsyncMethodBuilderCore.Start[TStateMachine](TStateMachine& stateMachine)
   at MegaCrit.Sts2.Core.Saves.CloudSaveStore.SyncCloudToLocal(String path)
   at MegaCrit.Sts2.Core.Saves.CloudSaveStore.SyncCloudToLocalDirectory(String directoryPath)+MoveNext()
   at MegaCrit.Sts2.Core.Saves.SaveManager.EnumerateCloudSyncTasks(CloudSaveStore cloudStore)+MoveNext()
   at MegaCrit.Sts2.Core.Saves.SaveManager.SyncCloudToLocal()
   at System.Runtime.CompilerServices.AsyncTaskMethodBuilder`1.AsyncStateMachineBox`1.ExecutionContextCallback(Object s)
   at System.Threading.ExecutionContext.RunInternal(ExecutionContext executionContext, ContextCallback callback, Object state)
   at System.Runtime.CompilerServices.AsyncTaskMethodBuilder`1.AsyncStateMachineBox`1.MoveNext(Thread threadPoolThread)
   at System.Runtime.CompilerServices.AsyncTaskMethodBuilder`1.AsyncStateMachineBox`1.MoveNext()
   at System.Threading.Tasks.AwaitTaskContinuation.RunOrScheduleAction(IAsyncStateMachineBox box, Boolean allowInlining)
   at System.Threading.Tasks.Task.RunContinuations(Object continuationObject)
   at System.Threading.Tasks.Task.TrySetResult()
   at System.Threading.Tasks.Task.WhenAllPromise.Invoke(Task completedTask)
   at System.Threading.Tasks.Task.RunContinuations(Object continuationObject)
   at System.Threading.Tasks.Task`1.TrySetResult(TResult result)
   at System.Runtime.CompilerServices.AsyncTaskMethodBuilder`1.SetExistingTaskResult(Task`1 task, TResult result)
   at System.Runtime.CompilerServices.AsyncTaskMethodBuilder.SetResult()
   at MegaCrit.Sts2.Core.Saves.CloudSaveStore.SyncCloudToLocal(String path)
   at System.Runtime.CompilerServices.AsyncTaskMethodBuilder`1.AsyncStateMachineBox`1.ExecutionContextCallback(Object s)
   at System.Threading.ExecutionContext.RunInternal(ExecutionContext executionContext, ContextCallback callback, Object state)
   at System.Runtime.CompilerServices.AsyncTaskMethodBuilder`1.AsyncStateMachineBox`1.MoveNext(Thread threadPoolThread)
   at System.Runtime.CompilerServices.AsyncTaskMethodBuilder`1.AsyncStateMachineBox`1.MoveNext()
   at System.Threading.Tasks.AwaitTaskContinuation.RunOrScheduleAction(IAsyncStateMachineBox box, Boolean allowInlining)
   at System.Threading.Tasks.Task.RunContinuations(Object continuationObject)
   at System.Threading.Tasks.Task`1.TrySetResult(TResult result)
   at System.Runtime.CompilerServices.AsyncTaskMethodBuilder`1.SetExistingTaskResult(Task`1 task, TResult result)
   at System.Runtime.CompilerServices.AsyncTaskMethodBuilder.SetResult()
   at MegaCrit.Sts2.Core.Saves.CloudSaveStore.SyncCloudToLocalInternal(String path)
   at System.Runtime.CompilerServices.AsyncTaskMethodBuilder`1.AsyncStateMachineBox`1.ExecutionContextCallback(Object s)
   at System.Threading.ExecutionContext.RunInternal(ExecutionContext executionContext, ContextCallback callback, Object state)
   at System.Runtime.CompilerServices.AsyncTaskMethodBuilder`1.AsyncStateMachineBox`1.MoveNext(Thread threadPoolThread)
   at System.Runtime.CompilerServices.AsyncTaskMethodBuilder`1.AsyncStateMachineBox`1.MoveNext()
   at System.Threading.Tasks.AwaitTaskContinuation.RunOrScheduleAction(IAsyncStateMachineBox box, Boolean allowInlining)
   at System.Threading.Tasks.Task.RunContinuations(Object continuationObject)
   at System.Threading.Tasks.Task`1.TrySetResult(TResult result)
   at System.Runtime.CompilerServices.AsyncTaskMethodBuilder`1.SetExistingTaskResult(Task`1 task, TResult result)
   at System.Runtime.CompilerServices.AsyncTaskMethodBuilder.SetResult()
   at MegaCrit.Sts2.Core.Saves.GodotFileIo.WriteFileAsync(String path, Byte[] bytes)
   at System.Runtime.CompilerServices.AsyncTaskMethodBuilder`1.AsyncStateMachineBox`1.ExecutionContextCallback(Object s)
   at System.Threading.ExecutionContext.RunInternal(ExecutionContext executionContext, ContextCallback callback, Object state)
   at System.Runtime.CompilerServices.AsyncTaskMethodBuilder`1.AsyncStateMachineBox`1.MoveNext(Thread threadPoolThread)
   at System.Runtime.CompilerServices.AsyncTaskMethodBuilder`1.AsyncStateMachineBox`1.MoveNext()
   at System.Threading.Tasks.AwaitTaskContinuation.RunOrScheduleAction(IAsyncStateMachineBox box, Boolean allowInlining)
   at System.Threading.Tasks.Task.RunContinuations(Object continuationObject)
   at System.Threading.Tasks.Task.ExecuteWithThreadLocal(Task& currentTaskSlot, Thread threadPoolThread)
   at System.Threading.ThreadPoolWorkQueue.Dispatch()
   at System.Threading.PortableThreadPool.WorkerThread.WorkerThreadStart()

[INFO] Deleting modded/profile1\saves\history/1778550994.run.backup because it does not exist on remote
[ERROR] Error deleting path modded/profile1\saves\history/1778550994.run.backup.backup: Failed
   at MegaCrit.Sts2.Core.Saves.GodotFileIo.DeleteFile(String path)
   at MegaCrit.Sts2.Core.Saves.CloudSaveStore.SyncCloudToLocalInternal(String path)
   at System.Runtime.CompilerServices.AsyncMethodBuilderCore.Start[TStateMachine](TStateMachine& stateMachine)
   at MegaCrit.Sts2.Core.Saves.CloudSaveStore.SyncCloudToLocalInternal(String path)
   at MegaCrit.Sts2.Core.Saves.CloudSaveStore.SyncCloudToLocal(String path)
   at System.Runtime.CompilerServices.AsyncMethodBuilderCore.Start[TStateMachine](TStateMachine& stateMachine)
   at MegaCrit.Sts2.Core.Saves.CloudSaveStore.SyncCloudToLocal(String path)
   at MegaCrit.Sts2.Core.Saves.CloudSaveStore.SyncCloudToLocalDirectory(String directoryPath)+MoveNext()
   at MegaCrit.Sts2.Core.Saves.SaveManager.EnumerateCloudSyncTasks(CloudSaveStore cloudStore)+MoveNext()
   at MegaCrit.Sts2.Core.Saves.SaveManager.SyncCloudToLocal()
   at System.Runtime.CompilerServices.AsyncTaskMethodBuilder`1.AsyncStateMachineBox`1.ExecutionContextCallback(Object s)
   at System.Threading.ExecutionContext.RunInternal(ExecutionContext executionContext, ContextCallback callback, Object state)
   at System.Runtime.CompilerServices.AsyncTaskMethodBuilder`1.AsyncStateMachineBox`1.MoveNext(Thread threadPoolThread)
   at System.Runtime.CompilerServices.AsyncTaskMethodBuilder`1.AsyncStateMachineBox`1.MoveNext()
   at System.Threading.Tasks.AwaitTaskContinuation.RunOrScheduleAction(IAsyncStateMachineBox box, Boolean allowInlining)
   at System.Threading.Tasks.Task.RunContinuations(Object continuationObject)
   at System.Threading.Tasks.Task.TrySetResult()
   at System.Threading.Tasks.Task.WhenAllPromise.Invoke(Task completedTask)
   at System.Threading.Tasks.Task.RunContinuations(Object continuationObject)
   at System.Threading.Tasks.Task`1.TrySetResult(TResult result)
   at System.Runtime.CompilerServices.AsyncTaskMethodBuilder`1.SetExistingTaskResult(Task`1 task, TResult result)
   at System.Runtime.CompilerServices.AsyncTaskMethodBuilder.SetResult()
   at MegaCrit.Sts2.Core.Saves.CloudSaveStore.SyncCloudToLocal(String path)
   at System.Runtime.CompilerServices.AsyncTaskMethodBuilder`1.AsyncStateMachineBox`1.ExecutionContextCallback(Object s)
   at System.Threading.ExecutionContext.RunInternal(ExecutionContext executionContext, ContextCallback callback, Object state)
   at System.Runtime.CompilerServices.AsyncTaskMethodBuilder`1.AsyncStateMachineBox`1.MoveNext(Thread threadPoolThread)
   at System.Runtime.CompilerServices.AsyncTaskMethodBuilder`1.AsyncStateMachineBox`1.MoveNext()
   at System.Threading.Tasks.AwaitTaskContinuation.RunOrScheduleAction(IAsyncStateMachineBox box, Boolean allowInlining)
   at System.Threading.Tasks.Task.RunContinuations(Object continuationObject)
   at System.Threading.Tasks.Task`1.TrySetResult(TResult result)
   at System.Runtime.CompilerServices.AsyncTaskMethodBuilder`1.SetExistingTaskResult(Task`1 task, TResult result)
   at System.Runtime.CompilerServices.AsyncTaskMethodBuilder.SetResult()
   at MegaCrit.Sts2.Core.Saves.CloudSaveStore.SyncCloudToLocalInternal(String path)
   at System.Runtime.CompilerServices.AsyncTaskMethodBuilder`1.AsyncStateMachineBox`1.ExecutionContextCallback(Object s)
   at System.Threading.ExecutionContext.RunInternal(ExecutionContext executionContext, ContextCallback callback, Object state)
   at System.Runtime.CompilerServices.AsyncTaskMethodBuilder`1.AsyncStateMachineBox`1.MoveNext(Thread threadPoolThread)
   at System.Runtime.CompilerServices.AsyncTaskMethodBuilder`1.AsyncStateMachineBox`1.MoveNext()
   at System.Threading.Tasks.AwaitTaskContinuation.RunOrScheduleAction(IAsyncStateMachineBox box, Boolean allowInlining)
   at System.Threading.Tasks.Task.RunContinuations(Object continuationObject)
   at System.Threading.Tasks.Task`1.TrySetResult(TResult result)
   at System.Runtime.CompilerServices.AsyncTaskMethodBuilder`1.SetExistingTaskResult(Task`1 task, TResult result)
   at System.Runtime.CompilerServices.AsyncTaskMethodBuilder.SetResult()
   at MegaCrit.Sts2.Core.Saves.GodotFileIo.WriteFileAsync(String path, Byte[] bytes)
   at System.Runtime.CompilerServices.AsyncTaskMethodBuilder`1.AsyncStateMachineBox`1.ExecutionContextCallback(Object s)
   at System.Threading.ExecutionContext.RunInternal(ExecutionContext executionContext, ContextCallback callback, Object state)
   at System.Runtime.CompilerServices.AsyncTaskMethodBuilder`1.AsyncStateMachineBox`1.MoveNext(Thread threadPoolThread)
   at System.Runtime.CompilerServices.AsyncTaskMethodBuilder`1.AsyncStateMachineBox`1.MoveNext()
   at System.Threading.Tasks.AwaitTaskContinuation.RunOrScheduleAction(IAsyncStateMachineBox box, Boolean allowInlining)
   at System.Threading.Tasks.Task.RunContinuations(Object continuationObject)
   at System.Threading.Tasks.Task.ExecuteWithThreadLocal(Task& currentTaskSlot, Thread threadPoolThread)
   at System.Threading.ThreadPoolWorkQueue.Dispatch()
   at System.Threading.PortableThreadPool.WorkerThread.WorkerThreadStart()

[INFO] Deleting modded/profile1\saves\history/1778553992.run.backup because it does not exist on remote
[ERROR] Error deleting path modded/profile1\saves\history/1778553992.run.backup.backup: Failed
   at MegaCrit.Sts2.Core.Saves.GodotFileIo.DeleteFile(String path)
   at MegaCrit.Sts2.Core.Saves.CloudSaveStore.SyncCloudToLocalInternal(String path)
   at System.Runtime.CompilerServices.AsyncMethodBuilderCore.Start[TStateMachine](TStateMachine& stateMachine)
   at MegaCrit.Sts2.Core.Saves.CloudSaveStore.SyncCloudToLocalInternal(String path)
   at MegaCrit.Sts2.Core.Saves.CloudSaveStore.SyncCloudToLocal(String path)
   at System.Runtime.CompilerServices.AsyncMethodBuilderCore.Start[TStateMachine](TStateMachine& stateMachine)
   at MegaCrit.Sts2.Core.Saves.CloudSaveStore.SyncCloudToLocal(String path)
   at MegaCrit.Sts2.Core.Saves.CloudSaveStore.SyncCloudToLocalDirectory(String directoryPath)+MoveNext()
   at MegaCrit.Sts2.Core.Saves.SaveManager.EnumerateCloudSyncTasks(CloudSaveStore cloudStore)+MoveNext()
   at MegaCrit.Sts2.Core.Saves.SaveManager.SyncCloudToLocal()
   at System.Runtime.CompilerServices.AsyncTaskMethodBuilder`1.AsyncStateMachineBox`1.ExecutionContextCallback(Object s)
   at System.Threading.ExecutionContext.RunInternal(ExecutionContext executionContext, ContextCallback callback, Object state)
   at System.Runtime.CompilerServices.AsyncTaskMethodBuilder`1.AsyncStateMachineBox`1.MoveNext(Thread threadPoolThread)
   at System.Runtime.CompilerServices.AsyncTaskMethodBuilder`1.AsyncStateMachineBox`1.MoveNext()
   at System.Threading.Tasks.AwaitTaskContinuation.RunOrScheduleAction(IAsyncStateMachineBox box, Boolean allowInlining)
   at System.Threading.Tasks.Task.RunContinuations(Object continuationObject)
   at System.Threading.Tasks.Task.TrySetResult()
   at System.Threading.Tasks.Task.WhenAllPromise.Invoke(Task completedTask)
   at System.Threading.Tasks.Task.RunContinuations(Object continuationObject)
   at System.Threading.Tasks.Task`1.TrySetResult(TResult result)
   at System.Runtime.CompilerServices.AsyncTaskMethodBuilder`1.SetExistingTaskResult(Task`1 task, TResult result)
   at System.Runtime.CompilerServices.AsyncTaskMethodBuilder.SetResult()
   at MegaCrit.Sts2.Core.Saves.CloudSaveStore.SyncCloudToLocal(String path)
   at System.Runtime.CompilerServices.AsyncTaskMethodBuilder`1.AsyncStateMachineBox`1.ExecutionContextCallback(Object s)
   at System.Threading.ExecutionContext.RunInternal(ExecutionContext executionContext, ContextCallback callback, Object state)
   at System.Runtime.CompilerServices.AsyncTaskMethodBuilder`1.AsyncStateMachineBox`1.MoveNext(Thread threadPoolThread)
   at System.Runtime.CompilerServices.AsyncTaskMethodBuilder`1.AsyncStateMachineBox`1.MoveNext()
   at System.Threading.Tasks.AwaitTaskContinuation.RunOrScheduleAction(IAsyncStateMachineBox box, Boolean allowInlining)
   at System.Threading.Tasks.Task.RunContinuations(Object continuationObject)
   at System.Threading.Tasks.Task`1.TrySetResult(TResult result)
   at System.Runtime.CompilerServices.AsyncTaskMethodBuilder`1.SetExistingTaskResult(Task`1 task, TResult result)
   at System.Runtime.CompilerServices.AsyncTaskMethodBuilder.SetResult()
   at MegaCrit.Sts2.Core.Saves.CloudSaveStore.SyncCloudToLocalInternal(String path)
   at System.Runtime.CompilerServices.AsyncTaskMethodBuilder`1.AsyncStateMachineBox`1.ExecutionContextCallback(Object s)
   at System.Threading.ExecutionContext.RunInternal(ExecutionContext executionContext, ContextCallback callback, Object state)
   at System.Runtime.CompilerServices.AsyncTaskMethodBuilder`1.AsyncStateMachineBox`1.MoveNext(Thread threadPoolThread)
   at System.Runtime.CompilerServices.AsyncTaskMethodBuilder`1.AsyncStateMachineBox`1.MoveNext()
   at System.Threading.Tasks.AwaitTaskContinuation.RunOrScheduleAction(IAsyncStateMachineBox box, Boolean allowInlining)
   at System.Threading.Tasks.Task.RunContinuations(Object continuationObject)
   at System.Threading.Tasks.Task`1.TrySetResult(TResult result)
   at System.Runtime.CompilerServices.AsyncTaskMethodBuilder`1.SetExistingTaskResult(Task`1 task, TResult result)
   at System.Runtime.CompilerServices.AsyncTaskMethodBuilder.SetResult()
   at MegaCrit.Sts2.Core.Saves.GodotFileIo.WriteFileAsync(String path, Byte[] bytes)
   at System.Runtime.CompilerServices.AsyncTaskMethodBuilder`1.AsyncStateMachineBox`1.ExecutionContextCallback(Object s)
   at System.Threading.ExecutionContext.RunInternal(ExecutionContext executionContext, ContextCallback callback, Object state)
   at System.Runtime.CompilerServices.AsyncTaskMethodBuilder`1.AsyncStateMachineBox`1.MoveNext(Thread threadPoolThread)
   at System.Runtime.CompilerServices.AsyncTaskMethodBuilder`1.AsyncStateMachineBox`1.MoveNext()
   at System.Threading.Tasks.AwaitTaskContinuation.RunOrScheduleAction(IAsyncStateMachineBox box, Boolean allowInlining)
   at System.Threading.Tasks.Task.RunContinuations(Object continuationObject)
   at System.Threading.Tasks.Task.ExecuteWithThreadLocal(Task& currentTaskSlot, Thread threadPoolThread)
   at System.Threading.ThreadPoolWorkQueue.Dispatch()
   at System.Threading.PortableThreadPool.WorkerThread.WorkerThreadStart()

[INFO] Deleting modded/profile1\saves\history/1778594894.run.backup because it does not exist on remote
[ERROR] Error deleting path modded/profile1\saves\history/1778594894.run.backup.backup: Failed
   at MegaCrit.Sts2.Core.Saves.GodotFileIo.DeleteFile(String path)
   at MegaCrit.Sts2.Core.Saves.CloudSaveStore.SyncCloudToLocalInternal(String path)
   at System.Runtime.CompilerServices.AsyncMethodBuilderCore.Start[TStateMachine](TStateMachine& stateMachine)
   at MegaCrit.Sts2.Core.Saves.CloudSaveStore.SyncCloudToLocalInternal(String path)
   at MegaCrit.Sts2.Core.Saves.CloudSaveStore.SyncCloudToLocal(String path)
   at System.Runtime.CompilerServices.AsyncMethodBuilderCore.Start[TStateMachine](TStateMachine& stateMachine)
   at MegaCrit.Sts2.Core.Saves.CloudSaveStore.SyncCloudToLocal(String path)
   at MegaCrit.Sts2.Core.Saves.CloudSaveStore.SyncCloudToLocalDirectory(String directoryPath)+MoveNext()
   at MegaCrit.Sts2.Core.Saves.SaveManager.EnumerateCloudSyncTasks(CloudSaveStore cloudStore)+MoveNext()
   at MegaCrit.Sts2.Core.Saves.SaveManager.SyncCloudToLocal()
   at System.Runtime.CompilerServices.AsyncTaskMethodBuilder`1.AsyncStateMachineBox`1.ExecutionContextCallback(Object s)
   at System.Threading.ExecutionContext.RunInternal(ExecutionContext executionContext, ContextCallback callback, Object state)
   at System.Runtime.CompilerServices.AsyncTaskMethodBuilder`1.AsyncStateMachineBox`1.MoveNext(Thread threadPoolThread)
   at System.Runtime.CompilerServices.AsyncTaskMethodBuilder`1.AsyncStateMachineBox`1.MoveNext()
   at System.Threading.Tasks.AwaitTaskContinuation.RunOrScheduleAction(IAsyncStateMachineBox box, Boolean allowInlining)
   at System.Threading.Tasks.Task.RunContinuations(Object continuationObject)
   at System.Threading.Tasks.Task.TrySetResult()
   at System.Threading.Tasks.Task.WhenAllPromise.Invoke(Task completedTask)
   at System.Threading.Tasks.Task.RunContinuations(Object continuationObject)
   at System.Threading.Tasks.Task`1.TrySetResult(TResult result)
   at System.Runtime.CompilerServices.AsyncTaskMethodBuilder`1.SetExistingTaskResult(Task`1 task, TResult result)
   at System.Runtime.CompilerServices.AsyncTaskMethodBuilder.SetResult()
   at MegaCrit.Sts2.Core.Saves.CloudSaveStore.SyncCloudToLocal(String path)
   at System.Runtime.CompilerServices.AsyncTaskMethodBuilder`1.AsyncStateMachineBox`1.ExecutionContextCallback(Object s)
   at System.Threading.ExecutionContext.RunInternal(ExecutionContext executionContext, ContextCallback callback, Object state)
   at System.Runtime.CompilerServices.AsyncTaskMethodBuilder`1.AsyncStateMachineBox`1.MoveNext(Thread threadPoolThread)
   at System.Runtime.CompilerServices.AsyncTaskMethodBuilder`1.AsyncStateMachineBox`1.MoveNext()
   at System.Threading.Tasks.AwaitTaskContinuation.RunOrScheduleAction(IAsyncStateMachineBox box, Boolean allowInlining)
   at System.Threading.Tasks.Task.RunContinuations(Object continuationObject)
   at System.Threading.Tasks.Task`1.TrySetResult(TResult result)
   at System.Runtime.CompilerServices.AsyncTaskMethodBuilder`1.SetExistingTaskResult(Task`1 task, TResult result)
   at System.Runtime.CompilerServices.AsyncTaskMethodBuilder.SetResult()
   at MegaCrit.Sts2.Core.Saves.CloudSaveStore.SyncCloudToLocalInternal(String path)
   at System.Runtime.CompilerServices.AsyncTaskMethodBuilder`1.AsyncStateMachineBox`1.ExecutionContextCallback(Object s)
   at System.Threading.ExecutionContext.RunInternal(ExecutionContext executionContext, ContextCallback callback, Object state)
   at System.Runtime.CompilerServices.AsyncTaskMethodBuilder`1.AsyncStateMachineBox`1.MoveNext(Thread threadPoolThread)
   at System.Runtime.CompilerServices.AsyncTaskMethodBuilder`1.AsyncStateMachineBox`1.MoveNext()
   at System.Threading.Tasks.AwaitTaskContinuation.RunOrScheduleAction(IAsyncStateMachineBox box, Boolean allowInlining)
   at System.Threading.Tasks.Task.RunContinuations(Object continuationObject)
   at System.Threading.Tasks.Task`1.TrySetResult(TResult result)
   at System.Runtime.CompilerServices.AsyncTaskMethodBuilder`1.SetExistingTaskResult(Task`1 task, TResult result)
   at System.Runtime.CompilerServices.AsyncTaskMethodBuilder.SetResult()
   at MegaCrit.Sts2.Core.Saves.GodotFileIo.WriteFileAsync(String path, Byte[] bytes)
   at System.Runtime.CompilerServices.AsyncTaskMethodBuilder`1.AsyncStateMachineBox`1.ExecutionContextCallback(Object s)
   at System.Threading.ExecutionContext.RunInternal(ExecutionContext executionContext, ContextCallback callback, Object state)
   at System.Runtime.CompilerServices.AsyncTaskMethodBuilder`1.AsyncStateMachineBox`1.MoveNext(Thread threadPoolThread)
   at System.Runtime.CompilerServices.AsyncTaskMethodBuilder`1.AsyncStateMachineBox`1.MoveNext()
   at System.Threading.Tasks.AwaitTaskContinuation.RunOrScheduleAction(IAsyncStateMachineBox box, Boolean allowInlining)
   at System.Threading.Tasks.Task.RunContinuations(Object continuationObject)
   at System.Threading.Tasks.Task.ExecuteWithThreadLocal(Task& currentTaskSlot, Thread threadPoolThread)
   at System.Threading.ThreadPoolWorkQueue.Dispatch()
   at System.Threading.PortableThreadPool.WorkerThread.WorkerThreadStart()

[INFO] Deleting modded/profile1\saves\history/1778596710.run.backup because it does not exist on remote
[ERROR] Error deleting path modded/profile1\saves\history/1778596710.run.backup.backup: Failed
   at MegaCrit.Sts2.Core.Saves.GodotFileIo.DeleteFile(String path)
   at MegaCrit.Sts2.Core.Saves.CloudSaveStore.SyncCloudToLocalInternal(String path)
   at System.Runtime.CompilerServices.AsyncMethodBuilderCore.Start[TStateMachine](TStateMachine& stateMachine)
   at MegaCrit.Sts2.Core.Saves.CloudSaveStore.SyncCloudToLocalInternal(String path)
   at MegaCrit.Sts2.Core.Saves.CloudSaveStore.SyncCloudToLocal(String path)
   at System.Runtime.CompilerServices.AsyncMethodBuilderCore.Start[TStateMachine](TStateMachine& stateMachine)
   at MegaCrit.Sts2.Core.Saves.CloudSaveStore.SyncCloudToLocal(String path)
   at MegaCrit.Sts2.Core.Saves.CloudSaveStore.SyncCloudToLocalDirectory(String directoryPath)+MoveNext()
   at MegaCrit.Sts2.Core.Saves.SaveManager.EnumerateCloudSyncTasks(CloudSaveStore cloudStore)+MoveNext()
   at MegaCrit.Sts2.Core.Saves.SaveManager.SyncCloudToLocal()
   at System.Runtime.CompilerServices.AsyncTaskMethodBuilder`1.AsyncStateMachineBox`1.ExecutionContextCallback(Object s)
   at System.Threading.ExecutionContext.RunInternal(ExecutionContext executionContext, ContextCallback callback, Object state)
   at System.Runtime.CompilerServices.AsyncTaskMethodBuilder`1.AsyncStateMachineBox`1.MoveNext(Thread threadPoolThread)
   at System.Runtime.CompilerServices.AsyncTaskMethodBuilder`1.AsyncStateMachineBox`1.MoveNext()
   at System.Threading.Tasks.AwaitTaskContinuation.RunOrScheduleAction(IAsyncStateMachineBox box, Boolean allowInlining)
   at System.Threading.Tasks.Task.RunContinuations(Object continuationObject)
   at System.Threading.Tasks.Task.TrySetResult()
   at System.Threading.Tasks.Task.WhenAllPromise.Invoke(Task completedTask)
   at System.Threading.Tasks.Task.RunContinuations(Object continuationObject)
   at System.Threading.Tasks.Task`1.TrySetResult(TResult result)
   at System.Runtime.CompilerServices.AsyncTaskMethodBuilder`1.SetExistingTaskResult(Task`1 task, TResult result)
   at System.Runtime.CompilerServices.AsyncTaskMethodBuilder.SetResult()
   at MegaCrit.Sts2.Core.Saves.CloudSaveStore.SyncCloudToLocal(String path)
   at System.Runtime.CompilerServices.AsyncTaskMethodBuilder`1.AsyncStateMachineBox`1.ExecutionContextCallback(Object s)
   at System.Threading.ExecutionContext.RunInternal(ExecutionContext executionContext, ContextCallback callback, Object state)
   at System.Runtime.CompilerServices.AsyncTaskMethodBuilder`1.AsyncStateMachineBox`1.MoveNext(Thread threadPoolThread)
   at System.Runtime.CompilerServices.AsyncTaskMethodBuilder`1.AsyncStateMachineBox`1.MoveNext()
   at System.Threading.Tasks.AwaitTaskContinuation.RunOrScheduleAction(IAsyncStateMachineBox box, Boolean allowInlining)
   at System.Threading.Tasks.Task.RunContinuations(Object continuationObject)
   at System.Threading.Tasks.Task`1.TrySetResult(TResult result)
   at System.Runtime.CompilerServices.AsyncTaskMethodBuilder`1.SetExistingTaskResult(Task`1 task, TResult result)
   at System.Runtime.CompilerServices.AsyncTaskMethodBuilder.SetResult()
   at MegaCrit.Sts2.Core.Saves.CloudSaveStore.SyncCloudToLocalInternal(String path)
   at System.Runtime.CompilerServices.AsyncTaskMethodBuilder`1.AsyncStateMachineBox`1.ExecutionContextCallback(Object s)
   at System.Threading.ExecutionContext.RunInternal(ExecutionContext executionContext, ContextCallback callback, Object state)
   at System.Runtime.CompilerServices.AsyncTaskMethodBuilder`1.AsyncStateMachineBox`1.MoveNext(Thread threadPoolThread)
   at System.Runtime.CompilerServices.AsyncTaskMethodBuilder`1.AsyncStateMachineBox`1.MoveNext()
   at System.Threading.Tasks.AwaitTaskContinuation.RunOrScheduleAction(IAsyncStateMachineBox box, Boolean allowInlining)
   at System.Threading.Tasks.Task.RunContinuations(Object continuationObject)
   at System.Threading.Tasks.Task`1.TrySetResult(TResult result)
   at System.Runtime.CompilerServices.AsyncTaskMethodBuilder`1.SetExistingTaskResult(Task`1 task, TResult result)
   at System.Runtime.CompilerServices.AsyncTaskMethodBuilder.SetResult()
   at MegaCrit.Sts2.Core.Saves.GodotFileIo.WriteFileAsync(String path, Byte[] bytes)
   at System.Runtime.CompilerServices.AsyncTaskMethodBuilder`1.AsyncStateMachineBox`1.ExecutionContextCallback(Object s)
   at System.Threading.ExecutionContext.RunInternal(ExecutionContext executionContext, ContextCallback callback, Object state)
   at System.Runtime.CompilerServices.AsyncTaskMethodBuilder`1.AsyncStateMachineBox`1.MoveNext(Thread threadPoolThread)
   at System.Runtime.CompilerServices.AsyncTaskMethodBuilder`1.AsyncStateMachineBox`1.MoveNext()
   at System.Threading.Tasks.AwaitTaskContinuation.RunOrScheduleAction(IAsyncStateMachineBox box, Boolean allowInlining)
   at System.Threading.Tasks.Task.RunContinuations(Object continuationObject)
   at System.Threading.Tasks.Task.ExecuteWithThreadLocal(Task& currentTaskSlot, Thread threadPoolThread)
   at System.Threading.ThreadPoolWorkQueue.Dispatch()
   at System.Threading.PortableThreadPool.WorkerThread.WorkerThreadStart()

[INFO] Deleting modded/profile1\saves\history/1779352078.run.backup because it does not exist on remote
[ERROR] Error deleting path modded/profile1\saves\history/1779352078.run.backup.backup: Failed
   at MegaCrit.Sts2.Core.Saves.GodotFileIo.DeleteFile(String path)
   at MegaCrit.Sts2.Core.Saves.CloudSaveStore.SyncCloudToLocalInternal(String path)
   at System.Runtime.CompilerServices.AsyncMethodBuilderCore.Start[TStateMachine](TStateMachine& stateMachine)
   at MegaCrit.Sts2.Core.Saves.CloudSaveStore.SyncCloudToLocalInternal(String path)
   at MegaCrit.Sts2.Core.Saves.CloudSaveStore.SyncCloudToLocal(String path)
   at System.Runtime.CompilerServices.AsyncMethodBuilderCore.Start[TStateMachine](TStateMachine& stateMachine)
   at MegaCrit.Sts2.Core.Saves.CloudSaveStore.SyncCloudToLocal(String path)
   at MegaCrit.Sts2.Core.Saves.CloudSaveStore.SyncCloudToLocalDirectory(String directoryPath)+MoveNext()
   at MegaCrit.Sts2.Core.Saves.SaveManager.EnumerateCloudSyncTasks(CloudSaveStore cloudStore)+MoveNext()
   at MegaCrit.Sts2.Core.Saves.SaveManager.SyncCloudToLocal()
   at System.Runtime.CompilerServices.AsyncTaskMethodBuilder`1.AsyncStateMachineBox`1.ExecutionContextCallback(Object s)
   at System.Threading.ExecutionContext.RunInternal(ExecutionContext executionContext, ContextCallback callback, Object state)
   at System.Runtime.CompilerServices.AsyncTaskMethodBuilder`1.AsyncStateMachineBox`1.MoveNext(Thread threadPoolThread)
   at System.Runtime.CompilerServices.AsyncTaskMethodBuilder`1.AsyncStateMachineBox`1.MoveNext()
   at System.Threading.Tasks.AwaitTaskContinuation.RunOrScheduleAction(IAsyncStateMachineBox box, Boolean allowInlining)
   at System.Threading.Tasks.Task.RunContinuations(Object continuationObject)
   at System.Threading.Tasks.Task.TrySetResult()
   at System.Threading.Tasks.Task.WhenAllPromise.Invoke(Task completedTask)
   at System.Threading.Tasks.Task.RunContinuations(Object continuationObject)
   at System.Threading.Tasks.Task`1.TrySetResult(TResult result)
   at System.Runtime.CompilerServices.AsyncTaskMethodBuilder`1.SetExistingTaskResult(Task`1 task, TResult result)
   at System.Runtime.CompilerServices.AsyncTaskMethodBuilder.SetResult()
   at MegaCrit.Sts2.Core.Saves.CloudSaveStore.SyncCloudToLocal(String path)
   at System.Runtime.CompilerServices.AsyncTaskMethodBuilder`1.AsyncStateMachineBox`1.ExecutionContextCallback(Object s)
   at System.Threading.ExecutionContext.RunInternal(ExecutionContext executionContext, ContextCallback callback, Object state)
   at System.Runtime.CompilerServices.AsyncTaskMethodBuilder`1.AsyncStateMachineBox`1.MoveNext(Thread threadPoolThread)
   at System.Runtime.CompilerServices.AsyncTaskMethodBuilder`1.AsyncStateMachineBox`1.MoveNext()
   at System.Threading.Tasks.AwaitTaskContinuation.RunOrScheduleAction(IAsyncStateMachineBox box, Boolean allowInlining)
   at System.Threading.Tasks.Task.RunContinuations(Object continuationObject)
   at System.Threading.Tasks.Task`1.TrySetResult(TResult result)
   at System.Runtime.CompilerServices.AsyncTaskMethodBuilder`1.SetExistingTaskResult(Task`1 task, TResult result)
   at System.Runtime.CompilerServices.AsyncTaskMethodBuilder.SetResult()
   at MegaCrit.Sts2.Core.Saves.CloudSaveStore.SyncCloudToLocalInternal(String path)
   at System.Runtime.CompilerServices.AsyncTaskMethodBuilder`1.AsyncStateMachineBox`1.ExecutionContextCallback(Object s)
   at System.Threading.ExecutionContext.RunInternal(ExecutionContext executionContext, ContextCallback callback, Object state)
   at System.Runtime.CompilerServices.AsyncTaskMethodBuilder`1.AsyncStateMachineBox`1.MoveNext(Thread threadPoolThread)
   at System.Runtime.CompilerServices.AsyncTaskMethodBuilder`1.AsyncStateMachineBox`1.MoveNext()
   at System.Threading.Tasks.AwaitTaskContinuation.RunOrScheduleAction(IAsyncStateMachineBox box, Boolean allowInlining)
   at System.Threading.Tasks.Task.RunContinuations(Object continuationObject)
   at System.Threading.Tasks.Task`1.TrySetResult(TResult result)
   at System.Runtime.CompilerServices.AsyncTaskMethodBuilder`1.SetExistingTaskResult(Task`1 task, TResult result)
   at System.Runtime.CompilerServices.AsyncTaskMethodBuilder.SetResult()
   at MegaCrit.Sts2.Core.Saves.GodotFileIo.WriteFileAsync(String path, Byte[] bytes)
   at System.Runtime.CompilerServices.AsyncTaskMethodBuilder`1.AsyncStateMachineBox`1.ExecutionContextCallback(Object s)
   at System.Threading.ExecutionContext.RunInternal(ExecutionContext executionContext, ContextCallback callback, Object state)
   at System.Runtime.CompilerServices.AsyncTaskMethodBuilder`1.AsyncStateMachineBox`1.MoveNext(Thread threadPoolThread)
   at System.Runtime.CompilerServices.AsyncTaskMethodBuilder`1.AsyncStateMachineBox`1.MoveNext()
   at System.Threading.Tasks.AwaitTaskContinuation.RunOrScheduleAction(IAsyncStateMachineBox box, Boolean allowInlining)
   at System.Threading.Tasks.Task.RunContinuations(Object continuationObject)
   at System.Threading.Tasks.Task.ExecuteWithThreadLocal(Task& currentTaskSlot, Thread threadPoolThread)
   at System.Threading.ThreadPoolWorkQueue.Dispatch()
   at System.Threading.PortableThreadPool.WorkerThread.WorkerThreadStart()

[INFO] Deleting modded/profile1\saves\history/1779414756.run.backup because it does not exist on remote
[ERROR] Error deleting path modded/profile1\saves\history/1779414756.run.backup.backup: Failed
   at MegaCrit.Sts2.Core.Saves.GodotFileIo.DeleteFile(String path)
   at MegaCrit.Sts2.Core.Saves.CloudSaveStore.SyncCloudToLocalInternal(String path)
   at System.Runtime.CompilerServices.AsyncMethodBuilderCore.Start[TStateMachine](TStateMachine& stateMachine)
   at MegaCrit.Sts2.Core.Saves.CloudSaveStore.SyncCloudToLocalInternal(String path)
   at MegaCrit.Sts2.Core.Saves.CloudSaveStore.SyncCloudToLocal(String path)
   at System.Runtime.CompilerServices.AsyncMethodBuilderCore.Start[TStateMachine](TStateMachine& stateMachine)
   at MegaCrit.Sts2.Core.Saves.CloudSaveStore.SyncCloudToLocal(String path)
   at MegaCrit.Sts2.Core.Saves.CloudSaveStore.SyncCloudToLocalDirectory(String directoryPath)+MoveNext()
   at MegaCrit.Sts2.Core.Saves.SaveManager.EnumerateCloudSyncTasks(CloudSaveStore cloudStore)+MoveNext()
   at MegaCrit.Sts2.Core.Saves.SaveManager.SyncCloudToLocal()
   at System.Runtime.CompilerServices.AsyncTaskMethodBuilder`1.AsyncStateMachineBox`1.ExecutionContextCallback(Object s)
   at System.Threading.ExecutionContext.RunInternal(ExecutionContext executionContext, ContextCallback callback, Object state)
   at System.Runtime.CompilerServices.AsyncTaskMethodBuilder`1.AsyncStateMachineBox`1.MoveNext(Thread threadPoolThread)
   at System.Runtime.CompilerServices.AsyncTaskMethodBuilder`1.AsyncStateMachineBox`1.MoveNext()
   at System.Threading.Tasks.AwaitTaskContinuation.RunOrScheduleAction(IAsyncStateMachineBox box, Boolean allowInlining)
   at System.Threading.Tasks.Task.RunContinuations(Object continuationObject)
   at System.Threading.Tasks.Task.TrySetResult()
   at System.Threading.Tasks.Task.WhenAllPromise.Invoke(Task completedTask)
   at System.Threading.Tasks.Task.RunContinuations(Object continuationObject)
   at System.Threading.Tasks.Task`1.TrySetResult(TResult result)
   at System.Runtime.CompilerServices.AsyncTaskMethodBuilder`1.SetExistingTaskResult(Task`1 task, TResult result)
   at System.Runtime.CompilerServices.AsyncTaskMethodBuilder.SetResult()
   at MegaCrit.Sts2.Core.Saves.CloudSaveStore.SyncCloudToLocal(String path)
   at System.Runtime.CompilerServices.AsyncTaskMethodBuilder`1.AsyncStateMachineBox`1.ExecutionContextCallback(Object s)
   at System.Threading.ExecutionContext.RunInternal(ExecutionContext executionContext, ContextCallback callback, Object state)
   at System.Runtime.CompilerServices.AsyncTaskMethodBuilder`1.AsyncStateMachineBox`1.MoveNext(Thread threadPoolThread)
   at System.Runtime.CompilerServices.AsyncTaskMethodBuilder`1.AsyncStateMachineBox`1.MoveNext()
   at System.Threading.Tasks.AwaitTaskContinuation.RunOrScheduleAction(IAsyncStateMachineBox box, Boolean allowInlining)
   at System.Threading.Tasks.Task.RunContinuations(Object continuationObject)
   at System.Threading.Tasks.Task`1.TrySetResult(TResult result)
   at System.Runtime.CompilerServices.AsyncTaskMethodBuilder`1.SetExistingTaskResult(Task`1 task, TResult result)
   at System.Runtime.CompilerServices.AsyncTaskMethodBuilder.SetResult()
   at MegaCrit.Sts2.Core.Saves.CloudSaveStore.SyncCloudToLocalInternal(String path)
   at System.Runtime.CompilerServices.AsyncTaskMethodBuilder`1.AsyncStateMachineBox`1.ExecutionContextCallback(Object s)
   at System.Threading.ExecutionContext.RunInternal(ExecutionContext executionContext, ContextCallback callback, Object state)
   at System.Runtime.CompilerServices.AsyncTaskMethodBuilder`1.AsyncStateMachineBox`1.MoveNext(Thread threadPoolThread)
   at System.Runtime.CompilerServices.AsyncTaskMethodBuilder`1.AsyncStateMachineBox`1.MoveNext()
   at System.Threading.Tasks.AwaitTaskContinuation.RunOrScheduleAction(IAsyncStateMachineBox box, Boolean allowInlining)
   at System.Threading.Tasks.Task.RunContinuations(Object continuationObject)
   at System.Threading.Tasks.Task`1.TrySetResult(TResult result)
   at System.Runtime.CompilerServices.AsyncTaskMethodBuilder`1.SetExistingTaskResult(Task`1 task, TResult result)
   at System.Runtime.CompilerServices.AsyncTaskMethodBuilder.SetResult()
   at MegaCrit.Sts2.Core.Saves.GodotFileIo.WriteFileAsync(String path, Byte[] bytes)
   at System.Runtime.CompilerServices.AsyncTaskMethodBuilder`1.AsyncStateMachineBox`1.ExecutionContextCallback(Object s)
   at System.Threading.ExecutionContext.RunInternal(ExecutionContext executionContext, ContextCallback callback, Object state)
   at System.Runtime.CompilerServices.AsyncTaskMethodBuilder`1.AsyncStateMachineBox`1.MoveNext(Thread threadPoolThread)
   at System.Runtime.CompilerServices.AsyncTaskMethodBuilder`1.AsyncStateMachineBox`1.MoveNext()
   at System.Threading.Tasks.AwaitTaskContinuation.RunOrScheduleAction(IAsyncStateMachineBox box, Boolean allowInlining)
   at System.Threading.Tasks.Task.RunContinuations(Object continuationObject)
   at System.Threading.Tasks.Task.ExecuteWithThreadLocal(Task& currentTaskSlot, Thread threadPoolThread)
   at System.Threading.ThreadPoolWorkQueue.Dispatch()
   at System.Threading.PortableThreadPool.WorkerThread.WorkerThreadStart()

[INFO] Deleting modded/profile1\saves\history/1779420952.run.backup because it does not exist on remote
[ERROR] Error deleting path modded/profile1\saves\history/1779420952.run.backup.backup: Failed
   at MegaCrit.Sts2.Core.Saves.GodotFileIo.DeleteFile(String path)
   at MegaCrit.Sts2.Core.Saves.CloudSaveStore.SyncCloudToLocalInternal(String path)
   at System.Runtime.CompilerServices.AsyncMethodBuilderCore.Start[TStateMachine](TStateMachine& stateMachine)
   at MegaCrit.Sts2.Core.Saves.CloudSaveStore.SyncCloudToLocalInternal(String path)
   at MegaCrit.Sts2.Core.Saves.CloudSaveStore.SyncCloudToLocal(String path)
   at System.Runtime.CompilerServices.AsyncMethodBuilderCore.Start[TStateMachine](TStateMachine& stateMachine)
   at MegaCrit.Sts2.Core.Saves.CloudSaveStore.SyncCloudToLocal(String path)
   at MegaCrit.Sts2.Core.Saves.CloudSaveStore.SyncCloudToLocalDirectory(String directoryPath)+MoveNext()
   at MegaCrit.Sts2.Core.Saves.SaveManager.EnumerateCloudSyncTasks(CloudSaveStore cloudStore)+MoveNext()
   at MegaCrit.Sts2.Core.Saves.SaveManager.SyncCloudToLocal()
   at System.Runtime.CompilerServices.AsyncTaskMethodBuilder`1.AsyncStateMachineBox`1.ExecutionContextCallback(Object s)
   at System.Threading.ExecutionContext.RunInternal(ExecutionContext executionContext, ContextCallback callback, Object state)
   at System.Runtime.CompilerServices.AsyncTaskMethodBuilder`1.AsyncStateMachineBox`1.MoveNext(Thread threadPoolThread)
   at System.Runtime.CompilerServices.AsyncTaskMethodBuilder`1.AsyncStateMachineBox`1.MoveNext()
   at System.Threading.Tasks.AwaitTaskContinuation.RunOrScheduleAction(IAsyncStateMachineBox box, Boolean allowInlining)
   at System.Threading.Tasks.Task.RunContinuations(Object continuationObject)
   at System.Threading.Tasks.Task.TrySetResult()
   at System.Threading.Tasks.Task.WhenAllPromise.Invoke(Task completedTask)
   at System.Threading.Tasks.Task.RunContinuations(Object continuationObject)
   at System.Threading.Tasks.Task`1.TrySetResult(TResult result)
   at System.Runtime.CompilerServices.AsyncTaskMethodBuilder`1.SetExistingTaskResult(Task`1 task, TResult result)
   at System.Runtime.CompilerServices.AsyncTaskMethodBuilder.SetResult()
   at MegaCrit.Sts2.Core.Saves.CloudSaveStore.SyncCloudToLocal(String path)
   at System.Runtime.CompilerServices.AsyncTaskMethodBuilder`1.AsyncStateMachineBox`1.ExecutionContextCallback(Object s)
   at System.Threading.ExecutionContext.RunInternal(ExecutionContext executionContext, ContextCallback callback, Object state)
   at System.Runtime.CompilerServices.AsyncTaskMethodBuilder`1.AsyncStateMachineBox`1.MoveNext(Thread threadPoolThread)
   at System.Runtime.CompilerServices.AsyncTaskMethodBuilder`1.AsyncStateMachineBox`1.MoveNext()
   at System.Threading.Tasks.AwaitTaskContinuation.RunOrScheduleAction(IAsyncStateMachineBox box, Boolean allowInlining)
   at System.Threading.Tasks.Task.RunContinuations(Object continuationObject)
   at System.Threading.Tasks.Task`1.TrySetResult(TResult result)
   at System.Runtime.CompilerServices.AsyncTaskMethodBuilder`1.SetExistingTaskResult(Task`1 task, TResult result)
   at System.Runtime.CompilerServices.AsyncTaskMethodBuilder.SetResult()
   at MegaCrit.Sts2.Core.Saves.CloudSaveStore.SyncCloudToLocalInternal(String path)
   at System.Runtime.CompilerServices.AsyncTaskMethodBuilder`1.AsyncStateMachineBox`1.ExecutionContextCallback(Object s)
   at System.Threading.ExecutionContext.RunInternal(ExecutionContext executionContext, ContextCallback callback, Object state)
   at System.Runtime.CompilerServices.AsyncTaskMethodBuilder`1.AsyncStateMachineBox`1.MoveNext(Thread threadPoolThread)
   at System.Runtime.CompilerServices.AsyncTaskMethodBuilder`1.AsyncStateMachineBox`1.MoveNext()
   at System.Threading.Tasks.AwaitTaskContinuation.RunOrScheduleAction(IAsyncStateMachineBox box, Boolean allowInlining)
   at System.Threading.Tasks.Task.RunContinuations(Object continuationObject)
   at System.Threading.Tasks.Task`1.TrySetResult(TResult result)
   at System.Runtime.CompilerServices.AsyncTaskMethodBuilder`1.SetExistingTaskResult(Task`1 task, TResult result)
   at System.Runtime.CompilerServices.AsyncTaskMethodBuilder.SetResult()
   at MegaCrit.Sts2.Core.Saves.GodotFileIo.WriteFileAsync(String path, Byte[] bytes)
   at System.Runtime.CompilerServices.AsyncTaskMethodBuilder`1.AsyncStateMachineBox`1.ExecutionContextCallback(Object s)
   at System.Threading.ExecutionContext.RunInternal(ExecutionContext executionContext, ContextCallback callback, Object state)
   at System.Runtime.CompilerServices.AsyncTaskMethodBuilder`1.AsyncStateMachineBox`1.MoveNext(Thread threadPoolThread)
   at System.Runtime.CompilerServices.AsyncTaskMethodBuilder`1.AsyncStateMachineBox`1.MoveNext()
   at System.Threading.Tasks.AwaitTaskContinuation.RunOrScheduleAction(IAsyncStateMachineBox box, Boolean allowInlining)
   at System.Threading.Tasks.Task.RunContinuations(Object continuationObject)
   at System.Threading.Tasks.Task.ExecuteWithThreadLocal(Task& currentTaskSlot, Thread threadPoolThread)
   at System.Threading.ThreadPoolWorkQueue.Dispatch()
   at System.Threading.PortableThreadPool.WorkerThread.WorkerThreadStart()

[INFO] Deleting modded/profile1\saves\history/1779461917.run.backup because it does not exist on remote
[ERROR] Error deleting path modded/profile1\saves\history/1779461917.run.backup.backup: Failed
   at MegaCrit.Sts2.Core.Saves.GodotFileIo.DeleteFile(String path)
   at MegaCrit.Sts2.Core.Saves.CloudSaveStore.SyncCloudToLocalInternal(String path)
   at System.Runtime.CompilerServices.AsyncMethodBuilderCore.Start[TStateMachine](TStateMachine& stateMachine)
   at MegaCrit.Sts2.Core.Saves.CloudSaveStore.SyncCloudToLocalInternal(String path)
   at MegaCrit.Sts2.Core.Saves.CloudSaveStore.SyncCloudToLocal(String path)
   at System.Runtime.CompilerServices.AsyncMethodBuilderCore.Start[TStateMachine](TStateMachine& stateMachine)
   at MegaCrit.Sts2.Core.Saves.CloudSaveStore.SyncCloudToLocal(String path)
   at MegaCrit.Sts2.Core.Saves.CloudSaveStore.SyncCloudToLocalDirectory(String directoryPath)+MoveNext()
   at MegaCrit.Sts2.Core.Saves.SaveManager.EnumerateCloudSyncTasks(CloudSaveStore cloudStore)+MoveNext()
   at MegaCrit.Sts2.Core.Saves.SaveManager.SyncCloudToLocal()
   at System.Runtime.CompilerServices.AsyncTaskMethodBuilder`1.AsyncStateMachineBox`1.ExecutionContextCallback(Object s)
   at System.Threading.ExecutionContext.RunInternal(ExecutionContext executionContext, ContextCallback callback, Object state)
   at System.Runtime.CompilerServices.AsyncTaskMethodBuilder`1.AsyncStateMachineBox`1.MoveNext(Thread threadPoolThread)
   at System.Runtime.CompilerServices.AsyncTaskMethodBuilder`1.AsyncStateMachineBox`1.MoveNext()
   at System.Threading.Tasks.AwaitTaskContinuation.RunOrScheduleAction(IAsyncStateMachineBox box, Boolean allowInlining)
   at System.Threading.Tasks.Task.RunContinuations(Object continuationObject)
   at System.Threading.Tasks.Task.TrySetResult()
   at System.Threading.Tasks.Task.WhenAllPromise.Invoke(Task completedTask)
   at System.Threading.Tasks.Task.RunContinuations(Object continuationObject)
   at System.Threading.Tasks.Task`1.TrySetResult(TResult result)
   at System.Runtime.CompilerServices.AsyncTaskMethodBuilder`1.SetExistingTaskResult(Task`1 task, TResult result)
   at System.Runtime.CompilerServices.AsyncTaskMethodBuilder.SetResult()
   at MegaCrit.Sts2.Core.Saves.CloudSaveStore.SyncCloudToLocal(String path)
   at System.Runtime.CompilerServices.AsyncTaskMethodBuilder`1.AsyncStateMachineBox`1.ExecutionContextCallback(Object s)
   at System.Threading.ExecutionContext.RunInternal(ExecutionContext executionContext, ContextCallback callback, Object state)
   at System.Runtime.CompilerServices.AsyncTaskMethodBuilder`1.AsyncStateMachineBox`1.MoveNext(Thread threadPoolThread)
   at System.Runtime.CompilerServices.AsyncTaskMethodBuilder`1.AsyncStateMachineBox`1.MoveNext()
   at System.Threading.Tasks.AwaitTaskContinuation.RunOrScheduleAction(IAsyncStateMachineBox box, Boolean allowInlining)
   at System.Threading.Tasks.Task.RunContinuations(Object continuationObject)
   at System.Threading.Tasks.Task`1.TrySetResult(TResult result)
   at System.Runtime.CompilerServices.AsyncTaskMethodBuilder`1.SetExistingTaskResult(Task`1 task, TResult result)
   at System.Runtime.CompilerServices.AsyncTaskMethodBuilder.SetResult()
   at MegaCrit.Sts2.Core.Saves.CloudSaveStore.SyncCloudToLocalInternal(String path)
   at System.Runtime.CompilerServices.AsyncTaskMethodBuilder`1.AsyncStateMachineBox`1.ExecutionContextCallback(Object s)
   at System.Threading.ExecutionContext.RunInternal(ExecutionContext executionContext, ContextCallback callback, Object state)
   at System.Runtime.CompilerServices.AsyncTaskMethodBuilder`1.AsyncStateMachineBox`1.MoveNext(Thread threadPoolThread)
   at System.Runtime.CompilerServices.AsyncTaskMethodBuilder`1.AsyncStateMachineBox`1.MoveNext()
   at System.Threading.Tasks.AwaitTaskContinuation.RunOrScheduleAction(IAsyncStateMachineBox box, Boolean allowInlining)
   at System.Threading.Tasks.Task.RunContinuations(Object continuationObject)
   at System.Threading.Tasks.Task`1.TrySetResult(TResult result)
   at System.Runtime.CompilerServices.AsyncTaskMethodBuilder`1.SetExistingTaskResult(Task`1 task, TResult result)
   at System.Runtime.CompilerServices.AsyncTaskMethodBuilder.SetResult()
   at MegaCrit.Sts2.Core.Saves.GodotFileIo.WriteFileAsync(String path, Byte[] bytes)
   at System.Runtime.CompilerServices.AsyncTaskMethodBuilder`1.AsyncStateMachineBox`1.ExecutionContextCallback(Object s)
   at System.Threading.ExecutionContext.RunInternal(ExecutionContext executionContext, ContextCallback callback, Object state)
   at System.Runtime.CompilerServices.AsyncTaskMethodBuilder`1.AsyncStateMachineBox`1.MoveNext(Thread threadPoolThread)
   at System.Runtime.CompilerServices.AsyncTaskMethodBuilder`1.AsyncStateMachineBox`1.MoveNext()
   at System.Threading.Tasks.AwaitTaskContinuation.RunOrScheduleAction(IAsyncStateMachineBox box, Boolean allowInlining)
   at System.Threading.Tasks.Task.RunContinuations(Object continuationObject)
   at System.Threading.Tasks.Task.ExecuteWithThreadLocal(Task& currentTaskSlot, Thread threadPoolThread)
   at System.Threading.ThreadPoolWorkQueue.Dispatch()
   at System.Threading.PortableThreadPool.WorkerThread.WorkerThreadStart()

[INFO] Deleting modded/profile1\saves\history/1779466122.run.backup because it does not exist on remote
[ERROR] Error deleting path modded/profile1\saves\history/1779466122.run.backup.backup: Failed
   at MegaCrit.Sts2.Core.Saves.GodotFileIo.DeleteFile(String path)
   at MegaCrit.Sts2.Core.Saves.CloudSaveStore.SyncCloudToLocalInternal(String path)
   at System.Runtime.CompilerServices.AsyncMethodBuilderCore.Start[TStateMachine](TStateMachine& stateMachine)
   at MegaCrit.Sts2.Core.Saves.CloudSaveStore.SyncCloudToLocalInternal(String path)
   at MegaCrit.Sts2.Core.Saves.CloudSaveStore.SyncCloudToLocal(String path)
   at System.Runtime.CompilerServices.AsyncMethodBuilderCore.Start[TStateMachine](TStateMachine& stateMachine)
   at MegaCrit.Sts2.Core.Saves.CloudSaveStore.SyncCloudToLocal(String path)
   at MegaCrit.Sts2.Core.Saves.CloudSaveStore.SyncCloudToLocalDirectory(String directoryPath)+MoveNext()
   at MegaCrit.Sts2.Core.Saves.SaveManager.EnumerateCloudSyncTasks(CloudSaveStore cloudStore)+MoveNext()
   at MegaCrit.Sts2.Core.Saves.SaveManager.SyncCloudToLocal()
   at System.Runtime.CompilerServices.AsyncTaskMethodBuilder`1.AsyncStateMachineBox`1.ExecutionContextCallback(Object s)
   at System.Threading.ExecutionContext.RunInternal(ExecutionContext executionContext, ContextCallback callback, Object state)
   at System.Runtime.CompilerServices.AsyncTaskMethodBuilder`1.AsyncStateMachineBox`1.MoveNext(Thread threadPoolThread)
   at System.Runtime.CompilerServices.AsyncTaskMethodBuilder`1.AsyncStateMachineBox`1.MoveNext()
   at System.Threading.Tasks.AwaitTaskContinuation.RunOrScheduleAction(IAsyncStateMachineBox box, Boolean allowInlining)
   at System.Threading.Tasks.Task.RunContinuations(Object continuationObject)
   at System.Threading.Tasks.Task.TrySetResult()
   at System.Threading.Tasks.Task.WhenAllPromise.Invoke(Task completedTask)
   at System.Threading.Tasks.Task.RunContinuations(Object continuationObject)
   at System.Threading.Tasks.Task`1.TrySetResult(TResult result)
   at System.Runtime.CompilerServices.AsyncTaskMethodBuilder`1.SetExistingTaskResult(Task`1 task, TResult result)
   at System.Runtime.CompilerServices.AsyncTaskMethodBuilder.SetResult()
   at MegaCrit.Sts2.Core.Saves.CloudSaveStore.SyncCloudToLocal(String path)
   at System.Runtime.CompilerServices.AsyncTaskMethodBuilder`1.AsyncStateMachineBox`1.ExecutionContextCallback(Object s)
   at System.Threading.ExecutionContext.RunInternal(ExecutionContext executionContext, ContextCallback callback, Object state)
   at System.Runtime.CompilerServices.AsyncTaskMethodBuilder`1.AsyncStateMachineBox`1.MoveNext(Thread threadPoolThread)
   at System.Runtime.CompilerServices.AsyncTaskMethodBuilder`1.AsyncStateMachineBox`1.MoveNext()
   at System.Threading.Tasks.AwaitTaskContinuation.RunOrScheduleAction(IAsyncStateMachineBox box, Boolean allowInlining)
   at System.Threading.Tasks.Task.RunContinuations(Object continuationObject)
   at System.Threading.Tasks.Task`1.TrySetResult(TResult result)
   at System.Runtime.CompilerServices.AsyncTaskMethodBuilder`1.SetExistingTaskResult(Task`1 task, TResult result)
   at System.Runtime.CompilerServices.AsyncTaskMethodBuilder.SetResult()
   at MegaCrit.Sts2.Core.Saves.CloudSaveStore.SyncCloudToLocalInternal(String path)
   at System.Runtime.CompilerServices.AsyncTaskMethodBuilder`1.AsyncStateMachineBox`1.ExecutionContextCallback(Object s)
   at System.Threading.ExecutionContext.RunInternal(ExecutionContext executionContext, ContextCallback callback, Object state)
   at System.Runtime.CompilerServices.AsyncTaskMethodBuilder`1.AsyncStateMachineBox`1.MoveNext(Thread threadPoolThread)
   at System.Runtime.CompilerServices.AsyncTaskMethodBuilder`1.AsyncStateMachineBox`1.MoveNext()
   at System.Threading.Tasks.AwaitTaskContinuation.RunOrScheduleAction(IAsyncStateMachineBox box, Boolean allowInlining)
   at System.Threading.Tasks.Task.RunContinuations(Object continuationObject)
   at System.Threading.Tasks.Task`1.TrySetResult(TResult result)
   at System.Runtime.CompilerServices.AsyncTaskMethodBuilder`1.SetExistingTaskResult(Task`1 task, TResult result)
   at System.Runtime.CompilerServices.AsyncTaskMethodBuilder.SetResult()
   at MegaCrit.Sts2.Core.Saves.GodotFileIo.WriteFileAsync(String path, Byte[] bytes)
   at System.Runtime.CompilerServices.AsyncTaskMethodBuilder`1.AsyncStateMachineBox`1.ExecutionContextCallback(Object s)
   at System.Threading.ExecutionContext.RunInternal(ExecutionContext executionContext, ContextCallback callback, Object state)
   at System.Runtime.CompilerServices.AsyncTaskMethodBuilder`1.AsyncStateMachineBox`1.MoveNext(Thread threadPoolThread)
   at System.Runtime.CompilerServices.AsyncTaskMethodBuilder`1.AsyncStateMachineBox`1.MoveNext()
   at System.Threading.Tasks.AwaitTaskContinuation.RunOrScheduleAction(IAsyncStateMachineBox box, Boolean allowInlining)
   at System.Threading.Tasks.Task.RunContinuations(Object continuationObject)
   at System.Threading.Tasks.Task.ExecuteWithThreadLocal(Task& currentTaskSlot, Thread threadPoolThread)
   at System.Threading.ThreadPoolWorkQueue.Dispatch()
   at System.Threading.PortableThreadPool.WorkerThread.WorkerThreadStart()

[INFO] Deleting modded/profile1\saves\history/1779502160.run.backup because it does not exist on remote
[ERROR] Error deleting path modded/profile1\saves\history/1779502160.run.backup.backup: Failed
   at MegaCrit.Sts2.Core.Saves.GodotFileIo.DeleteFile(String path)
   at MegaCrit.Sts2.Core.Saves.CloudSaveStore.SyncCloudToLocalInternal(String path)
   at System.Runtime.CompilerServices.AsyncMethodBuilderCore.Start[TStateMachine](TStateMachine& stateMachine)
   at MegaCrit.Sts2.Core.Saves.CloudSaveStore.SyncCloudToLocalInternal(String path)
   at MegaCrit.Sts2.Core.Saves.CloudSaveStore.SyncCloudToLocal(String path)
   at System.Runtime.CompilerServices.AsyncMethodBuilderCore.Start[TStateMachine](TStateMachine& stateMachine)
   at MegaCrit.Sts2.Core.Saves.CloudSaveStore.SyncCloudToLocal(String path)
   at MegaCrit.Sts2.Core.Saves.CloudSaveStore.SyncCloudToLocalDirectory(String directoryPath)+MoveNext()
   at MegaCrit.Sts2.Core.Saves.SaveManager.EnumerateCloudSyncTasks(CloudSaveStore cloudStore)+MoveNext()
   at MegaCrit.Sts2.Core.Saves.SaveManager.SyncCloudToLocal()
   at System.Runtime.CompilerServices.AsyncTaskMethodBuilder`1.AsyncStateMachineBox`1.ExecutionContextCallback(Object s)
   at System.Threading.ExecutionContext.RunInternal(ExecutionContext executionContext, ContextCallback callback, Object state)
   at System.Runtime.CompilerServices.AsyncTaskMethodBuilder`1.AsyncStateMachineBox`1.MoveNext(Thread threadPoolThread)
   at System.Runtime.CompilerServices.AsyncTaskMethodBuilder`1.AsyncStateMachineBox`1.MoveNext()
   at System.Threading.Tasks.AwaitTaskContinuation.RunOrScheduleAction(IAsyncStateMachineBox box, Boolean allowInlining)
   at System.Threading.Tasks.Task.RunContinuations(Object continuationObject)
   at System.Threading.Tasks.Task.TrySetResult()
   at System.Threading.Tasks.Task.WhenAllPromise.Invoke(Task completedTask)
   at System.Threading.Tasks.Task.RunContinuations(Object continuationObject)
   at System.Threading.Tasks.Task`1.TrySetResult(TResult result)
   at System.Runtime.CompilerServices.AsyncTaskMethodBuilder`1.SetExistingTaskResult(Task`1 task, TResult result)
   at System.Runtime.CompilerServices.AsyncTaskMethodBuilder.SetResult()
   at MegaCrit.Sts2.Core.Saves.CloudSaveStore.SyncCloudToLocal(String path)
   at System.Runtime.CompilerServices.AsyncTaskMethodBuilder`1.AsyncStateMachineBox`1.ExecutionContextCallback(Object s)
   at System.Threading.ExecutionContext.RunInternal(ExecutionContext executionContext, ContextCallback callback, Object state)
   at System.Runtime.CompilerServices.AsyncTaskMethodBuilder`1.AsyncStateMachineBox`1.MoveNext(Thread threadPoolThread)
   at System.Runtime.CompilerServices.AsyncTaskMethodBuilder`1.AsyncStateMachineBox`1.MoveNext()
   at System.Threading.Tasks.AwaitTaskContinuation.RunOrScheduleAction(IAsyncStateMachineBox box, Boolean allowInlining)
   at System.Threading.Tasks.Task.RunContinuations(Object continuationObject)
   at System.Threading.Tasks.Task`1.TrySetResult(TResult result)
   at System.Runtime.CompilerServices.AsyncTaskMethodBuilder`1.SetExistingTaskResult(Task`1 task, TResult result)
   at System.Runtime.CompilerServices.AsyncTaskMethodBuilder.SetResult()
   at MegaCrit.Sts2.Core.Saves.CloudSaveStore.SyncCloudToLocalInternal(String path)
   at System.Runtime.CompilerServices.AsyncTaskMethodBuilder`1.AsyncStateMachineBox`1.ExecutionContextCallback(Object s)
   at System.Threading.ExecutionContext.RunInternal(ExecutionContext executionContext, ContextCallback callback, Object state)
   at System.Runtime.CompilerServices.AsyncTaskMethodBuilder`1.AsyncStateMachineBox`1.MoveNext(Thread threadPoolThread)
   at System.Runtime.CompilerServices.AsyncTaskMethodBuilder`1.AsyncStateMachineBox`1.MoveNext()
   at System.Threading.Tasks.AwaitTaskContinuation.RunOrScheduleAction(IAsyncStateMachineBox box, Boolean allowInlining)
   at System.Threading.Tasks.Task.RunContinuations(Object continuationObject)
   at System.Threading.Tasks.Task`1.TrySetResult(TResult result)
   at System.Runtime.CompilerServices.AsyncTaskMethodBuilder`1.SetExistingTaskResult(Task`1 task, TResult result)
   at System.Runtime.CompilerServices.AsyncTaskMethodBuilder.SetResult()
   at MegaCrit.Sts2.Core.Saves.GodotFileIo.WriteFileAsync(String path, Byte[] bytes)
   at System.Runtime.CompilerServices.AsyncTaskMethodBuilder`1.AsyncStateMachineBox`1.ExecutionContextCallback(Object s)
   at System.Threading.ExecutionContext.RunInternal(ExecutionContext executionContext, ContextCallback callback, Object state)
   at System.Runtime.CompilerServices.AsyncTaskMethodBuilder`1.AsyncStateMachineBox`1.MoveNext(Thread threadPoolThread)
   at System.Runtime.CompilerServices.AsyncTaskMethodBuilder`1.AsyncStateMachineBox`1.MoveNext()
   at System.Threading.Tasks.AwaitTaskContinuation.RunOrScheduleAction(IAsyncStateMachineBox box, Boolean allowInlining)
   at System.Threading.Tasks.Task.RunContinuations(Object continuationObject)
   at System.Threading.Tasks.Task.ExecuteWithThreadLocal(Task& currentTaskSlot, Thread threadPoolThread)
   at System.Threading.ThreadPoolWorkQueue.Dispatch()
   at System.Threading.PortableThreadPool.WorkerThread.WorkerThreadStart()

[INFO] Deleting modded/profile1\saves\history/1779523902.run.backup because it does not exist on remote
[ERROR] Error deleting path modded/profile1\saves\history/1779523902.run.backup.backup: Failed
   at MegaCrit.Sts2.Core.Saves.GodotFileIo.DeleteFile(String path)
   at MegaCrit.Sts2.Core.Saves.CloudSaveStore.SyncCloudToLocalInternal(String path)
   at System.Runtime.CompilerServices.AsyncMethodBuilderCore.Start[TStateMachine](TStateMachine& stateMachine)
   at MegaCrit.Sts2.Core.Saves.CloudSaveStore.SyncCloudToLocalInternal(String path)
   at MegaCrit.Sts2.Core.Saves.CloudSaveStore.SyncCloudToLocal(String path)
   at System.Runtime.CompilerServices.AsyncMethodBuilderCore.Start[TStateMachine](TStateMachine& stateMachine)
   at MegaCrit.Sts2.Core.Saves.CloudSaveStore.SyncCloudToLocal(String path)
   at MegaCrit.Sts2.Core.Saves.CloudSaveStore.SyncCloudToLocalDirectory(String directoryPath)+MoveNext()
   at MegaCrit.Sts2.Core.Saves.SaveManager.EnumerateCloudSyncTasks(CloudSaveStore cloudStore)+MoveNext()
   at MegaCrit.Sts2.Core.Saves.SaveManager.SyncCloudToLocal()
   at System.Runtime.CompilerServices.AsyncTaskMethodBuilder`1.AsyncStateMachineBox`1.ExecutionContextCallback(Object s)
   at System.Threading.ExecutionContext.RunInternal(ExecutionContext executionContext, ContextCallback callback, Object state)
   at System.Runtime.CompilerServices.AsyncTaskMethodBuilder`1.AsyncStateMachineBox`1.MoveNext(Thread threadPoolThread)
   at System.Runtime.CompilerServices.AsyncTaskMethodBuilder`1.AsyncStateMachineBox`1.MoveNext()
   at System.Threading.Tasks.AwaitTaskContinuation.RunOrScheduleAction(IAsyncStateMachineBox box, Boolean allowInlining)
   at System.Threading.Tasks.Task.RunContinuations(Object continuationObject)
   at System.Threading.Tasks.Task.TrySetResult()
   at System.Threading.Tasks.Task.WhenAllPromise.Invoke(Task completedTask)
   at System.Threading.Tasks.Task.RunContinuations(Object continuationObject)
   at System.Threading.Tasks.Task`1.TrySetResult(TResult result)
   at System.Runtime.CompilerServices.AsyncTaskMethodBuilder`1.SetExistingTaskResult(Task`1 task, TResult result)
   at System.Runtime.CompilerServices.AsyncTaskMethodBuilder.SetResult()
   at MegaCrit.Sts2.Core.Saves.CloudSaveStore.SyncCloudToLocal(String path)
   at System.Runtime.CompilerServices.AsyncTaskMethodBuilder`1.AsyncStateMachineBox`1.ExecutionContextCallback(Object s)
   at System.Threading.ExecutionContext.RunInternal(ExecutionContext executionContext, ContextCallback callback, Object state)
   at System.Runtime.CompilerServices.AsyncTaskMethodBuilder`1.AsyncStateMachineBox`1.MoveNext(Thread threadPoolThread)
   at System.Runtime.CompilerServices.AsyncTaskMethodBuilder`1.AsyncStateMachineBox`1.MoveNext()
   at System.Threading.Tasks.AwaitTaskContinuation.RunOrScheduleAction(IAsyncStateMachineBox box, Boolean allowInlining)
   at System.Threading.Tasks.Task.RunContinuations(Object continuationObject)
   at System.Threading.Tasks.Task`1.TrySetResult(TResult result)
   at System.Runtime.CompilerServices.AsyncTaskMethodBuilder`1.SetExistingTaskResult(Task`1 task, TResult result)
   at System.Runtime.CompilerServices.AsyncTaskMethodBuilder.SetResult()
   at MegaCrit.Sts2.Core.Saves.CloudSaveStore.SyncCloudToLocalInternal(String path)
   at System.Runtime.CompilerServices.AsyncTaskMethodBuilder`1.AsyncStateMachineBox`1.ExecutionContextCallback(Object s)
   at System.Threading.ExecutionContext.RunInternal(ExecutionContext executionContext, ContextCallback callback, Object state)
   at System.Runtime.CompilerServices.AsyncTaskMethodBuilder`1.AsyncStateMachineBox`1.MoveNext(Thread threadPoolThread)
   at System.Runtime.CompilerServices.AsyncTaskMethodBuilder`1.AsyncStateMachineBox`1.MoveNext()
   at System.Threading.Tasks.AwaitTaskContinuation.RunOrScheduleAction(IAsyncStateMachineBox box, Boolean allowInlining)
   at System.Threading.Tasks.Task.RunContinuations(Object continuationObject)
   at System.Threading.Tasks.Task`1.TrySetResult(TResult result)
   at System.Runtime.CompilerServices.AsyncTaskMethodBuilder`1.SetExistingTaskResult(Task`1 task, TResult result)
   at System.Runtime.CompilerServices.AsyncTaskMethodBuilder.SetResult()
   at MegaCrit.Sts2.Core.Saves.GodotFileIo.WriteFileAsync(String path, Byte[] bytes)
   at System.Runtime.CompilerServices.AsyncTaskMethodBuilder`1.AsyncStateMachineBox`1.ExecutionContextCallback(Object s)
   at System.Threading.ExecutionContext.RunInternal(ExecutionContext executionContext, ContextCallback callback, Object state)
   at System.Runtime.CompilerServices.AsyncTaskMethodBuilder`1.AsyncStateMachineBox`1.MoveNext(Thread threadPoolThread)
   at System.Runtime.CompilerServices.AsyncTaskMethodBuilder`1.AsyncStateMachineBox`1.MoveNext()
   at System.Threading.Tasks.AwaitTaskContinuation.RunOrScheduleAction(IAsyncStateMachineBox box, Boolean allowInlining)
   at System.Threading.Tasks.Task.RunContinuations(Object continuationObject)
   at System.Threading.Tasks.Task.ExecuteWithThreadLocal(Task& currentTaskSlot, Thread threadPoolThread)
   at System.Threading.ThreadPoolWorkQueue.Dispatch()
   at System.Threading.PortableThreadPool.WorkerThread.WorkerThreadStart()

[INFO] Deleting modded/profile1\saves\history/1779535078.run.backup because it does not exist on remote
[ERROR] Error deleting path modded/profile1\saves\history/1779535078.run.backup.backup: Failed
   at MegaCrit.Sts2.Core.Saves.GodotFileIo.DeleteFile(String path)
   at MegaCrit.Sts2.Core.Saves.CloudSaveStore.SyncCloudToLocalInternal(String path)
   at System.Runtime.CompilerServices.AsyncMethodBuilderCore.Start[TStateMachine](TStateMachine& stateMachine)
   at MegaCrit.Sts2.Core.Saves.CloudSaveStore.SyncCloudToLocalInternal(String path)
   at MegaCrit.Sts2.Core.Saves.CloudSaveStore.SyncCloudToLocal(String path)
   at System.Runtime.CompilerServices.AsyncMethodBuilderCore.Start[TStateMachine](TStateMachine& stateMachine)
   at MegaCrit.Sts2.Core.Saves.CloudSaveStore.SyncCloudToLocal(String path)
   at MegaCrit.Sts2.Core.Saves.CloudSaveStore.SyncCloudToLocalDirectory(String directoryPath)+MoveNext()
   at MegaCrit.Sts2.Core.Saves.SaveManager.EnumerateCloudSyncTasks(CloudSaveStore cloudStore)+MoveNext()
   at MegaCrit.Sts2.Core.Saves.SaveManager.SyncCloudToLocal()
   at System.Runtime.CompilerServices.AsyncTaskMethodBuilder`1.AsyncStateMachineBox`1.ExecutionContextCallback(Object s)
   at System.Threading.ExecutionContext.RunInternal(ExecutionContext executionContext, ContextCallback callback, Object state)
   at System.Runtime.CompilerServices.AsyncTaskMethodBuilder`1.AsyncStateMachineBox`1.MoveNext(Thread threadPoolThread)
   at System.Runtime.CompilerServices.AsyncTaskMethodBuilder`1.AsyncStateMachineBox`1.MoveNext()
   at System.Threading.Tasks.AwaitTaskContinuation.RunOrScheduleAction(IAsyncStateMachineBox box, Boolean allowInlining)
   at System.Threading.Tasks.Task.RunContinuations(Object continuationObject)
   at System.Threading.Tasks.Task.TrySetResult()
   at System.Threading.Tasks.Task.WhenAllPromise.Invoke(Task completedTask)
   at System.Threading.Tasks.Task.RunContinuations(Object continuationObject)
   at System.Threading.Tasks.Task`1.TrySetResult(TResult result)
   at System.Runtime.CompilerServices.AsyncTaskMethodBuilder`1.SetExistingTaskResult(Task`1 task, TResult result)
   at System.Runtime.CompilerServices.AsyncTaskMethodBuilder.SetResult()
   at MegaCrit.Sts2.Core.Saves.CloudSaveStore.SyncCloudToLocal(String path)
   at System.Runtime.CompilerServices.AsyncTaskMethodBuilder`1.AsyncStateMachineBox`1.ExecutionContextCallback(Object s)
   at System.Threading.ExecutionContext.RunInternal(ExecutionContext executionContext, ContextCallback callback, Object state)
   at System.Runtime.CompilerServices.AsyncTaskMethodBuilder`1.AsyncStateMachineBox`1.MoveNext(Thread threadPoolThread)
   at System.Runtime.CompilerServices.AsyncTaskMethodBuilder`1.AsyncStateMachineBox`1.MoveNext()
   at System.Threading.Tasks.AwaitTaskContinuation.RunOrScheduleAction(IAsyncStateMachineBox box, Boolean allowInlining)
   at System.Threading.Tasks.Task.RunContinuations(Object continuationObject)
   at System.Threading.Tasks.Task`1.TrySetResult(TResult result)
   at System.Runtime.CompilerServices.AsyncTaskMethodBuilder`1.SetExistingTaskResult(Task`1 task, TResult result)
   at System.Runtime.CompilerServices.AsyncTaskMethodBuilder.SetResult()
   at MegaCrit.Sts2.Core.Saves.CloudSaveStore.SyncCloudToLocalInternal(String path)
   at System.Runtime.CompilerServices.AsyncTaskMethodBuilder`1.AsyncStateMachineBox`1.ExecutionContextCallback(Object s)
   at System.Threading.ExecutionContext.RunInternal(ExecutionContext executionContext, ContextCallback callback, Object state)
   at System.Runtime.CompilerServices.AsyncTaskMethodBuilder`1.AsyncStateMachineBox`1.MoveNext(Thread threadPoolThread)
   at System.Runtime.CompilerServices.AsyncTaskMethodBuilder`1.AsyncStateMachineBox`1.MoveNext()
   at System.Threading.Tasks.AwaitTaskContinuation.RunOrScheduleAction(IAsyncStateMachineBox box, Boolean allowInlining)
   at System.Threading.Tasks.Task.RunContinuations(Object continuationObject)
   at System.Threading.Tasks.Task`1.TrySetResult(TResult result)
   at System.Runtime.CompilerServices.AsyncTaskMethodBuilder`1.SetExistingTaskResult(Task`1 task, TResult result)
   at System.Runtime.CompilerServices.AsyncTaskMethodBuilder.SetResult()
   at MegaCrit.Sts2.Core.Saves.GodotFileIo.WriteFileAsync(String path, Byte[] bytes)
   at System.Runtime.CompilerServices.AsyncTaskMethodBuilder`1.AsyncStateMachineBox`1.ExecutionContextCallback(Object s)
   at System.Threading.ExecutionContext.RunInternal(ExecutionContext executionContext, ContextCallback callback, Object state)
   at System.Runtime.CompilerServices.AsyncTaskMethodBuilder`1.AsyncStateMachineBox`1.MoveNext(Thread threadPoolThread)
   at System.Runtime.CompilerServices.AsyncTaskMethodBuilder`1.AsyncStateMachineBox`1.MoveNext()
   at System.Threading.Tasks.AwaitTaskContinuation.RunOrScheduleAction(IAsyncStateMachineBox box, Boolean allowInlining)
   at System.Threading.Tasks.Task.RunContinuations(Object continuationObject)
   at System.Threading.Tasks.Task.ExecuteWithThreadLocal(Task& currentTaskSlot, Thread threadPoolThread)
   at System.Threading.ThreadPoolWorkQueue.Dispatch()
   at System.Threading.PortableThreadPool.WorkerThread.WorkerThreadStart()

[INFO] Deleting modded/profile1\saves\history/1779547693.run.backup because it does not exist on remote
[ERROR] Error deleting path modded/profile1\saves\history/1779547693.run.backup.backup: Failed
   at MegaCrit.Sts2.Core.Saves.GodotFileIo.DeleteFile(String path)
   at MegaCrit.Sts2.Core.Saves.CloudSaveStore.SyncCloudToLocalInternal(String path)
   at System.Runtime.CompilerServices.AsyncMethodBuilderCore.Start[TStateMachine](TStateMachine& stateMachine)
   at MegaCrit.Sts2.Core.Saves.CloudSaveStore.SyncCloudToLocalInternal(String path)
   at MegaCrit.Sts2.Core.Saves.CloudSaveStore.SyncCloudToLocal(String path)
   at System.Runtime.CompilerServices.AsyncMethodBuilderCore.Start[TStateMachine](TStateMachine& stateMachine)
   at MegaCrit.Sts2.Core.Saves.CloudSaveStore.SyncCloudToLocal(String path)
   at MegaCrit.Sts2.Core.Saves.CloudSaveStore.SyncCloudToLocalDirectory(String directoryPath)+MoveNext()
   at MegaCrit.Sts2.Core.Saves.SaveManager.EnumerateCloudSyncTasks(CloudSaveStore cloudStore)+MoveNext()
   at MegaCrit.Sts2.Core.Saves.SaveManager.SyncCloudToLocal()
   at System.Runtime.CompilerServices.AsyncTaskMethodBuilder`1.AsyncStateMachineBox`1.ExecutionContextCallback(Object s)
   at System.Threading.ExecutionContext.RunInternal(ExecutionContext executionContext, ContextCallback callback, Object state)
   at System.Runtime.CompilerServices.AsyncTaskMethodBuilder`1.AsyncStateMachineBox`1.MoveNext(Thread threadPoolThread)
   at System.Runtime.CompilerServices.AsyncTaskMethodBuilder`1.AsyncStateMachineBox`1.MoveNext()
   at System.Threading.Tasks.AwaitTaskContinuation.RunOrScheduleAction(IAsyncStateMachineBox box, Boolean allowInlining)
   at System.Threading.Tasks.Task.RunContinuations(Object continuationObject)
   at System.Threading.Tasks.Task.TrySetResult()
   at System.Threading.Tasks.Task.WhenAllPromise.Invoke(Task completedTask)
   at System.Threading.Tasks.Task.RunContinuations(Object continuationObject)
   at System.Threading.Tasks.Task`1.TrySetResult(TResult result)
   at System.Runtime.CompilerServices.AsyncTaskMethodBuilder`1.SetExistingTaskResult(Task`1 task, TResult result)
   at System.Runtime.CompilerServices.AsyncTaskMethodBuilder.SetResult()
   at MegaCrit.Sts2.Core.Saves.CloudSaveStore.SyncCloudToLocal(String path)
   at System.Runtime.CompilerServices.AsyncTaskMethodBuilder`1.AsyncStateMachineBox`1.ExecutionContextCallback(Object s)
   at System.Threading.ExecutionContext.RunInternal(ExecutionContext executionContext, ContextCallback callback, Object state)
   at System.Runtime.CompilerServices.AsyncTaskMethodBuilder`1.AsyncStateMachineBox`1.MoveNext(Thread threadPoolThread)
   at System.Runtime.CompilerServices.AsyncTaskMethodBuilder`1.AsyncStateMachineBox`1.MoveNext()
   at System.Threading.Tasks.AwaitTaskContinuation.RunOrScheduleAction(IAsyncStateMachineBox box, Boolean allowInlining)
   at System.Threading.Tasks.Task.RunContinuations(Object continuationObject)
   at System.Threading.Tasks.Task`1.TrySetResult(TResult result)
   at System.Runtime.CompilerServices.AsyncTaskMethodBuilder`1.SetExistingTaskResult(Task`1 task, TResult result)
   at System.Runtime.CompilerServices.AsyncTaskMethodBuilder.SetResult()
   at MegaCrit.Sts2.Core.Saves.CloudSaveStore.SyncCloudToLocalInternal(String path)
   at System.Runtime.CompilerServices.AsyncTaskMethodBuilder`1.AsyncStateMachineBox`1.ExecutionContextCallback(Object s)
   at System.Threading.ExecutionContext.RunInternal(ExecutionContext executionContext, ContextCallback callback, Object state)
   at System.Runtime.CompilerServices.AsyncTaskMethodBuilder`1.AsyncStateMachineBox`1.MoveNext(Thread threadPoolThread)
   at System.Runtime.CompilerServices.AsyncTaskMethodBuilder`1.AsyncStateMachineBox`1.MoveNext()
   at System.Threading.Tasks.AwaitTaskContinuation.RunOrScheduleAction(IAsyncStateMachineBox box, Boolean allowInlining)
   at System.Threading.Tasks.Task.RunContinuations(Object continuationObject)
   at System.Threading.Tasks.Task`1.TrySetResult(TResult result)
   at System.Runtime.CompilerServices.AsyncTaskMethodBuilder`1.SetExistingTaskResult(Task`1 task, TResult result)
   at System.Runtime.CompilerServices.AsyncTaskMethodBuilder.SetResult()
   at MegaCrit.Sts2.Core.Saves.GodotFileIo.WriteFileAsync(String path, Byte[] bytes)
   at System.Runtime.CompilerServices.AsyncTaskMethodBuilder`1.AsyncStateMachineBox`1.ExecutionContextCallback(Object s)
   at System.Threading.ExecutionContext.RunInternal(ExecutionContext executionContext, ContextCallback callback, Object state)
   at System.Runtime.CompilerServices.AsyncTaskMethodBuilder`1.AsyncStateMachineBox`1.MoveNext(Thread threadPoolThread)
   at System.Runtime.CompilerServices.AsyncTaskMethodBuilder`1.AsyncStateMachineBox`1.MoveNext()
   at System.Threading.Tasks.AwaitTaskContinuation.RunOrScheduleAction(IAsyncStateMachineBox box, Boolean allowInlining)
   at System.Threading.Tasks.Task.RunContinuations(Object continuationObject)
   at System.Threading.Tasks.Task.ExecuteWithThreadLocal(Task& currentTaskSlot, Thread threadPoolThread)
   at System.Threading.ThreadPoolWorkQueue.Dispatch()
   at System.Threading.PortableThreadPool.WorkerThread.WorkerThreadStart()

[INFO] Deleting modded/profile1\saves\history/1779588905.run.backup because it does not exist on remote
[ERROR] Error deleting path modded/profile1\saves\history/1779588905.run.backup.backup: Failed
   at MegaCrit.Sts2.Core.Saves.GodotFileIo.DeleteFile(String path)
   at MegaCrit.Sts2.Core.Saves.CloudSaveStore.SyncCloudToLocalInternal(String path)
   at System.Runtime.CompilerServices.AsyncMethodBuilderCore.Start[TStateMachine](TStateMachine& stateMachine)
   at MegaCrit.Sts2.Core.Saves.CloudSaveStore.SyncCloudToLocalInternal(String path)
   at MegaCrit.Sts2.Core.Saves.CloudSaveStore.SyncCloudToLocal(String path)
   at System.Runtime.CompilerServices.AsyncMethodBuilderCore.Start[TStateMachine](TStateMachine& stateMachine)
   at MegaCrit.Sts2.Core.Saves.CloudSaveStore.SyncCloudToLocal(String path)
   at MegaCrit.Sts2.Core.Saves.CloudSaveStore.SyncCloudToLocalDirectory(String directoryPath)+MoveNext()
   at MegaCrit.Sts2.Core.Saves.SaveManager.EnumerateCloudSyncTasks(CloudSaveStore cloudStore)+MoveNext()
   at MegaCrit.Sts2.Core.Saves.SaveManager.SyncCloudToLocal()
   at System.Runtime.CompilerServices.AsyncTaskMethodBuilder`1.AsyncStateMachineBox`1.ExecutionContextCallback(Object s)
   at System.Threading.ExecutionContext.RunInternal(ExecutionContext executionContext, ContextCallback callback, Object state)
   at System.Runtime.CompilerServices.AsyncTaskMethodBuilder`1.AsyncStateMachineBox`1.MoveNext(Thread threadPoolThread)
   at System.Runtime.CompilerServices.AsyncTaskMethodBuilder`1.AsyncStateMachineBox`1.MoveNext()
   at System.Threading.Tasks.AwaitTaskContinuation.RunOrScheduleAction(IAsyncStateMachineBox box, Boolean allowInlining)
   at System.Threading.Tasks.Task.RunContinuations(Object continuationObject)
   at System.Threading.Tasks.Task.TrySetResult()
   at System.Threading.Tasks.Task.WhenAllPromise.Invoke(Task completedTask)
   at System.Threading.Tasks.Task.RunContinuations(Object continuationObject)
   at System.Threading.Tasks.Task`1.TrySetResult(TResult result)
   at System.Runtime.CompilerServices.AsyncTaskMethodBuilder`1.SetExistingTaskResult(Task`1 task, TResult result)
   at System.Runtime.CompilerServices.AsyncTaskMethodBuilder.SetResult()
   at MegaCrit.Sts2.Core.Saves.CloudSaveStore.SyncCloudToLocal(String path)
   at System.Runtime.CompilerServices.AsyncTaskMethodBuilder`1.AsyncStateMachineBox`1.ExecutionContextCallback(Object s)
   at System.Threading.ExecutionContext.RunInternal(ExecutionContext executionContext, ContextCallback callback, Object state)
   at System.Runtime.CompilerServices.AsyncTaskMethodBuilder`1.AsyncStateMachineBox`1.MoveNext(Thread threadPoolThread)
   at System.Runtime.CompilerServices.AsyncTaskMethodBuilder`1.AsyncStateMachineBox`1.MoveNext()
   at System.Threading.Tasks.AwaitTaskContinuation.RunOrScheduleAction(IAsyncStateMachineBox box, Boolean allowInlining)
   at System.Threading.Tasks.Task.RunContinuations(Object continuationObject)
   at System.Threading.Tasks.Task`1.TrySetResult(TResult result)
   at System.Runtime.CompilerServices.AsyncTaskMethodBuilder`1.SetExistingTaskResult(Task`1 task, TResult result)
   at System.Runtime.CompilerServices.AsyncTaskMethodBuilder.SetResult()
   at MegaCrit.Sts2.Core.Saves.CloudSaveStore.SyncCloudToLocalInternal(String path)
   at System.Runtime.CompilerServices.AsyncTaskMethodBuilder`1.AsyncStateMachineBox`1.ExecutionContextCallback(Object s)
   at System.Threading.ExecutionContext.RunInternal(ExecutionContext executionContext, ContextCallback callback, Object state)
   at System.Runtime.CompilerServices.AsyncTaskMethodBuilder`1.AsyncStateMachineBox`1.MoveNext(Thread threadPoolThread)
   at System.Runtime.CompilerServices.AsyncTaskMethodBuilder`1.AsyncStateMachineBox`1.MoveNext()
   at System.Threading.Tasks.AwaitTaskContinuation.RunOrScheduleAction(IAsyncStateMachineBox box, Boolean allowInlining)
   at System.Threading.Tasks.Task.RunContinuations(Object continuationObject)
   at System.Threading.Tasks.Task`1.TrySetResult(TResult result)
   at System.Runtime.CompilerServices.AsyncTaskMethodBuilder`1.SetExistingTaskResult(Task`1 task, TResult result)
   at System.Runtime.CompilerServices.AsyncTaskMethodBuilder.SetResult()
   at MegaCrit.Sts2.Core.Saves.GodotFileIo.WriteFileAsync(String path, Byte[] bytes)
   at System.Runtime.CompilerServices.AsyncTaskMethodBuilder`1.AsyncStateMachineBox`1.ExecutionContextCallback(Object s)
   at System.Threading.ExecutionContext.RunInternal(ExecutionContext executionContext, ContextCallback callback, Object state)
   at System.Runtime.CompilerServices.AsyncTaskMethodBuilder`1.AsyncStateMachineBox`1.MoveNext(Thread threadPoolThread)
   at System.Runtime.CompilerServices.AsyncTaskMethodBuilder`1.AsyncStateMachineBox`1.MoveNext()
   at System.Threading.Tasks.AwaitTaskContinuation.RunOrScheduleAction(IAsyncStateMachineBox box, Boolean allowInlining)
   at System.Threading.Tasks.Task.RunContinuations(Object continuationObject)
   at System.Threading.Tasks.Task.ExecuteWithThreadLocal(Task& currentTaskSlot, Thread threadPoolThread)
   at System.Threading.ThreadPoolWorkQueue.Dispatch()
   at System.Threading.PortableThreadPool.WorkerThread.WorkerThreadStart()

[INFO] Deleting modded/profile1\saves\history/1779608995.run.backup because it does not exist on remote
[ERROR] Error deleting path modded/profile1\saves\history/1779608995.run.backup.backup: Failed
   at MegaCrit.Sts2.Core.Saves.GodotFileIo.DeleteFile(String path)
   at MegaCrit.Sts2.Core.Saves.CloudSaveStore.SyncCloudToLocalInternal(String path)
   at System.Runtime.CompilerServices.AsyncMethodBuilderCore.Start[TStateMachine](TStateMachine& stateMachine)
   at MegaCrit.Sts2.Core.Saves.CloudSaveStore.SyncCloudToLocalInternal(String path)
   at MegaCrit.Sts2.Core.Saves.CloudSaveStore.SyncCloudToLocal(String path)
   at System.Runtime.CompilerServices.AsyncMethodBuilderCore.Start[TStateMachine](TStateMachine& stateMachine)
   at MegaCrit.Sts2.Core.Saves.CloudSaveStore.SyncCloudToLocal(String path)
   at MegaCrit.Sts2.Core.Saves.CloudSaveStore.SyncCloudToLocalDirectory(String directoryPath)+MoveNext()
   at MegaCrit.Sts2.Core.Saves.SaveManager.EnumerateCloudSyncTasks(CloudSaveStore cloudStore)+MoveNext()
   at MegaCrit.Sts2.Core.Saves.SaveManager.SyncCloudToLocal()
   at System.Runtime.CompilerServices.AsyncTaskMethodBuilder`1.AsyncStateMachineBox`1.ExecutionContextCallback(Object s)
   at System.Threading.ExecutionContext.RunInternal(ExecutionContext executionContext, ContextCallback callback, Object state)
   at System.Runtime.CompilerServices.AsyncTaskMethodBuilder`1.AsyncStateMachineBox`1.MoveNext(Thread threadPoolThread)
   at System.Runtime.CompilerServices.AsyncTaskMethodBuilder`1.AsyncStateMachineBox`1.MoveNext()
   at System.Threading.Tasks.AwaitTaskContinuation.RunOrScheduleAction(IAsyncStateMachineBox box, Boolean allowInlining)
   at System.Threading.Tasks.Task.RunContinuations(Object continuationObject)
   at System.Threading.Tasks.Task.TrySetResult()
   at System.Threading.Tasks.Task.WhenAllPromise.Invoke(Task completedTask)
   at System.Threading.Tasks.Task.RunContinuations(Object continuationObject)
   at System.Threading.Tasks.Task`1.TrySetResult(TResult result)
   at System.Runtime.CompilerServices.AsyncTaskMethodBuilder`1.SetExistingTaskResult(Task`1 task, TResult result)
   at System.Runtime.CompilerServices.AsyncTaskMethodBuilder.SetResult()
   at MegaCrit.Sts2.Core.Saves.CloudSaveStore.SyncCloudToLocal(String path)
   at System.Runtime.CompilerServices.AsyncTaskMethodBuilder`1.AsyncStateMachineBox`1.ExecutionContextCallback(Object s)
   at System.Threading.ExecutionContext.RunInternal(ExecutionContext executionContext, ContextCallback callback, Object state)
   at System.Runtime.CompilerServices.AsyncTaskMethodBuilder`1.AsyncStateMachineBox`1.MoveNext(Thread threadPoolThread)
   at System.Runtime.CompilerServices.AsyncTaskMethodBuilder`1.AsyncStateMachineBox`1.MoveNext()
   at System.Threading.Tasks.AwaitTaskContinuation.RunOrScheduleAction(IAsyncStateMachineBox box, Boolean allowInlining)
   at System.Threading.Tasks.Task.RunContinuations(Object continuationObject)
   at System.Threading.Tasks.Task`1.TrySetResult(TResult result)
   at System.Runtime.CompilerServices.AsyncTaskMethodBuilder`1.SetExistingTaskResult(Task`1 task, TResult result)
   at System.Runtime.CompilerServices.AsyncTaskMethodBuilder.SetResult()
   at MegaCrit.Sts2.Core.Saves.CloudSaveStore.SyncCloudToLocalInternal(String path)
   at System.Runtime.CompilerServices.AsyncTaskMethodBuilder`1.AsyncStateMachineBox`1.ExecutionContextCallback(Object s)
   at System.Threading.ExecutionContext.RunInternal(ExecutionContext executionContext, ContextCallback callback, Object state)
   at System.Runtime.CompilerServices.AsyncTaskMethodBuilder`1.AsyncStateMachineBox`1.MoveNext(Thread threadPoolThread)
   at System.Runtime.CompilerServices.AsyncTaskMethodBuilder`1.AsyncStateMachineBox`1.MoveNext()
   at System.Threading.Tasks.AwaitTaskContinuation.RunOrScheduleAction(IAsyncStateMachineBox box, Boolean allowInlining)
   at System.Threading.Tasks.Task.RunContinuations(Object continuationObject)
   at System.Threading.Tasks.Task`1.TrySetResult(TResult result)
   at System.Runtime.CompilerServices.AsyncTaskMethodBuilder`1.SetExistingTaskResult(Task`1 task, TResult result)
   at System.Runtime.CompilerServices.AsyncTaskMethodBuilder.SetResult()
   at MegaCrit.Sts2.Core.Saves.GodotFileIo.WriteFileAsync(String path, Byte[] bytes)
   at System.Runtime.CompilerServices.AsyncTaskMethodBuilder`1.AsyncStateMachineBox`1.ExecutionContextCallback(Object s)
   at System.Threading.ExecutionContext.RunInternal(ExecutionContext executionContext, ContextCallback callback, Object state)
   at System.Runtime.CompilerServices.AsyncTaskMethodBuilder`1.AsyncStateMachineBox`1.MoveNext(Thread threadPoolThread)
   at System.Runtime.CompilerServices.AsyncTaskMethodBuilder`1.AsyncStateMachineBox`1.MoveNext()
   at System.Threading.Tasks.AwaitTaskContinuation.RunOrScheduleAction(IAsyncStateMachineBox box, Boolean allowInlining)
   at System.Threading.Tasks.Task.RunContinuations(Object continuationObject)
   at System.Threading.Tasks.Task.ExecuteWithThreadLocal(Task& currentTaskSlot, Thread threadPoolThread)
   at System.Threading.ThreadPoolWorkQueue.Dispatch()
   at System.Threading.PortableThreadPool.WorkerThread.WorkerThreadStart()

[INFO] Deleting modded/profile1\saves\history/1779687487.run.backup because it does not exist on remote
[ERROR] Error deleting path modded/profile1\saves\history/1779687487.run.backup.backup: Failed
   at MegaCrit.Sts2.Core.Saves.GodotFileIo.DeleteFile(String path)
   at MegaCrit.Sts2.Core.Saves.CloudSaveStore.SyncCloudToLocalInternal(String path)
   at System.Runtime.CompilerServices.AsyncMethodBuilderCore.Start[TStateMachine](TStateMachine& stateMachine)
   at MegaCrit.Sts2.Core.Saves.CloudSaveStore.SyncCloudToLocalInternal(String path)
   at MegaCrit.Sts2.Core.Saves.CloudSaveStore.SyncCloudToLocal(String path)
   at System.Runtime.CompilerServices.AsyncMethodBuilderCore.Start[TStateMachine](TStateMachine& stateMachine)
   at MegaCrit.Sts2.Core.Saves.CloudSaveStore.SyncCloudToLocal(String path)
   at MegaCrit.Sts2.Core.Saves.CloudSaveStore.SyncCloudToLocalDirectory(String directoryPath)+MoveNext()
   at MegaCrit.Sts2.Core.Saves.SaveManager.EnumerateCloudSyncTasks(CloudSaveStore cloudStore)+MoveNext()
   at MegaCrit.Sts2.Core.Saves.SaveManager.SyncCloudToLocal()
   at System.Runtime.CompilerServices.AsyncTaskMethodBuilder`1.AsyncStateMachineBox`1.ExecutionContextCallback(Object s)
   at System.Threading.ExecutionContext.RunInternal(ExecutionContext executionContext, ContextCallback callback, Object state)
   at System.Runtime.CompilerServices.AsyncTaskMethodBuilder`1.AsyncStateMachineBox`1.MoveNext(Thread threadPoolThread)
   at System.Runtime.CompilerServices.AsyncTaskMethodBuilder`1.AsyncStateMachineBox`1.MoveNext()
   at System.Threading.Tasks.AwaitTaskContinuation.RunOrScheduleAction(IAsyncStateMachineBox box, Boolean allowInlining)
   at System.Threading.Tasks.Task.RunContinuations(Object continuationObject)
   at System.Threading.Tasks.Task.TrySetResult()
   at System.Threading.Tasks.Task.WhenAllPromise.Invoke(Task completedTask)
   at System.Threading.Tasks.Task.RunContinuations(Object continuationObject)
   at System.Threading.Tasks.Task`1.TrySetResult(TResult result)
   at System.Runtime.CompilerServices.AsyncTaskMethodBuilder`1.SetExistingTaskResult(Task`1 task, TResult result)
   at System.Runtime.CompilerServices.AsyncTaskMethodBuilder.SetResult()
   at MegaCrit.Sts2.Core.Saves.CloudSaveStore.SyncCloudToLocal(String path)
   at System.Runtime.CompilerServices.AsyncTaskMethodBuilder`1.AsyncStateMachineBox`1.ExecutionContextCallback(Object s)
   at System.Threading.ExecutionContext.RunInternal(ExecutionContext executionContext, ContextCallback callback, Object state)
   at System.Runtime.CompilerServices.AsyncTaskMethodBuilder`1.AsyncStateMachineBox`1.MoveNext(Thread threadPoolThread)
   at System.Runtime.CompilerServices.AsyncTaskMethodBuilder`1.AsyncStateMachineBox`1.MoveNext()
   at System.Threading.Tasks.AwaitTaskContinuation.RunOrScheduleAction(IAsyncStateMachineBox box, Boolean allowInlining)
   at System.Threading.Tasks.Task.RunContinuations(Object continuationObject)
   at System.Threading.Tasks.Task`1.TrySetResult(TResult result)
   at System.Runtime.CompilerServices.AsyncTaskMethodBuilder`1.SetExistingTaskResult(Task`1 task, TResult result)
   at System.Runtime.CompilerServices.AsyncTaskMethodBuilder.SetResult()
   at MegaCrit.Sts2.Core.Saves.CloudSaveStore.SyncCloudToLocalInternal(String path)
   at System.Runtime.CompilerServices.AsyncTaskMethodBuilder`1.AsyncStateMachineBox`1.ExecutionContextCallback(Object s)
   at System.Threading.ExecutionContext.RunInternal(ExecutionContext executionContext, ContextCallback callback, Object state)
   at System.Runtime.CompilerServices.AsyncTaskMethodBuilder`1.AsyncStateMachineBox`1.MoveNext(Thread threadPoolThread)
   at System.Runtime.CompilerServices.AsyncTaskMethodBuilder`1.AsyncStateMachineBox`1.MoveNext()
   at System.Threading.Tasks.AwaitTaskContinuation.RunOrScheduleAction(IAsyncStateMachineBox box, Boolean allowInlining)
   at System.Threading.Tasks.Task.RunContinuations(Object continuationObject)
   at System.Threading.Tasks.Task`1.TrySetResult(TResult result)
   at System.Runtime.CompilerServices.AsyncTaskMethodBuilder`1.SetExistingTaskResult(Task`1 task, TResult result)
   at System.Runtime.CompilerServices.AsyncTaskMethodBuilder.SetResult()
   at MegaCrit.Sts2.Core.Saves.GodotFileIo.WriteFileAsync(String path, Byte[] bytes)
   at System.Runtime.CompilerServices.AsyncTaskMethodBuilder`1.AsyncStateMachineBox`1.ExecutionContextCallback(Object s)
   at System.Threading.ExecutionContext.RunInternal(ExecutionContext executionContext, ContextCallback callback, Object state)
   at System.Runtime.CompilerServices.AsyncTaskMethodBuilder`1.AsyncStateMachineBox`1.MoveNext(Thread threadPoolThread)
   at System.Runtime.CompilerServices.AsyncTaskMethodBuilder`1.AsyncStateMachineBox`1.MoveNext()
   at System.Threading.Tasks.AwaitTaskContinuation.RunOrScheduleAction(IAsyncStateMachineBox box, Boolean allowInlining)
   at System.Threading.Tasks.Task.RunContinuations(Object continuationObject)
   at System.Threading.Tasks.Task.ExecuteWithThreadLocal(Task& currentTaskSlot, Thread threadPoolThread)
   at System.Threading.ThreadPoolWorkQueue.Dispatch()
   at System.Threading.PortableThreadPool.WorkerThread.WorkerThreadStart()

[INFO] Deleting modded/profile1\saves\history/1779778642.run.backup because it does not exist on remote
[ERROR] Error deleting path modded/profile1\saves\history/1779778642.run.backup.backup: Failed
   at MegaCrit.Sts2.Core.Saves.GodotFileIo.DeleteFile(String path)
   at MegaCrit.Sts2.Core.Saves.CloudSaveStore.SyncCloudToLocalInternal(String path)
   at System.Runtime.CompilerServices.AsyncMethodBuilderCore.Start[TStateMachine](TStateMachine& stateMachine)
   at MegaCrit.Sts2.Core.Saves.CloudSaveStore.SyncCloudToLocalInternal(String path)
   at MegaCrit.Sts2.Core.Saves.CloudSaveStore.SyncCloudToLocal(String path)
   at System.Runtime.CompilerServices.AsyncMethodBuilderCore.Start[TStateMachine](TStateMachine& stateMachine)
   at MegaCrit.Sts2.Core.Saves.CloudSaveStore.SyncCloudToLocal(String path)
   at MegaCrit.Sts2.Core.Saves.CloudSaveStore.SyncCloudToLocalDirectory(String directoryPath)+MoveNext()
   at MegaCrit.Sts2.Core.Saves.SaveManager.EnumerateCloudSyncTasks(CloudSaveStore cloudStore)+MoveNext()
   at MegaCrit.Sts2.Core.Saves.SaveManager.SyncCloudToLocal()
   at System.Runtime.CompilerServices.AsyncTaskMethodBuilder`1.AsyncStateMachineBox`1.ExecutionContextCallback(Object s)
   at System.Threading.ExecutionContext.RunInternal(ExecutionContext executionContext, ContextCallback callback, Object state)
   at System.Runtime.CompilerServices.AsyncTaskMethodBuilder`1.AsyncStateMachineBox`1.MoveNext(Thread threadPoolThread)
   at System.Runtime.CompilerServices.AsyncTaskMethodBuilder`1.AsyncStateMachineBox`1.MoveNext()
   at System.Threading.Tasks.AwaitTaskContinuation.RunOrScheduleAction(IAsyncStateMachineBox box, Boolean allowInlining)
   at System.Threading.Tasks.Task.RunContinuations(Object continuationObject)
   at System.Threading.Tasks.Task.TrySetResult()
   at System.Threading.Tasks.Task.WhenAllPromise.Invoke(Task completedTask)
   at System.Threading.Tasks.Task.RunContinuations(Object continuationObject)
   at System.Threading.Tasks.Task`1.TrySetResult(TResult result)
   at System.Runtime.CompilerServices.AsyncTaskMethodBuilder`1.SetExistingTaskResult(Task`1 task, TResult result)
   at System.Runtime.CompilerServices.AsyncTaskMethodBuilder.SetResult()
   at MegaCrit.Sts2.Core.Saves.CloudSaveStore.SyncCloudToLocal(String path)
   at System.Runtime.CompilerServices.AsyncTaskMethodBuilder`1.AsyncStateMachineBox`1.ExecutionContextCallback(Object s)
   at System.Threading.ExecutionContext.RunInternal(ExecutionContext executionContext, ContextCallback callback, Object state)
   at System.Runtime.CompilerServices.AsyncTaskMethodBuilder`1.AsyncStateMachineBox`1.MoveNext(Thread threadPoolThread)
   at System.Runtime.CompilerServices.AsyncTaskMethodBuilder`1.AsyncStateMachineBox`1.MoveNext()
   at System.Threading.Tasks.AwaitTaskContinuation.RunOrScheduleAction(IAsyncStateMachineBox box, Boolean allowInlining)
   at System.Threading.Tasks.Task.RunContinuations(Object continuationObject)
   at System.Threading.Tasks.Task`1.TrySetResult(TResult result)
   at System.Runtime.CompilerServices.AsyncTaskMethodBuilder`1.SetExistingTaskResult(Task`1 task, TResult result)
   at System.Runtime.CompilerServices.AsyncTaskMethodBuilder.SetResult()
   at MegaCrit.Sts2.Core.Saves.CloudSaveStore.SyncCloudToLocalInternal(String path)
   at System.Runtime.CompilerServices.AsyncTaskMethodBuilder`1.AsyncStateMachineBox`1.ExecutionContextCallback(Object s)
   at System.Threading.ExecutionContext.RunInternal(ExecutionContext executionContext, ContextCallback callback, Object state)
   at System.Runtime.CompilerServices.AsyncTaskMethodBuilder`1.AsyncStateMachineBox`1.MoveNext(Thread threadPoolThread)
   at System.Runtime.CompilerServices.AsyncTaskMethodBuilder`1.AsyncStateMachineBox`1.MoveNext()
   at System.Threading.Tasks.AwaitTaskContinuation.RunOrScheduleAction(IAsyncStateMachineBox box, Boolean allowInlining)
   at System.Threading.Tasks.Task.RunContinuations(Object continuationObject)
   at System.Threading.Tasks.Task`1.TrySetResult(TResult result)
   at System.Runtime.CompilerServices.AsyncTaskMethodBuilder`1.SetExistingTaskResult(Task`1 task, TResult result)
   at System.Runtime.CompilerServices.AsyncTaskMethodBuilder.SetResult()
   at MegaCrit.Sts2.Core.Saves.GodotFileIo.WriteFileAsync(String path, Byte[] bytes)
   at System.Runtime.CompilerServices.AsyncTaskMethodBuilder`1.AsyncStateMachineBox`1.ExecutionContextCallback(Object s)
   at System.Threading.ExecutionContext.RunInternal(ExecutionContext executionContext, ContextCallback callback, Object state)
   at System.Runtime.CompilerServices.AsyncTaskMethodBuilder`1.AsyncStateMachineBox`1.MoveNext(Thread threadPoolThread)
   at System.Runtime.CompilerServices.AsyncTaskMethodBuilder`1.AsyncStateMachineBox`1.MoveNext()
   at System.Threading.Tasks.AwaitTaskContinuation.RunOrScheduleAction(IAsyncStateMachineBox box, Boolean allowInlining)
   at System.Threading.Tasks.Task.RunContinuations(Object continuationObject)
   at System.Threading.Tasks.Task.ExecuteWithThreadLocal(Task& currentTaskSlot, Thread threadPoolThread)
   at System.Threading.ThreadPoolWorkQueue.Dispatch()
   at System.Threading.PortableThreadPool.WorkerThread.WorkerThreadStart()

[INFO] Deleting modded/profile1\saves\history/1779812160.run.backup because it does not exist on remote
[ERROR] Error deleting path modded/profile1\saves\history/1779812160.run.backup.backup: Failed
   at MegaCrit.Sts2.Core.Saves.GodotFileIo.DeleteFile(String path)
   at MegaCrit.Sts2.Core.Saves.CloudSaveStore.SyncCloudToLocalInternal(String path)
   at System.Runtime.CompilerServices.AsyncMethodBuilderCore.Start[TStateMachine](TStateMachine& stateMachine)
   at MegaCrit.Sts2.Core.Saves.CloudSaveStore.SyncCloudToLocalInternal(String path)
   at MegaCrit.Sts2.Core.Saves.CloudSaveStore.SyncCloudToLocal(String path)
   at System.Runtime.CompilerServices.AsyncMethodBuilderCore.Start[TStateMachine](TStateMachine& stateMachine)
   at MegaCrit.Sts2.Core.Saves.CloudSaveStore.SyncCloudToLocal(String path)
   at MegaCrit.Sts2.Core.Saves.CloudSaveStore.SyncCloudToLocalDirectory(String directoryPath)+MoveNext()
   at MegaCrit.Sts2.Core.Saves.SaveManager.EnumerateCloudSyncTasks(CloudSaveStore cloudStore)+MoveNext()
   at MegaCrit.Sts2.Core.Saves.SaveManager.SyncCloudToLocal()
   at System.Runtime.CompilerServices.AsyncTaskMethodBuilder`1.AsyncStateMachineBox`1.ExecutionContextCallback(Object s)
   at System.Threading.ExecutionContext.RunInternal(ExecutionContext executionContext, ContextCallback callback, Object state)
   at System.Runtime.CompilerServices.AsyncTaskMethodBuilder`1.AsyncStateMachineBox`1.MoveNext(Thread threadPoolThread)
   at System.Runtime.CompilerServices.AsyncTaskMethodBuilder`1.AsyncStateMachineBox`1.MoveNext()
   at System.Threading.Tasks.AwaitTaskContinuation.RunOrScheduleAction(IAsyncStateMachineBox box, Boolean allowInlining)
   at System.Threading.Tasks.Task.RunContinuations(Object continuationObject)
   at System.Threading.Tasks.Task.TrySetResult()
   at System.Threading.Tasks.Task.WhenAllPromise.Invoke(Task completedTask)
   at System.Threading.Tasks.Task.RunContinuations(Object continuationObject)
   at System.Threading.Tasks.Task`1.TrySetResult(TResult result)
   at System.Runtime.CompilerServices.AsyncTaskMethodBuilder`1.SetExistingTaskResult(Task`1 task, TResult result)
   at System.Runtime.CompilerServices.AsyncTaskMethodBuilder.SetResult()
   at MegaCrit.Sts2.Core.Saves.CloudSaveStore.SyncCloudToLocal(String path)
   at System.Runtime.CompilerServices.AsyncTaskMethodBuilder`1.AsyncStateMachineBox`1.ExecutionContextCallback(Object s)
   at System.Threading.ExecutionContext.RunInternal(ExecutionContext executionContext, ContextCallback callback, Object state)
   at System.Runtime.CompilerServices.AsyncTaskMethodBuilder`1.AsyncStateMachineBox`1.MoveNext(Thread threadPoolThread)
   at System.Runtime.CompilerServices.AsyncTaskMethodBuilder`1.AsyncStateMachineBox`1.MoveNext()
   at System.Threading.Tasks.AwaitTaskContinuation.RunOrScheduleAction(IAsyncStateMachineBox box, Boolean allowInlining)
   at System.Threading.Tasks.Task.RunContinuations(Object continuationObject)
   at System.Threading.Tasks.Task`1.TrySetResult(TResult result)
   at System.Runtime.CompilerServices.AsyncTaskMethodBuilder`1.SetExistingTaskResult(Task`1 task, TResult result)
   at System.Runtime.CompilerServices.AsyncTaskMethodBuilder.SetResult()
   at MegaCrit.Sts2.Core.Saves.CloudSaveStore.SyncCloudToLocalInternal(String path)
   at System.Runtime.CompilerServices.AsyncTaskMethodBuilder`1.AsyncStateMachineBox`1.ExecutionContextCallback(Object s)
   at System.Threading.ExecutionContext.RunInternal(ExecutionContext executionContext, ContextCallback callback, Object state)
   at System.Runtime.CompilerServices.AsyncTaskMethodBuilder`1.AsyncStateMachineBox`1.MoveNext(Thread threadPoolThread)
   at System.Runtime.CompilerServices.AsyncTaskMethodBuilder`1.AsyncStateMachineBox`1.MoveNext()
   at System.Threading.Tasks.AwaitTaskContinuation.RunOrScheduleAction(IAsyncStateMachineBox box, Boolean allowInlining)
   at System.Threading.Tasks.Task.RunContinuations(Object continuationObject)
   at System.Threading.Tasks.Task`1.TrySetResult(TResult result)
   at System.Runtime.CompilerServices.AsyncTaskMethodBuilder`1.SetExistingTaskResult(Task`1 task, TResult result)
   at System.Runtime.CompilerServices.AsyncTaskMethodBuilder.SetResult()
   at MegaCrit.Sts2.Core.Saves.GodotFileIo.WriteFileAsync(String path, Byte[] bytes)
   at System.Runtime.CompilerServices.AsyncTaskMethodBuilder`1.AsyncStateMachineBox`1.ExecutionContextCallback(Object s)
   at System.Threading.ExecutionContext.RunInternal(ExecutionContext executionContext, ContextCallback callback, Object state)
   at System.Runtime.CompilerServices.AsyncTaskMethodBuilder`1.AsyncStateMachineBox`1.MoveNext(Thread threadPoolThread)
   at System.Runtime.CompilerServices.AsyncTaskMethodBuilder`1.AsyncStateMachineBox`1.MoveNext()
   at System.Threading.Tasks.AwaitTaskContinuation.RunOrScheduleAction(IAsyncStateMachineBox box, Boolean allowInlining)
   at System.Threading.Tasks.Task.RunContinuations(Object continuationObject)
   at System.Threading.Tasks.Task.ExecuteWithThreadLocal(Task& currentTaskSlot, Thread threadPoolThread)
   at System.Threading.ThreadPoolWorkQueue.Dispatch()
   at System.Threading.PortableThreadPool.WorkerThread.WorkerThreadStart()

[INFO] Deleting modded/profile1\saves\history/1779885095.run.backup because it does not exist on remote
[ERROR] Error deleting path modded/profile1\saves\history/1779885095.run.backup.backup: Failed
   at MegaCrit.Sts2.Core.Saves.GodotFileIo.DeleteFile(String path)
   at MegaCrit.Sts2.Core.Saves.CloudSaveStore.SyncCloudToLocalInternal(String path)
   at System.Runtime.CompilerServices.AsyncMethodBuilderCore.Start[TStateMachine](TStateMachine& stateMachine)
   at MegaCrit.Sts2.Core.Saves.CloudSaveStore.SyncCloudToLocalInternal(String path)
   at MegaCrit.Sts2.Core.Saves.CloudSaveStore.SyncCloudToLocal(String path)
   at System.Runtime.CompilerServices.AsyncMethodBuilderCore.Start[TStateMachine](TStateMachine& stateMachine)
   at MegaCrit.Sts2.Core.Saves.CloudSaveStore.SyncCloudToLocal(String path)
   at MegaCrit.Sts2.Core.Saves.CloudSaveStore.SyncCloudToLocalDirectory(String directoryPath)+MoveNext()
   at MegaCrit.Sts2.Core.Saves.SaveManager.EnumerateCloudSyncTasks(CloudSaveStore cloudStore)+MoveNext()
   at MegaCrit.Sts2.Core.Saves.SaveManager.SyncCloudToLocal()
   at System.Runtime.CompilerServices.AsyncTaskMethodBuilder`1.AsyncStateMachineBox`1.ExecutionContextCallback(Object s)
   at System.Threading.ExecutionContext.RunInternal(ExecutionContext executionContext, ContextCallback callback, Object state)
   at System.Runtime.CompilerServices.AsyncTaskMethodBuilder`1.AsyncStateMachineBox`1.MoveNext(Thread threadPoolThread)
   at System.Runtime.CompilerServices.AsyncTaskMethodBuilder`1.AsyncStateMachineBox`1.MoveNext()
   at System.Threading.Tasks.AwaitTaskContinuation.RunOrScheduleAction(IAsyncStateMachineBox box, Boolean allowInlining)
   at System.Threading.Tasks.Task.RunContinuations(Object continuationObject)
   at System.Threading.Tasks.Task.TrySetResult()
   at System.Threading.Tasks.Task.WhenAllPromise.Invoke(Task completedTask)
   at System.Threading.Tasks.Task.RunContinuations(Object continuationObject)
   at System.Threading.Tasks.Task`1.TrySetResult(TResult result)
   at System.Runtime.CompilerServices.AsyncTaskMethodBuilder`1.SetExistingTaskResult(Task`1 task, TResult result)
   at System.Runtime.CompilerServices.AsyncTaskMethodBuilder.SetResult()
   at MegaCrit.Sts2.Core.Saves.CloudSaveStore.SyncCloudToLocal(String path)
   at System.Runtime.CompilerServices.AsyncTaskMethodBuilder`1.AsyncStateMachineBox`1.ExecutionContextCallback(Object s)
   at System.Threading.ExecutionContext.RunInternal(ExecutionContext executionContext, ContextCallback callback, Object state)
   at System.Runtime.CompilerServices.AsyncTaskMethodBuilder`1.AsyncStateMachineBox`1.MoveNext(Thread threadPoolThread)
   at System.Runtime.CompilerServices.AsyncTaskMethodBuilder`1.AsyncStateMachineBox`1.MoveNext()
   at System.Threading.Tasks.AwaitTaskContinuation.RunOrScheduleAction(IAsyncStateMachineBox box, Boolean allowInlining)
   at System.Threading.Tasks.Task.RunContinuations(Object continuationObject)
   at System.Threading.Tasks.Task`1.TrySetResult(TResult result)
   at System.Runtime.CompilerServices.AsyncTaskMethodBuilder`1.SetExistingTaskResult(Task`1 task, TResult result)
   at System.Runtime.CompilerServices.AsyncTaskMethodBuilder.SetResult()
   at MegaCrit.Sts2.Core.Saves.CloudSaveStore.SyncCloudToLocalInternal(String path)
   at System.Runtime.CompilerServices.AsyncTaskMethodBuilder`1.AsyncStateMachineBox`1.ExecutionContextCallback(Object s)
   at System.Threading.ExecutionContext.RunInternal(ExecutionContext executionContext, ContextCallback callback, Object state)
   at System.Runtime.CompilerServices.AsyncTaskMethodBuilder`1.AsyncStateMachineBox`1.MoveNext(Thread threadPoolThread)
   at System.Runtime.CompilerServices.AsyncTaskMethodBuilder`1.AsyncStateMachineBox`1.MoveNext()
   at System.Threading.Tasks.AwaitTaskContinuation.RunOrScheduleAction(IAsyncStateMachineBox box, Boolean allowInlining)
   at System.Threading.Tasks.Task.RunContinuations(Object continuationObject)
   at System.Threading.Tasks.Task`1.TrySetResult(TResult result)
   at System.Runtime.CompilerServices.AsyncTaskMethodBuilder`1.SetExistingTaskResult(Task`1 task, TResult result)
   at System.Runtime.CompilerServices.AsyncTaskMethodBuilder.SetResult()
   at MegaCrit.Sts2.Core.Saves.GodotFileIo.WriteFileAsync(String path, Byte[] bytes)
   at System.Runtime.CompilerServices.AsyncTaskMethodBuilder`1.AsyncStateMachineBox`1.ExecutionContextCallback(Object s)
   at System.Threading.ExecutionContext.RunInternal(ExecutionContext executionContext, ContextCallback callback, Object state)
   at System.Runtime.CompilerServices.AsyncTaskMethodBuilder`1.AsyncStateMachineBox`1.MoveNext(Thread threadPoolThread)
   at System.Runtime.CompilerServices.AsyncTaskMethodBuilder`1.AsyncStateMachineBox`1.MoveNext()
   at System.Threading.Tasks.AwaitTaskContinuation.RunOrScheduleAction(IAsyncStateMachineBox box, Boolean allowInlining)
   at System.Threading.Tasks.Task.RunContinuations(Object continuationObject)
   at System.Threading.Tasks.Task.ExecuteWithThreadLocal(Task& currentTaskSlot, Thread threadPoolThread)
   at System.Threading.ThreadPoolWorkQueue.Dispatch()
   at System.Threading.PortableThreadPool.WorkerThread.WorkerThreadStart()

[INFO] Deleting modded/profile1\saves\history/1779887028.run.backup because it does not exist on remote
[ERROR] Error deleting path modded/profile1\saves\history/1779887028.run.backup.backup: Failed
   at MegaCrit.Sts2.Core.Saves.GodotFileIo.DeleteFile(String path)
   at MegaCrit.Sts2.Core.Saves.CloudSaveStore.SyncCloudToLocalInternal(String path)
   at System.Runtime.CompilerServices.AsyncMethodBuilderCore.Start[TStateMachine](TStateMachine& stateMachine)
   at MegaCrit.Sts2.Core.Saves.CloudSaveStore.SyncCloudToLocalInternal(String path)
   at MegaCrit.Sts2.Core.Saves.CloudSaveStore.SyncCloudToLocal(String path)
   at System.Runtime.CompilerServices.AsyncMethodBuilderCore.Start[TStateMachine](TStateMachine& stateMachine)
   at MegaCrit.Sts2.Core.Saves.CloudSaveStore.SyncCloudToLocal(String path)
   at MegaCrit.Sts2.Core.Saves.CloudSaveStore.SyncCloudToLocalDirectory(String directoryPath)+MoveNext()
   at MegaCrit.Sts2.Core.Saves.SaveManager.EnumerateCloudSyncTasks(CloudSaveStore cloudStore)+MoveNext()
   at MegaCrit.Sts2.Core.Saves.SaveManager.SyncCloudToLocal()
   at System.Runtime.CompilerServices.AsyncTaskMethodBuilder`1.AsyncStateMachineBox`1.ExecutionContextCallback(Object s)
   at System.Threading.ExecutionContext.RunInternal(ExecutionContext executionContext, ContextCallback callback, Object state)
   at System.Runtime.CompilerServices.AsyncTaskMethodBuilder`1.AsyncStateMachineBox`1.MoveNext(Thread threadPoolThread)
   at System.Runtime.CompilerServices.AsyncTaskMethodBuilder`1.AsyncStateMachineBox`1.MoveNext()
   at System.Threading.Tasks.AwaitTaskContinuation.RunOrScheduleAction(IAsyncStateMachineBox box, Boolean allowInlining)
   at System.Threading.Tasks.Task.RunContinuations(Object continuationObject)
   at System.Threading.Tasks.Task.TrySetResult()
   at System.Threading.Tasks.Task.WhenAllPromise.Invoke(Task completedTask)
   at System.Threading.Tasks.Task.RunContinuations(Object continuationObject)
   at System.Threading.Tasks.Task`1.TrySetResult(TResult result)
   at System.Runtime.CompilerServices.AsyncTaskMethodBuilder`1.SetExistingTaskResult(Task`1 task, TResult result)
   at System.Runtime.CompilerServices.AsyncTaskMethodBuilder.SetResult()
   at MegaCrit.Sts2.Core.Saves.CloudSaveStore.SyncCloudToLocal(String path)
   at System.Runtime.CompilerServices.AsyncTaskMethodBuilder`1.AsyncStateMachineBox`1.ExecutionContextCallback(Object s)
   at System.Threading.ExecutionContext.RunInternal(ExecutionContext executionContext, ContextCallback callback, Object state)
   at System.Runtime.CompilerServices.AsyncTaskMethodBuilder`1.AsyncStateMachineBox`1.MoveNext(Thread threadPoolThread)
   at System.Runtime.CompilerServices.AsyncTaskMethodBuilder`1.AsyncStateMachineBox`1.MoveNext()
   at System.Threading.Tasks.AwaitTaskContinuation.RunOrScheduleAction(IAsyncStateMachineBox box, Boolean allowInlining)
   at System.Threading.Tasks.Task.RunContinuations(Object continuationObject)
   at System.Threading.Tasks.Task`1.TrySetResult(TResult result)
   at System.Runtime.CompilerServices.AsyncTaskMethodBuilder`1.SetExistingTaskResult(Task`1 task, TResult result)
   at System.Runtime.CompilerServices.AsyncTaskMethodBuilder.SetResult()
   at MegaCrit.Sts2.Core.Saves.CloudSaveStore.SyncCloudToLocalInternal(String path)
   at System.Runtime.CompilerServices.AsyncTaskMethodBuilder`1.AsyncStateMachineBox`1.ExecutionContextCallback(Object s)
   at System.Threading.ExecutionContext.RunInternal(ExecutionContext executionContext, ContextCallback callback, Object state)
   at System.Runtime.CompilerServices.AsyncTaskMethodBuilder`1.AsyncStateMachineBox`1.MoveNext(Thread threadPoolThread)
   at System.Runtime.CompilerServices.AsyncTaskMethodBuilder`1.AsyncStateMachineBox`1.MoveNext()
   at System.Threading.Tasks.AwaitTaskContinuation.RunOrScheduleAction(IAsyncStateMachineBox box, Boolean allowInlining)
   at System.Threading.Tasks.Task.RunContinuations(Object continuationObject)
   at System.Threading.Tasks.Task`1.TrySetResult(TResult result)
   at System.Runtime.CompilerServices.AsyncTaskMethodBuilder`1.SetExistingTaskResult(Task`1 task, TResult result)
   at System.Runtime.CompilerServices.AsyncTaskMethodBuilder.SetResult()
   at MegaCrit.Sts2.Core.Saves.GodotFileIo.WriteFileAsync(String path, Byte[] bytes)
   at System.Runtime.CompilerServices.AsyncTaskMethodBuilder`1.AsyncStateMachineBox`1.ExecutionContextCallback(Object s)
   at System.Threading.ExecutionContext.RunInternal(ExecutionContext executionContext, ContextCallback callback, Object state)
   at System.Runtime.CompilerServices.AsyncTaskMethodBuilder`1.AsyncStateMachineBox`1.MoveNext(Thread threadPoolThread)
   at System.Runtime.CompilerServices.AsyncTaskMethodBuilder`1.AsyncStateMachineBox`1.MoveNext()
   at System.Threading.Tasks.AwaitTaskContinuation.RunOrScheduleAction(IAsyncStateMachineBox box, Boolean allowInlining)
   at System.Threading.Tasks.Task.RunContinuations(Object continuationObject)
   at System.Threading.Tasks.Task.ExecuteWithThreadLocal(Task& currentTaskSlot, Thread threadPoolThread)
   at System.Threading.ThreadPoolWorkQueue.Dispatch()
   at System.Threading.PortableThreadPool.WorkerThread.WorkerThreadStart()

[INFO] Deleting modded/profile1\saves\history/1779954338.run.backup because it does not exist on remote
[ERROR] Error deleting path modded/profile1\saves\history/1779954338.run.backup.backup: Failed
   at MegaCrit.Sts2.Core.Saves.GodotFileIo.DeleteFile(String path)
   at MegaCrit.Sts2.Core.Saves.CloudSaveStore.SyncCloudToLocalInternal(String path)
   at System.Runtime.CompilerServices.AsyncMethodBuilderCore.Start[TStateMachine](TStateMachine& stateMachine)
   at MegaCrit.Sts2.Core.Saves.CloudSaveStore.SyncCloudToLocalInternal(String path)
   at MegaCrit.Sts2.Core.Saves.CloudSaveStore.SyncCloudToLocal(String path)
   at System.Runtime.CompilerServices.AsyncMethodBuilderCore.Start[TStateMachine](TStateMachine& stateMachine)
   at MegaCrit.Sts2.Core.Saves.CloudSaveStore.SyncCloudToLocal(String path)
   at MegaCrit.Sts2.Core.Saves.CloudSaveStore.SyncCloudToLocalDirectory(String directoryPath)+MoveNext()
   at MegaCrit.Sts2.Core.Saves.SaveManager.EnumerateCloudSyncTasks(CloudSaveStore cloudStore)+MoveNext()
   at MegaCrit.Sts2.Core.Saves.SaveManager.SyncCloudToLocal()
   at System.Runtime.CompilerServices.AsyncTaskMethodBuilder`1.AsyncStateMachineBox`1.ExecutionContextCallback(Object s)
   at System.Threading.ExecutionContext.RunInternal(ExecutionContext executionContext, ContextCallback callback, Object state)
   at System.Runtime.CompilerServices.AsyncTaskMethodBuilder`1.AsyncStateMachineBox`1.MoveNext(Thread threadPoolThread)
   at System.Runtime.CompilerServices.AsyncTaskMethodBuilder`1.AsyncStateMachineBox`1.MoveNext()
   at System.Threading.Tasks.AwaitTaskContinuation.RunOrScheduleAction(IAsyncStateMachineBox box, Boolean allowInlining)
   at System.Threading.Tasks.Task.RunContinuations(Object continuationObject)
   at System.Threading.Tasks.Task.TrySetResult()
   at System.Threading.Tasks.Task.WhenAllPromise.Invoke(Task completedTask)
   at System.Threading.Tasks.Task.RunContinuations(Object continuationObject)
   at System.Threading.Tasks.Task`1.TrySetResult(TResult result)
   at System.Runtime.CompilerServices.AsyncTaskMethodBuilder`1.SetExistingTaskResult(Task`1 task, TResult result)
   at System.Runtime.CompilerServices.AsyncTaskMethodBuilder.SetResult()
   at MegaCrit.Sts2.Core.Saves.CloudSaveStore.SyncCloudToLocal(String path)
   at System.Runtime.CompilerServices.AsyncTaskMethodBuilder`1.AsyncStateMachineBox`1.ExecutionContextCallback(Object s)
   at System.Threading.ExecutionContext.RunInternal(ExecutionContext executionContext, ContextCallback callback, Object state)
   at System.Runtime.CompilerServices.AsyncTaskMethodBuilder`1.AsyncStateMachineBox`1.MoveNext(Thread threadPoolThread)
   at System.Runtime.CompilerServices.AsyncTaskMethodBuilder`1.AsyncStateMachineBox`1.MoveNext()
   at System.Threading.Tasks.AwaitTaskContinuation.RunOrScheduleAction(IAsyncStateMachineBox box, Boolean allowInlining)
   at System.Threading.Tasks.Task.RunContinuations(Object continuationObject)
   at System.Threading.Tasks.Task`1.TrySetResult(TResult result)
   at System.Runtime.CompilerServices.AsyncTaskMethodBuilder`1.SetExistingTaskResult(Task`1 task, TResult result)
   at System.Runtime.CompilerServices.AsyncTaskMethodBuilder.SetResult()
   at MegaCrit.Sts2.Core.Saves.CloudSaveStore.SyncCloudToLocalInternal(String path)
   at System.Runtime.CompilerServices.AsyncTaskMethodBuilder`1.AsyncStateMachineBox`1.ExecutionContextCallback(Object s)
   at System.Threading.ExecutionContext.RunInternal(ExecutionContext executionContext, ContextCallback callback, Object state)
   at System.Runtime.CompilerServices.AsyncTaskMethodBuilder`1.AsyncStateMachineBox`1.MoveNext(Thread threadPoolThread)
   at System.Runtime.CompilerServices.AsyncTaskMethodBuilder`1.AsyncStateMachineBox`1.MoveNext()
   at System.Threading.Tasks.AwaitTaskContinuation.RunOrScheduleAction(IAsyncStateMachineBox box, Boolean allowInlining)
   at System.Threading.Tasks.Task.RunContinuations(Object continuationObject)
   at System.Threading.Tasks.Task`1.TrySetResult(TResult result)
   at System.Runtime.CompilerServices.AsyncTaskMethodBuilder`1.SetExistingTaskResult(Task`1 task, TResult result)
   at System.Runtime.CompilerServices.AsyncTaskMethodBuilder.SetResult()
   at MegaCrit.Sts2.Core.Saves.GodotFileIo.WriteFileAsync(String path, Byte[] bytes)
   at System.Runtime.CompilerServices.AsyncTaskMethodBuilder`1.AsyncStateMachineBox`1.ExecutionContextCallback(Object s)
   at System.Threading.ExecutionContext.RunInternal(ExecutionContext executionContext, ContextCallback callback, Object state)
   at System.Runtime.CompilerServices.AsyncTaskMethodBuilder`1.AsyncStateMachineBox`1.MoveNext(Thread threadPoolThread)
   at System.Runtime.CompilerServices.AsyncTaskMethodBuilder`1.AsyncStateMachineBox`1.MoveNext()
   at System.Threading.Tasks.AwaitTaskContinuation.RunOrScheduleAction(IAsyncStateMachineBox box, Boolean allowInlining)
   at System.Threading.Tasks.Task.RunContinuations(Object continuationObject)
   at System.Threading.Tasks.Task.ExecuteWithThreadLocal(Task& currentTaskSlot, Thread threadPoolThread)
   at System.Threading.ThreadPoolWorkQueue.Dispatch()
   at System.Threading.PortableThreadPool.WorkerThread.WorkerThreadStart()

[INFO] Deleting modded/profile1\saves\history/1780005877.run.backup because it does not exist on remote
[ERROR] Error deleting path modded/profile1\saves\history/1780005877.run.backup.backup: Failed
   at MegaCrit.Sts2.Core.Saves.GodotFileIo.DeleteFile(String path)
   at MegaCrit.Sts2.Core.Saves.CloudSaveStore.SyncCloudToLocalInternal(String path)
   at System.Runtime.CompilerServices.AsyncMethodBuilderCore.Start[TStateMachine](TStateMachine& stateMachine)
   at MegaCrit.Sts2.Core.Saves.CloudSaveStore.SyncCloudToLocalInternal(String path)
   at MegaCrit.Sts2.Core.Saves.CloudSaveStore.SyncCloudToLocal(String path)
   at System.Runtime.CompilerServices.AsyncMethodBuilderCore.Start[TStateMachine](TStateMachine& stateMachine)
   at MegaCrit.Sts2.Core.Saves.CloudSaveStore.SyncCloudToLocal(String path)
   at MegaCrit.Sts2.Core.Saves.CloudSaveStore.SyncCloudToLocalDirectory(String directoryPath)+MoveNext()
   at MegaCrit.Sts2.Core.Saves.SaveManager.EnumerateCloudSyncTasks(CloudSaveStore cloudStore)+MoveNext()
   at MegaCrit.Sts2.Core.Saves.SaveManager.SyncCloudToLocal()
   at System.Runtime.CompilerServices.AsyncTaskMethodBuilder`1.AsyncStateMachineBox`1.ExecutionContextCallback(Object s)
   at System.Threading.ExecutionContext.RunInternal(ExecutionContext executionContext, ContextCallback callback, Object state)
   at System.Runtime.CompilerServices.AsyncTaskMethodBuilder`1.AsyncStateMachineBox`1.MoveNext(Thread threadPoolThread)
   at System.Runtime.CompilerServices.AsyncTaskMethodBuilder`1.AsyncStateMachineBox`1.MoveNext()
   at System.Threading.Tasks.AwaitTaskContinuation.RunOrScheduleAction(IAsyncStateMachineBox box, Boolean allowInlining)
   at System.Threading.Tasks.Task.RunContinuations(Object continuationObject)
   at System.Threading.Tasks.Task.TrySetResult()
   at System.Threading.Tasks.Task.WhenAllPromise.Invoke(Task completedTask)
   at System.Threading.Tasks.Task.RunContinuations(Object continuationObject)
   at System.Threading.Tasks.Task`1.TrySetResult(TResult result)
   at System.Runtime.CompilerServices.AsyncTaskMethodBuilder`1.SetExistingTaskResult(Task`1 task, TResult result)
   at System.Runtime.CompilerServices.AsyncTaskMethodBuilder.SetResult()
   at MegaCrit.Sts2.Core.Saves.CloudSaveStore.SyncCloudToLocal(String path)
   at System.Runtime.CompilerServices.AsyncTaskMethodBuilder`1.AsyncStateMachineBox`1.ExecutionContextCallback(Object s)
   at System.Threading.ExecutionContext.RunInternal(ExecutionContext executionContext, ContextCallback callback, Object state)
   at System.Runtime.CompilerServices.AsyncTaskMethodBuilder`1.AsyncStateMachineBox`1.MoveNext(Thread threadPoolThread)
   at System.Runtime.CompilerServices.AsyncTaskMethodBuilder`1.AsyncStateMachineBox`1.MoveNext()
   at System.Threading.Tasks.AwaitTaskContinuation.RunOrScheduleAction(IAsyncStateMachineBox box, Boolean allowInlining)
   at System.Threading.Tasks.Task.RunContinuations(Object continuationObject)
   at System.Threading.Tasks.Task`1.TrySetResult(TResult result)
   at System.Runtime.CompilerServices.AsyncTaskMethodBuilder`1.SetExistingTaskResult(Task`1 task, TResult result)
   at System.Runtime.CompilerServices.AsyncTaskMethodBuilder.SetResult()
   at MegaCrit.Sts2.Core.Saves.CloudSaveStore.SyncCloudToLocalInternal(String path)
   at System.Runtime.CompilerServices.AsyncTaskMethodBuilder`1.AsyncStateMachineBox`1.ExecutionContextCallback(Object s)
   at System.Threading.ExecutionContext.RunInternal(ExecutionContext executionContext, ContextCallback callback, Object state)
   at System.Runtime.CompilerServices.AsyncTaskMethodBuilder`1.AsyncStateMachineBox`1.MoveNext(Thread threadPoolThread)
   at System.Runtime.CompilerServices.AsyncTaskMethodBuilder`1.AsyncStateMachineBox`1.MoveNext()
   at System.Threading.Tasks.AwaitTaskContinuation.RunOrScheduleAction(IAsyncStateMachineBox box, Boolean allowInlining)
   at System.Threading.Tasks.Task.RunContinuations(Object continuationObject)
   at System.Threading.Tasks.Task`1.TrySetResult(TResult result)
   at System.Runtime.CompilerServices.AsyncTaskMethodBuilder`1.SetExistingTaskResult(Task`1 task, TResult result)
   at System.Runtime.CompilerServices.AsyncTaskMethodBuilder.SetResult()
   at MegaCrit.Sts2.Core.Saves.GodotFileIo.WriteFileAsync(String path, Byte[] bytes)
   at System.Runtime.CompilerServices.AsyncTaskMethodBuilder`1.AsyncStateMachineBox`1.ExecutionContextCallback(Object s)
   at System.Threading.ExecutionContext.RunInternal(ExecutionContext executionContext, ContextCallback callback, Object state)
   at System.Runtime.CompilerServices.AsyncTaskMethodBuilder`1.AsyncStateMachineBox`1.MoveNext(Thread threadPoolThread)
   at System.Runtime.CompilerServices.AsyncTaskMethodBuilder`1.AsyncStateMachineBox`1.MoveNext()
   at System.Threading.Tasks.AwaitTaskContinuation.RunOrScheduleAction(IAsyncStateMachineBox box, Boolean allowInlining)
   at System.Threading.Tasks.Task.RunContinuations(Object continuationObject)
   at System.Threading.Tasks.Task.ExecuteWithThreadLocal(Task& currentTaskSlot, Thread threadPoolThread)
   at System.Threading.ThreadPoolWorkQueue.Dispatch()
   at System.Threading.PortableThreadPool.WorkerThread.WorkerThreadStart()

[INFO] Profile-scoped data path initialized: user://steam/76561199401820476/modded/profile1
[INFO] [com.ritsukage.sts2-RitsuLib] [Persistence] ProfileManager initialized with profile ID: 1
[INFO] [com.ritsukage.sts2-RitsuLib] [Saves] Progress mirror merged into loaded progress
[INFO] [com.ritsukage.sts2-RitsuLib] [Saves] Preserving unavailable progress records: characters=3, cards=2, encounters=1, enemies=1, discoveries=236, epochs=6
[INFO] [com.ritsukage.sts2-RitsuLib] [Saves] Suppressed 249 expected progress validation warning(s) for unavailable preserved records
[INFO] [Sentry.NET] Is running modded
[INFO] [Sentry.NET] Shutting down because event reporting is disabled.
[INFO] [Sentry.NET] Shutting down
[Sentry.GDExtension] Shutting down
[INFO] AtlasManager: Loaded controller_atlas with 112 sprites
[INFO] Preloading 'IntroLogo' assets... count=3 vfx=0
[INFO] Preloading 'IntroLogo' Complete: assets=3 time_elapsed=71ms
[INFO] Preloading 'MainMenuEssentials' assets... count=5 vfx=0
[INFO] Preloading 'MainMenuEssentials' Complete: assets=5 time_elapsed=222ms
[WARN] Asset not cached: res://debug_audio/SOTE_Logo_Echoing_ShortTail.mp3
[INFO] [com.ritsukage.sts2-RitsuLib] [RitsuLib-ModSettings] Merged from embedded: STS2RitsuLib.Settings.Localization.ModSettingsUi.zhs.json (545 entries, 545 new)
[INFO] [com.ritsukage.sts2-RitsuLib] [RitsuLib-ModSettings] Total: 545 entries from 1 source(s)
[INFO] [com.ritsukage.sts2-RitsuLib] [RitsuLib-ModSettings] Successfully reloaded translations for language 'zhs' (545 entries)
[INFO] [com.ritsukage.sts2-RitsuLib] [RitsuLib-ModSettings] Subscribed to locale change notifications
[WARN] Asset not cached: res://themes/settings_screen_line_header.tres
[WARN] Asset not cached: res://images/ui/reward_screen/reward_skip_button.png
[WARN] Asset not cached: res://scenes/ui/selection_reticle.tscn
[INFO] [BaseLib] More than 8 selection options, enabling character select scroll
[INFO] [Startup] Time to main menu (Godot ticks): 27795ms
[WARN] Asset not cached: res://TheQueen/images/charui/queen_boss.png
[INFO] [HextechRunes][Mayhem] Update checker UI attached: attempt=1 template=MegaLabel:/root/Game/RootSceneContainer/MainMenu/ModdedWarning host=NMainMenu:/root/Game/RootSceneContainer/MainMenu root=Window:/root noticeIndex=7.
[INFO] [QUICKRELOAD]: Tried to consume pending restart on main menu, but none was pending.
[INFO] [HextechRunes][Integrity] Connected to Natsuki official HextechRunes server: endpoint=http://39.96.216.77/latest-version.json latest=0.7.1 current=0.7.1
[INFO] [HextechRunes][Integrity] Official build fingerprint OK: version=0.7.1 target=0.103.3 dll=1230e39d1025 pck=470048bcc05a manifest=6751962f8d32
[INFO] [HextechRunes][Mayhem] Update check succeeded: latest=0.7.1, current=0.7.1
[INFO] Limiting background FPS to 30
[INFO] Restored foreground FPS
[INFO] [Startup] Time to main menu: 29,168ms
[INFO] [Startup] Resource stats (main menu loaded (essential)): StaticMem=0B, VRAM=483.3MB, Objects=14,085, Resources=712, Nodes=1,690, CachedAssets=14
[INFO] AtlasManager: Loaded epoch_atlas with 57 sprites
[INFO] AtlasManager: Loaded relic_atlas with 341 sprites
[INFO] AtlasManager: Loaded relic_outline_atlas with 341 sprites
[INFO] AtlasManager: Loaded power_atlas with 266 sprites
[INFO] AtlasManager: Loaded card_atlas with 864 sprites
[INFO] AtlasManager: Loaded potion_atlas with 63 sprites
[INFO] AtlasManager: Loaded potion_outline_atlas with 63 sprites
[INFO] AtlasManager: Loaded stats_screen_atlas with 16 sprites
[INFO] AtlasManager: Loaded intent_atlas with 310 sprites
[INFO] AtlasManager: Loaded era_atlas with 27 sprites
[WARN] [com.ritsukage.sts2-RitsuLib] [Assets] Missing resource path for BindingOathPreventerPower<BINDING_OATH_PREVENTER_POWER>.CustomIconPath: 'res://TheQueen/images/powers/binding_oath_preventer.png'. Falling back to the base asset.
[WARN] [com.ritsukage.sts2-RitsuLib] [Assets] Missing resource path for BindingOathPreventerPower<BINDING_OATH_PREVENTER_POWER>.CustomBigIconPath: 'res://TheQueen/images/powers/big/binding_oath_preventer.png'. Falling back to the base asset.
[WARN] [com.ritsukage.sts2-RitsuLib] [Assets] Missing resource path for EmptyCupPendingPower<EMPTY_CUP_PENDING_POWER>.CustomIconPath: 'res://TheQueen/images/powers/empty_cup_pending.png'. Falling back to the base asset.
[WARN] [com.ritsukage.sts2-RitsuLib] [Assets] Missing resource path for EmptyCupPendingPower<EMPTY_CUP_PENDING_POWER>.CustomBigIconPath: 'res://TheQueen/images/powers/big/empty_cup_pending.png'. Falling back to the base asset.
[WARN] [com.ritsukage.sts2-RitsuLib] [Assets] Missing resource path for MagicMirrorShardPendingPower<MAGIC_MIRROR_SHARD_PENDING_POWER>.CustomIconPath: 'res://TheQueen/images/powers/magic_mirror_shard_pending.png'. Falling back to the base asset.
[WARN] [com.ritsukage.sts2-RitsuLib] [Assets] Missing resource path for MagicMirrorShardPendingPower<MAGIC_MIRROR_SHARD_PENDING_POWER>.CustomBigIconPath: 'res://TheQueen/images/powers/big/magic_mirror_shard_pending.png'. Falling back to the base asset.
[WARN] [com.ritsukage.sts2-RitsuLib] [Assets] Missing resource path for NoisePendingPower<NOISE_PENDING_POWER>.CustomIconPath: 'res://TheQueen/images/powers/noise_pending.png'. Falling back to the base asset.
[WARN] [com.ritsukage.sts2-RitsuLib] [Assets] Missing resource path for NoisePendingPower<NOISE_PENDING_POWER>.CustomBigIconPath: 'res://TheQueen/images/powers/big/noise_pending.png'. Falling back to the base asset.
[WARN] [com.ritsukage.sts2-RitsuLib] [Assets] Missing resource path for QueenWitheringPresencePower<QUEEN_WITHERING_PRESENCE_POWER>.CustomIconPath: 'res://images/atlases/power_atlas.sprites/withering_presence_power.tres'. Falling back to the base asset.
[WARN] [com.ritsukage.sts2-RitsuLib] [Assets] Missing resource path for QueenWitheringPresencePower<QUEEN_WITHERING_PRESENCE_POWER>.CustomBigIconPath: 'res://images/powers/withering_presence_power.png'. Falling back to the base asset.
[WARN] [com.ritsukage.sts2-RitsuLib] [Assets] Missing resource path for TaintedPower<TAINTED_POWER>.CustomIconPath: 'res://TheQueen/images/powers/tainted.png'. Falling back to the base asset.
[WARN] [com.ritsukage.sts2-RitsuLib] [Assets] Missing resource path for TaintedPower<TAINTED_POWER>.CustomBigIconPath: 'res://TheQueen/images/powers/big/tainted.png'. Falling back to the base asset.
[INFO] [com.ritsukage.sts2-RitsuLib] [Compat] External framework presence refreshed (deferred initialization completed).
[INFO] [com.ritsukage.sts2-RitsuLib] [HealthBarForecast] Registered BaseLib bridge provider.
[INFO] [com.ritsukage.sts2-RitsuLib] [HealthBarGraft] BaseLib graft registry type not found.
[INFO] [com.ritsukage.sts2-RitsuLib] [Patcher - framework core] Applying 13 dynamic patch(es)...
[INFO] [com.ritsukage.sts2-RitsuLib] [Patcher - framework core] Dynamic patch application complete: 13/13 succeeded
[INFO] [com.ritsukage.sts2-RitsuLib] [MaxHandSize] RitsuLib hand-size patch set installed (compat 0.103.2 profile).
[INFO] [com.ritsukage.sts2-RitsuLib] [Audio] FMOD guid map OK: res://STS2_WineFox/sfx/characters/WineFox.guids.txt (1 event path(s))
[INFO] [com.ritsukage.sts2-RitsuLib] [Audio] deferred FMOD flush complete (banks=1, guid files=1).
[INFO] Unloading 7 missed cache assets
[INFO] [com.ritsukage.sts2-RitsuLib] [Telemetry] Registered applicant 'com.ritsukage.sts2-RitsuLib' -> https://ritsulib-telemetry.ritsukage.com/v1/ingest (3 request(s)).
[INFO] [com.ritsukage.sts2-RitsuLib] [Telemetry] Captured persistent startup telemetry snapshot.
[INFO] [com.ritsukage.sts2-RitsuLib] [Telemetry] Refreshed startup mod inventory snapshot (MainMenuReadyEvent).
[INFO] [com.ritsukage.sts2-RitsuLib] [Telemetry] Replaying startup event 'session_start' to applicant 'com.ritsukage.sts2-RitsuLib'.
[INFO] [com.ritsukage.sts2-RitsuLib] [Telemetry] Queued event 'session_start' for applicant 'com.ritsukage.sts2-RitsuLib'. Queue size: 1.
[INFO] [com.ritsukage.sts2-RitsuLib] [Telemetry] Sending 1 queued event(s) for applicant 'com.ritsukage.sts2-RitsuLib' via http_json.
[INFO] [com.ritsukage.sts2-RitsuLib] [Telemetry] Replaying startup event 'mod_inventory' to applicant 'com.ritsukage.sts2-RitsuLib'.
[INFO] [com.ritsukage.sts2-RitsuLib] [Telemetry] Queued event 'mod_inventory' for applicant 'com.ritsukage.sts2-RitsuLib'. Queue size: 2.
[INFO] [com.ritsukage.sts2-RitsuLib] [Telemetry] Flush skipped for 'com.ritsukage.sts2-RitsuLib': another send is already in progress.
[INFO] [com.ritsukage.sts2-RitsuLib] [Telemetry] No pending first-run consent prompt; flushing authorized startup telemetry.
[INFO] [com.ritsukage.sts2-RitsuLib] [Telemetry] Flush skipped for 'com.ritsukage.sts2-RitsuLib': another send is already in progress.
[INFO] [com.ritsukage.sts2-RitsuLib] 
=== RitsuLib Startup Audit: launch to main menu ===
  settingsStore: 263.1 ms
  debugLogViewer: 7.9 ms
  modSettingsBootstrap: 20.5 ms
  telemetryBootstrap: 1.4 ms
  mobileSteamRuntime: 0.1 ms
  imageResourceLoader: 0.9 ms
  godotNodeFactories: 1.8 ms
  modTypeDiscoveryBuiltIns: 0.4 ms
  frameworkBuiltIns: 0.1 ms (inclusive 3.3 ms)
  registerPatches: 44.0 ms
  patchAll.Core(356): 1350.8 ms
  patchAll.SettingsUi(5): 15.6 ms
  patchAll.ContentAssets(110): 141.5 ms
  patchAll.CharacterAssets(47): 120.5 ms
  patchAll.ContentRegistry(24): 67.5 ms
  patchAll.Persistence(3): 7.1 ms
  patchAll.Unlocks(23): 46.1 ms
  patchAll: 1.3 ms (inclusive 1750.5 ms)
  modDataInterop: 2.3 ms
  runtimeServices: 4.6 ms
  modTypeDiscovery.runOnce: 136.7 ms
  flushDeferredContentPacks: 3.1 ms
  modelDb.validateCollisions: 1.2 ms
  modelDb.injectDynamicModels: 2.0 ms
  modelDb.validateBaseLibDynamicEnums: 24.0 ms
  ---
  RitsuLib exclusive self-time total: 2264.5 ms
[INFO] [BaseLib] [HarmonyDump][Auto] Wrote Harmony patch dump to: E:\SteamLibrary\steamapps\common\Slay the Spire 2\baselib_harmony_patch_dump.log
[INFO] Preloading 'Common' assets... count=701 vfx=86
[INFO] [Startup] Resource stats (main menu loaded (complete)): StaticMem=0B, VRAM=785.7MB, Objects=13,913, Resources=710, Nodes=1,697, CachedAssets=5
[INFO] [com.ritsukage.sts2-RitsuLib] [Telemetry] Sent 1 event(s) for applicant 'com.ritsukage.sts2-RitsuLib'. Remaining queue size: 1.
[INFO] [com.ritsukage.sts2-RitsuLib] [Telemetry] Sending 1 queued event(s) for applicant 'com.ritsukage.sts2-RitsuLib' via http_json.
[INFO] [com.ritsukage.sts2-RitsuLib] [Telemetry] Sent 1 event(s) for applicant 'com.ritsukage.sts2-RitsuLib'. Remaining queue size: 0.
[INFO] [com.ritsukage.sts2-RitsuLib] [Telemetry] Flush skipped for 'com.ritsukage.sts2-RitsuLib': queue is empty.
[INFO] [com.ritsukage.sts2-RitsuLib] [Persistence] [runtime_reflection_spine_profile_auto] Using default values: File not found
[INFO] Preloading 'Common' Complete: assets=787 time_elapsed=9,882ms
[INFO] [QUICKRELOAD]: RunManager.InitializeRunLobby postfix called on Singleplayer. netId=1
[INFO] [QUICKRELOAD]: Not a multiplayer run, skipping QuickReload message handler registration.
[INFO] Continuing run with character: CHARACTER.THE_QUEEN_CHARACTER_QUEEN_CHARACTER
[INFO] Preloading 'characters=THE_QUEEN_CHARACTER_QUEEN_CHARACTER' assets... count=9 vfx=6
[INFO] Preloading 'characters=THE_QUEEN_CHARACTER_QUEEN_CHARACTER' Complete: assets=15 time_elapsed=1,171ms
[INFO] Preloading 'Act=HIVE' assets... count=8 vfx=0
[INFO] Preloading 'Act=HIVE' Complete: assets=8 time_elapsed=636ms
[WARN] Asset not cached: res://themes/settings_screen_line_header.tres
[WARN] Asset not cached: res://images/ui/reward_screen/reward_skip_button.png
[WARN] Asset not cached: res://scenes/ui/selection_reticle.tscn
[WARN] Asset not cached: res://scenes/ui/top_bar/top_bar_modifier.tscn
[WARN] Asset not cached: res://HextechRunes/images/relics/prismaticForge.png
[INFO] [HextechRunes][Mayhem] EnemyUi.HideMayhemModifierBadge: removed top bar modifier badge
[INFO] [HextechRunes][Mayhem] EnemyUi.Refresh: active=SpeedDemon,WarmogsSpirit
[WARN] Asset not cached: res://scenes/relics/relic_basic_holder.tscn
[INFO] [HextechRunes][Mayhem] EnemyUi delayed refresh: reason=NTopBar.Initialize frame=0 recovered=False actIndex=1 resolved=1,1,0 rarity=0,1,-1 monster=36,54,-1 carried= mapReduced=
[INFO] Preloading 'Event Room' assets... count=2 vfx=0
[INFO] Preloading 'Event Room' Complete: assets=2 time_elapsed=473ms
[WARN] Asset not cached: res://TheQueen/images/charui/big_energy.png
[INFO] [HextechRunes][Mayhem] OnRoomEntered: room=EventRoom actIndex=1 actResolved=True startedWithNeow=True eventState=DARV finished=False options=4
[INFO] [HextechRunes][Mayhem] EnemyUi.Refresh: active=SpeedDemon,WarmogsSpirit
[WARN] Asset not cached: res://scenes/vfx/vfx_cross_heal_fullscreen.tscn
[INFO] [BaseLib] Checking for additional interactions with DARV
[WARN] Asset not cached: res://scenes/events/ancient_dialogue_line.tscn
[INFO] [HextechRunes][Mayhem] EnemyUi.Refresh: active=SpeedDemon,WarmogsSpirit
[INFO] [HextechRunes][Mayhem] EnemyUi delayed refresh: reason=LoadRun frame=0 recovered=False actIndex=1 resolved=1,1,0 rarity=0,1,-1 monster=36,54,-1 carried= mapReduced=
[WARN] [RoutePlanner] UI added via CanvasLayer
[WARN] [RoutePlanner] strategy: MaxElite
[WARN] [RoutePlanner] MaxElite: 3 elites, 12/92 paths
[WARN] [RoutePlanner] highlighted 28 segments across 12 paths
[INFO] Player vote changed for 1: ->MapVote (gen: 1 coord: (5, 1))
[WARN] [RoutePlanner] MaxElite: 3 elites, 6/44 paths
[INFO] [HextechRunes][Mayhem] OnRoomExited: currentRoom=null lastHistoryRoom=Event model=DARV
[INFO] Wrote 345487 bytes to path=user://steam/76561199401820476/modded/profile1\saves\progress.save save_dir=user://steam/76561199401820476
[INFO] Wrote 345487 bytes to modded/profile1/saves/progress.save in steam remote store
[INFO] Wrote 80414 bytes to path=user://steam/76561199401820476/modded/profile1\saves\current_run.save save_dir=user://steam/76561199401820476
[INFO] Wrote 80414 bytes to modded/profile1/saves/current_run.save in steam remote store
[INFO] Preloading 'Combat Room' assets... count=11 vfx=0
[INFO] Preloading 'Combat Room' Complete: assets=11 time_elapsed=614ms
[INFO] Creating NCombatRoom with mode=ActiveCombat encounter=BOWLBUGS_WEAK.
[INFO] [com.ritsukage.sts2-RitsuLib] [Godot] Creating NCreatureVisuals from scene res://TheQueen/scenes/creature_visuals/queen_character.tscn
[INFO] [com.ritsukage.sts2-RitsuLib] [Godot] Creating NEnergyCounter from scene res://TheQueen/scenes/ui/queen_energy_counter.tscn
[WARN] Asset not cached: res://images/powers/imbalanced_power.png
[INFO] [HextechRunes][Mayhem] EnemyUi.Refresh: active=SpeedDemon,WarmogsSpirit
[INFO] [HextechRunes][Mayhem] EnemyUi.Refresh: active=SpeedDemon,WarmogsSpirit
[WARN] Asset not cached: res://TheQueen/scenes/creature_visuals/torch_head_amalgam_minion.tscn
[WARN] Asset not cached: res://images/atlases/intent_atlas.sprites/intent_sleep.tres
[WARN] [RoutePlanner] MaxElite: 3 elites, 6/44 paths
[INFO] [HextechRunes][Mayhem] OnRoomEntered: room=CombatRoom actIndex=1 actResolved=True startedWithNeow=True eventState=none
[INFO] [HextechRunes][Mayhem] EnemyUi.Refresh: active=SpeedDemon,WarmogsSpirit
[INFO] [HextechRunes][Mayhem] EnemyUi.Refresh: active=SpeedDemon,WarmogsSpirit
[WARN] Asset not cached: res://scenes/cards/overlays/afflictions/bound.tscn
[WARN] Asset not cached: res://TheQueen/images/charui/text_energy.png
[INFO] [com.ritsukage.sts2-RitsuLib] [CardTargeting] BaseLib custom TargetType type not found.
[INFO] Player 1 playing card THE_QUEEN_CARD_ASHEN_WALL (no target)
[WARN] Asset not cached: res://scenes/vfx/ui/vfx_buff_applied.tscn
[INFO] Player 1 playing card THE_QUEEN_CARD_PURIFICATION_RITE (no target)
[INFO] Player 1 playing card THE_QUEEN_CARD_PUNCH_OFF (no target)
[WARN] Asset not cached: res://TheQueen/scenes/vfx/learn_intent_applied_vfx.tscn
[WARN] Asset not cached: res://images/atlases/intent_atlas.sprites/intent_debuff.tres
[INFO] Player 1 playing card THE_QUEEN_CARD_GEM_SHIELD (no target)
[WARN] Asset not cached: res://images/powers/energy_next_turn_power.png
[WARN] Asset not cached: res://scenes/vfx/ui/vfx_debuff_applied.tscn
[WARN] AtlasResourceLoader: Missing sprite 'hextech_burn_power' in power_atlas (requested: res://images/atlases/power_atlas.sprites/hextech_burn_power.tres)
[WARN] Asset not cached: res://images/powers/missing_power.png
ERROR: System.NullReferenceException: Object reference not set to an instance of an object.
   at ComicChess.TheQueen.NewNAmalgamVfx.PlayLaserHit(Boolean starting)
   at ComicChess.TheQueen.NewNAmalgamVfx.OnAnimationEvent(GodotObject _, GodotObject __, GodotObject ___, GodotObject spineEvent)
   at Godot.Callable.<From>g__Trampoline|5_0[T0,T1,T2,T3](Object delegateObj, NativeVariantPtrArgs args, godot_variant& ret)
   at Godot.DelegateUtils.InvokeWithVariantArgs(IntPtr delegateGCHandle, Void* trampoline, godot_variant** args, Int32 argc, godot_variant* outRet)
   at: void Godot.NativeInterop.ExceptionUtils.LogException(System.Exception) (:0)
   C# backtrace (most recent call first):
       [0] void Godot.GD.PushError(string)
       [1] void Godot.NativeInterop.ExceptionUtils.LogException(System.Exception)
       [2] void Godot.DelegateUtils.InvokeWithVariantArgs(nint, System.Void*, Godot.NativeInterop.godot_variant**, int, Godot.NativeInterop.godot_variant*)
[WARN] Asset not cached: res://images/powers/weak_power.png
[INFO] Monster BOWLBUG_ROCK performing move HEADBUTT_MOVE
[INFO] Monster BOWLBUG_EGG performing move BITE_MOVE
[INFO] [HextechRunes][Mayhem] EnemyUi.Refresh: active=SpeedDemon,WarmogsSpirit
[WARN] Asset not cached: res://images/powers/plating_power.png
[WARN] Asset not cached: res://images/enchantments/spiral.png
[INFO] Player 1 playing card THE_QUEEN_CARD_HARDENED_SHELL (no target)
[WARN] Asset not cached: res://scenes/ui/card_hover_tip.tscn
[INFO] Player 1 playing card THE_QUEEN_CARD_SUMMON_SOUL (no target)
[INFO] Player 1 playing card THE_QUEEN_CARD_SOUL_DEFEND (no target)
[INFO] Player 1 playing card THE_QUEEN_CARD_SOUL_STRIKE (targeting 盛碗虫（石） (index 2))
[INFO] Player 1 playing card THE_QUEEN_CARD_ASTROLABE (no target)
[INFO] Player 1 playing card THE_QUEEN_CARD_MORNING_STAR (no target)
[INFO] Player 1 playing card THE_QUEEN_CARD_EVENING_STAR (no target)
[INFO] Player 1 playing card THE_QUEEN_CARD_TIME_TRICK (targeting 盛碗虫（石） (index 2))
[INFO] Player 1 chose cards [THE_QUEEN_CARD_MORNING_STAR,THE_QUEEN_CARD_MANDRAGORA]
[INFO] Player 1 playing card THE_QUEEN_CARD_MANDRAGORA (no target)
[INFO] Player 1 chose cards [THE_QUEEN_CARD_MORNING_STAR]
[INFO] Player 1 playing card THE_QUEEN_CARD_MORNING_STAR (no target)
[INFO] Player 1 playing card THE_QUEEN_CARD_EVENING_STAR (no target)
[INFO] Player 1 playing card THE_QUEEN_CARD_EVENING_STAR (no target)
[INFO] Monster BOWLBUG_ROCK performing move HEADBUTT_MOVE
[INFO] Monster BOWLBUG_EGG performing move BITE_MOVE
[INFO] [HextechRunes][Mayhem] EnemyUi.Refresh: active=SpeedDemon,WarmogsSpirit
[INFO] Player 1 playing card THE_QUEEN_CARD_SOUL_LOCK_CASKET (targeting 盛碗虫（石） (index 2))
[INFO] Player 1 playing card THE_QUEEN_CARD_PRISMATIC_ART (no target)
[INFO] Player 1 playing card THE_QUEEN_CARD_SHRIEK (no target)
ERROR: System.NullReferenceException: Object reference not set to an instance of an object.
   at ComicChess.TheQueen.NewNAmalgamVfx.PlayLaserHit(Boolean starting)
   at ComicChess.TheQueen.NewNAmalgamVfx.OnAnimationEvent(GodotObject _, GodotObject __, GodotObject ___, GodotObject spineEvent)
   at Godot.Callable.<From>g__Trampoline|5_0[T0,T1,T2,T3](Object delegateObj, NativeVariantPtrArgs args, godot_variant& ret)
   at Godot.DelegateUtils.InvokeWithVariantArgs(IntPtr delegateGCHandle, Void* trampoline, godot_variant** args, Int32 argc, godot_variant* outRet)
   at: void Godot.NativeInterop.ExceptionUtils.LogException(System.Exception) (:0)
   C# backtrace (most recent call first):
       [0] void Godot.GD.PushError(string)
       [1] void Godot.NativeInterop.ExceptionUtils.LogException(System.Exception)
       [2] void Godot.DelegateUtils.InvokeWithVariantArgs(nint, System.Void*, Godot.NativeInterop.godot_variant**, int, Godot.NativeInterop.godot_variant*)
[INFO] Monster BOWLBUG_EGG performing move BITE_MOVE
[INFO] [HextechRunes][Mayhem] EnemyUi.Refresh: active=SpeedDemon,WarmogsSpirit
[INFO] Player 1 playing card THE_QUEEN_CARD_SKITTISH (no target)
[INFO] Player 1 playing card THE_QUEEN_CARD_SPIKEN (no target)
[WARN] Asset not cached: res://images/atlases/intent_atlas.sprites/intent_buff.tres
[INFO] Player 1 playing card THE_QUEEN_CARD_PURIFICATION_RITE (no target)
[INFO] Player 1 playing card THE_QUEEN_CARD_CORPSE_SLUG_HUNGER (no target)
[INFO] Monster BOWLBUG_EGG performing move BITE_MOVE
[WARN] Asset not cached: res://images/powers/block_next_turn_power.png
[INFO] [HextechRunes][Mayhem] EnemyUi.Refresh: active=SpeedDemon,WarmogsSpirit
[INFO] Player 1 playing card THE_QUEEN_CARD_SKITTISH (no target)
[INFO] Player 1 playing card THE_QUEEN_CARD_LAMP_DRIVE (no target)
[INFO] Player 1 playing card THE_QUEEN_CARD_SPINNING_KICK (no target)
ERROR: System.NullReferenceException: Object reference not set to an instance of an object.
   at ComicChess.TheQueen.NewNAmalgamVfx.PlayLaserHit(Boolean starting)
   at ComicChess.TheQueen.NewNAmalgamVfx.OnAnimationEvent(GodotObject _, GodotObject __, GodotObject ___, GodotObject spineEvent)
   at Godot.Callable.<From>g__Trampoline|5_0[T0,T1,T2,T3](Object delegateObj, NativeVariantPtrArgs args, godot_variant& ret)
   at Godot.DelegateUtils.InvokeWithVariantArgs(IntPtr delegateGCHandle, Void* trampoline, godot_variant** args, Int32 argc, godot_variant* outRet)
   at: void Godot.NativeInterop.ExceptionUtils.LogException(System.Exception) (:0)
   C# backtrace (most recent call first):
       [0] void Godot.GD.PushError(string)
       [1] void Godot.NativeInterop.ExceptionUtils.LogException(System.Exception)
       [2] void Godot.DelegateUtils.InvokeWithVariantArgs(nint, System.Void*, Godot.NativeInterop.godot_variant**, int, Godot.NativeInterop.godot_variant*)
[WARN] Warning: Packet writer is growing from 1024 bytes to 2048 bytes!
[WARN] Warning: Packet writer is growing from 2048 bytes to 4096 bytes!
[WARN] Warning: Packet writer is growing from 4096 bytes to 8192 bytes!
[INFO] Wrote 82641 bytes to path=user://steam/76561199401820476/modded/profile1\saves\current_run.save save_dir=user://steam/76561199401820476
[INFO] Wrote 82641 bytes to modded/profile1/saves/current_run.save in steam remote store
[INFO] CHARACTER.THE_QUEEN_CHARACTER_QUEEN_CHARACTER has won against encounter ENCOUNTER.BOWLBUGS_WEAK. That's 14 wins
[INFO] CHARACTER.THE_QUEEN_CHARACTER_QUEEN_CHARACTER has killed a MONSTER.BOWLBUG_ROCK. That's 24 kills
[INFO] CHARACTER.THE_QUEEN_CHARACTER_QUEEN_CHARACTER has killed a MONSTER.BOWLBUG_EGG. That's 10 kills
[INFO] Wrote 345488 bytes to path=user://steam/76561199401820476/modded/profile1\saves\progress.save save_dir=user://steam/76561199401820476
[INFO] Wrote 345488 bytes to modded/profile1/saves/progress.save in steam remote store
[INFO] Card rarity: Rolled 0.2306109, need < -0.0351 for rare (offset = -0.05)
[INFO] Card rarity: Rolled 0.6246268, need < -0.030100003 for rare (offset = -0.045)
[INFO] Card rarity: Rolled 0.12967214, need < -0.025100004 for rare (offset = -0.040000003)
[INFO] Card rarity: Rolled 0.09276644, need < -0.020100005 for rare (offset = -0.035000004)
[INFO] Card rarity: Rolled 0.8816583, need < -0.015100005 for rare (offset = -0.030000005)
[INFO] Card rarity: Rolled 0.08274134, need < -0.010100006 for rare (offset = -0.025000006)
[INFO] Obtained 14 gold from reward
[INFO] Card reward selected
[INFO] Card reward selected
[INFO] Obtained CARD.WISP from card reward
[WARN] [RoutePlanner] MaxElite: 3 elites, 6/44 paths
[WARN] [RoutePlanner] UI added via CanvasLayer
[WARN] [RoutePlanner] highlighted 24 segments across 6 paths
[INFO] Player vote changed for 1: ->MapVote (gen: 1 coord: (5, 2))
[WARN] [RoutePlanner] MaxElite: 3 elites, 6/44 paths
[INFO] [HextechRunes][Mayhem] OnRoomExited: currentRoom=null lastHistoryRoom=Monster model=BOWLBUGS_WEAK
[INFO] Wrote 345488 bytes to path=user://steam/76561199401820476/modded/profile1\saves\progress.save save_dir=user://steam/76561199401820476
[INFO] Wrote 345488 bytes to modded/profile1/saves/progress.save in steam remote store
[INFO] Wrote 82818 bytes to path=user://steam/76561199401820476/modded/profile1\saves\current_run.save save_dir=user://steam/76561199401820476
[INFO] Wrote 82818 bytes to modded/profile1/saves/current_run.save in steam remote store
[INFO] Preloading 'Combat Room' assets... count=3 vfx=0
[INFO] Preloading 'Combat Room' Complete: assets=3 time_elapsed=142ms
[INFO] Creating NCombatRoom with mode=ActiveCombat encounter=EXOSKELETONS_WEAK.
[INFO] [com.ritsukage.sts2-RitsuLib] [Godot] Creating NCreatureVisuals from scene res://TheQueen/scenes/creature_visuals/queen_character.tscn
[WARN] Asset not cached: res://materials/vfx/hsv.tres
[INFO] [com.ritsukage.sts2-RitsuLib] [Godot] Creating NEnergyCounter from scene res://TheQueen/scenes/ui/queen_energy_counter.tscn
[WARN] Asset not cached: res://images/powers/hard_to_kill_power.png
[INFO] [HextechRunes][Mayhem] EnemyUi.Refresh: active=SpeedDemon,WarmogsSpirit
[INFO] [HextechRunes][Mayhem] EnemyUi.Refresh: active=SpeedDemon,WarmogsSpirit
[WARN] [RoutePlanner] MaxElite: 3 elites, 6/44 paths
[INFO] [HextechRunes][Mayhem] OnRoomEntered: room=CombatRoom actIndex=1 actResolved=True startedWithNeow=True eventState=none
[INFO] [HextechRunes][Mayhem] EnemyUi.Refresh: active=SpeedDemon,WarmogsSpirit
[INFO] [HextechRunes][Mayhem] EnemyUi.Refresh: active=SpeedDemon,WarmogsSpirit
[INFO] Player 1 playing card WISP (no target)
[INFO] Player 1 playing card THE_QUEEN_CARD_SHRIEK (no target)
[INFO] Player 1 playing card THE_QUEEN_CARD_SPIKEN (no target)
[INFO] Player 1 playing card THE_QUEEN_CARD_HARDENED_SHELL (no target)
[INFO] Player 1 playing card THE_QUEEN_CARD_PRISMATIC_ART (no target)
[INFO] Monster EXOSKELETON performing move SKITTER_MOVE
[INFO] Monster EXOSKELETON performing move MANDIBLE_MOVE
[INFO] Monster EXOSKELETON performing move ENRAGE_MOVE
[WARN] Asset not cached: res://images/powers/strength_power.png
[INFO] [HextechRunes][Mayhem] EnemyUi.Refresh: active=SpeedDemon,WarmogsSpirit
[INFO] Player 1 playing card THE_QUEEN_CARD_TIME_TRICK (targeting 外骨骼虫 (index 2))
[INFO] Player 1 chose cards [THE_QUEEN_CARD_ASTROLABE,THE_QUEEN_CARD_PURIFICATION_RITE]
[INFO] Player 1 playing card THE_QUEEN_CARD_PURIFICATION_RITE (no target)
[INFO] Player 1 playing card THE_QUEEN_CARD_ASTROLABE (no target)
[INFO] Player 1 playing card THE_QUEEN_CARD_MORNING_STAR (no target)
[INFO] Player 1 playing card THE_QUEEN_CARD_EVENING_STAR (no target)
[INFO] Player 1 playing card THE_QUEEN_CARD_ASHEN_WALL (no target)
[INFO] Player 1 playing card THE_QUEEN_CARD_SKITTISH (no target)
[INFO] Player 1 playing card THE_QUEEN_CARD_MORNING_STAR (no target)
[INFO] Player 1 playing card THE_QUEEN_CARD_EVENING_STAR (no target)
[INFO] Player 1 playing card THE_QUEEN_CARD_PUNCH_OFF (no target)
[WARN] Asset not cached: res://images/atlases/intent_atlas.sprites/intent_defend.tres
ERROR: System.NullReferenceException: Object reference not set to an instance of an object.
   at ComicChess.TheQueen.NewNAmalgamVfx.PlayLaserHit(Boolean starting)
   at ComicChess.TheQueen.NewNAmalgamVfx.OnAnimationEvent(GodotObject _, GodotObject __, GodotObject ___, GodotObject spineEvent)
   at Godot.Callable.<From>g__Trampoline|5_0[T0,T1,T2,T3](Object delegateObj, NativeVariantPtrArgs args, godot_variant& ret)
   at Godot.DelegateUtils.InvokeWithVariantArgs(IntPtr delegateGCHandle, Void* trampoline, godot_variant** args, Int32 argc, godot_variant* outRet)
   at: void Godot.NativeInterop.ExceptionUtils.LogException(System.Exception) (:0)
   C# backtrace (most recent call first):
       [0] void Godot.GD.PushError(string)
       [1] void Godot.NativeInterop.ExceptionUtils.LogException(System.Exception)
       [2] void Godot.DelegateUtils.InvokeWithVariantArgs(nint, System.Void*, Godot.NativeInterop.godot_variant**, int, Godot.NativeInterop.godot_variant*)
[INFO] Monster EXOSKELETON performing move ENRAGE_MOVE
[INFO] Monster EXOSKELETON performing move SKITTER_MOVE
[INFO] [HextechRunes][Mayhem] EnemyUi.Refresh: active=SpeedDemon,WarmogsSpirit
[INFO] Player 1 playing card THE_QUEEN_CARD_SKITTISH (no target)
[INFO] Player 1 playing card IRON_WAVE (targeting 外骨骼虫 (index 2))
[INFO] Player 1 playing card IRON_WAVE (targeting 外骨骼虫 (index 2))
[INFO] Player 1 playing card THE_QUEEN_CARD_ASTROLABE (no target)
[INFO] Player 1 playing card THE_QUEEN_CARD_CORPSE_SLUG_HUNGER (no target)
[INFO] Monster EXOSKELETON performing move SKITTER_MOVE
[INFO] Monster EXOSKELETON performing move MANDIBLE_MOVE
[INFO] Wrote 84625 bytes to path=user://steam/76561199401820476/modded/profile1\saves\current_run.save save_dir=user://steam/76561199401820476
[INFO] Wrote 84625 bytes to modded/profile1/saves/current_run.save in steam remote store
[INFO] CHARACTER.THE_QUEEN_CHARACTER_QUEEN_CHARACTER has won against encounter ENCOUNTER.EXOSKELETONS_WEAK. That's 20 wins
[INFO] CHARACTER.THE_QUEEN_CHARACTER_QUEEN_CHARACTER has killed a MONSTER.EXOSKELETON. That's 94 kills
[INFO] CHARACTER.THE_QUEEN_CHARACTER_QUEEN_CHARACTER has killed a MONSTER.EXOSKELETON. That's 95 kills
[INFO] CHARACTER.THE_QUEEN_CHARACTER_QUEEN_CHARACTER has killed a MONSTER.EXOSKELETON. That's 96 kills
[INFO] Wrote 345488 bytes to path=user://steam/76561199401820476/modded/profile1\saves\progress.save save_dir=user://steam/76561199401820476
[INFO] Wrote 345488 bytes to modded/profile1/saves/progress.save in steam remote store
[INFO] Card rarity: Rolled 0.95104873, need < -0.005100007 for rare (offset = -0.020000007)
[INFO] Card rarity: Rolled 0.33940655, need < -0.00010000728 for rare (offset = -0.015000007)
[INFO] Card rarity: Rolled 0.16313373, need < 0.0048999926 for rare (offset = -0.010000007)
[INFO] Card rarity: Rolled 0.20287271, need < 0.0098999925 for rare (offset = -0.0050000073)
[INFO] Card rarity: Rolled 0.82620037, need < 0.014899992 for rare (offset = -7.450581E-09)
[INFO] Card rarity: Rolled 0.39030108, need < 0.019899992 for rare (offset = 0.0049999924)
[INFO] Obtained 13 gold from reward
[INFO] Card reward selected
[INFO] Obtained CARD.THE_QUEEN_CARD_ASHEN_WALL from card reward
[INFO] Card reward selected
[INFO] Obtained CARD.SUCKER_PUNCH from card reward
[WARN] [RoutePlanner] MaxElite: 3 elites, 6/44 paths
[WARN] [RoutePlanner] UI added via CanvasLayer
[WARN] [RoutePlanner] highlighted 23 segments across 6 paths
[INFO] Player vote changed for 1: ->MapVote (gen: 1 coord: (4, 3))
[WARN] [RoutePlanner] MaxElite: 3 elites, 6/44 paths
[INFO] [HextechRunes][Mayhem] OnRoomExited: currentRoom=null lastHistoryRoom=Monster model=EXOSKELETONS_WEAK
[INFO] Wrote 345488 bytes to path=user://steam/76561199401820476/modded/profile1\saves\progress.save save_dir=user://steam/76561199401820476
[INFO] Wrote 345488 bytes to modded/profile1/saves/progress.save in steam remote store
[INFO] Wrote 85710 bytes to path=user://steam/76561199401820476/modded/profile1\saves\current_run.save save_dir=user://steam/76561199401820476
[INFO] Wrote 85710 bytes to modded/profile1/saves/current_run.save in steam remote store
[INFO] Preloading 'Combat Room' assets... count=7 vfx=0
[INFO] Preloading 'Combat Room' Complete: assets=7 time_elapsed=123ms
[INFO] Creating NCombatRoom with mode=ActiveCombat encounter=SLUMBERING_BEETLE_NORMAL.
[INFO] [com.ritsukage.sts2-RitsuLib] [Godot] Creating NCreatureVisuals from scene res://TheQueen/scenes/creature_visuals/queen_character.tscn
[INFO] [com.ritsukage.sts2-RitsuLib] [Godot] Creating NEnergyCounter from scene res://TheQueen/scenes/ui/queen_energy_counter.tscn
[WARN] Asset not cached: res://images/powers/slumber_power.png
[WARN] Asset not cached: res://scenes/vfx/vfx_sleeping.tscn
[INFO] [HextechRunes][Mayhem] EnemyUi.Refresh: active=SpeedDemon,WarmogsSpirit
[INFO] [HextechRunes][Mayhem] EnemyUi.Refresh: active=SpeedDemon,WarmogsSpirit
[WARN] [RoutePlanner] MaxElite: 3 elites, 6/44 paths
[INFO] [HextechRunes][Mayhem] OnRoomEntered: room=CombatRoom actIndex=1 actResolved=True startedWithNeow=True eventState=none
[INFO] [HextechRunes][Mayhem] EnemyUi.Refresh: active=SpeedDemon,WarmogsSpirit
[INFO] [HextechRunes][Mayhem] EnemyUi.Refresh: active=SpeedDemon,WarmogsSpirit
[INFO] Player 1 playing card THE_QUEEN_CARD_MANDRAGORA (no target)
[INFO] Player 1 chose cards [THE_QUEEN_CARD_ASTROLABE]
[INFO] Player 1 playing card THE_QUEEN_CARD_ASTROLABE (no target)
[INFO] Player 1 playing card THE_QUEEN_CARD_PUNCH_OFF (no target)
[INFO] Player 1 playing card THE_QUEEN_CARD_GEM_SHIELD (no target)
[INFO] Player 1 playing card THE_QUEEN_CARD_MORNING_STAR (no target)
[INFO] Player 1 playing card THE_QUEEN_CARD_EVENING_STAR (no target)
[INFO] Player 1 playing card THE_QUEEN_CARD_SKITTISH (no target)
ERROR: System.NullReferenceException: Object reference not set to an instance of an object.
   at ComicChess.TheQueen.NewNAmalgamVfx.PlayLaserHit(Boolean starting)
   at ComicChess.TheQueen.NewNAmalgamVfx.OnAnimationEvent(GodotObject _, GodotObject __, GodotObject ___, GodotObject spineEvent)
   at Godot.Callable.<From>g__Trampoline|5_0[T0,T1,T2,T3](Object delegateObj, NativeVariantPtrArgs args, godot_variant& ret)
   at Godot.DelegateUtils.InvokeWithVariantArgs(IntPtr delegateGCHandle, Void* trampoline, godot_variant** args, Int32 argc, godot_variant* outRet)
   at: void Godot.NativeInterop.ExceptionUtils.LogException(System.Exception) (:0)
   C# backtrace (most recent call first):
       [0] void Godot.GD.PushError(string)
       [1] void Godot.NativeInterop.ExceptionUtils.LogException(System.Exception)
       [2] void Godot.DelegateUtils.InvokeWithVariantArgs(nint, System.Void*, Godot.NativeInterop.godot_variant**, int, Godot.NativeInterop.godot_variant*)
[INFO] Monster BOWLBUG_ROCK performing move HEADBUTT_MOVE
[INFO] Monster BOWLBUG_SILK performing move TOXIC_SPIT_MOVE
[INFO] Monster SLUMBERING_BEETLE performing move SNORE_MOVE
[INFO] [HextechRunes][Mayhem] EnemyUi.Refresh: active=SpeedDemon,WarmogsSpirit
[INFO] Player 1 playing card THE_QUEEN_CARD_PURIFICATION_RITE (no target)
[INFO] Player 1 playing card THE_QUEEN_CARD_CORPSE_SLUG_HUNGER (no target)
[INFO] Player 1 playing card THE_QUEEN_CARD_PLAY_WITH (no target)
[INFO] Player 1 chose cards [THE_QUEEN_CARD_CORPSE_SLUG_HUNGER]
[INFO] Player 1 playing card THE_QUEEN_CARD_CORPSE_SLUG_HUNGER (no target)
[INFO] Player 1 playing card THE_QUEEN_CARD_SOUL_LOCK_CASKET (targeting 盛碗虫（石） (index 2))
[INFO] Monster BOWLBUG_ROCK performing move HEADBUTT_MOVE
[INFO] Monster BOWLBUG_SILK performing move TRASH_MOVE
[WARN] [com.ritsukage.sts2-RitsuLib] [Audio] FMOD event was not found in GUID mappings or loaded Studio events. operation=PlayOneShot; path=event:/sfx/enemy/enemy_attacks/bowlbug_silk/bowlbug_silk_attack; guidMapEventCount=1; loadedBankCount=7; loadedEventDescriptionCount=552; banksStillLoading=False
cannot find sfx path: event:/sfx/enemy/enemy_attacks/bowlbug_silk/bowlbug_silk_attack
[INFO] Monster SLUMBERING_BEETLE performing move SNORE_MOVE
[INFO] [HextechRunes][Mayhem] EnemyUi.Refresh: active=SpeedDemon,WarmogsSpirit
[INFO] Player 1 playing card THE_QUEEN_CARD_ASHEN_WALL (no target)
[INFO] Player 1 playing card THE_QUEEN_CARD_HARDENED_SHELL (no target)
[INFO] Player 1 playing card SUCKER_PUNCH (targeting 熟睡甲虫 (index 4))
[INFO] Monster BOWLBUG_ROCK performing move STUNNED
[INFO] Monster BOWLBUG_SILK performing move TOXIC_SPIT_MOVE
[INFO] Monster SLUMBERING_BEETLE performing move ROLL_OUT_MOVE
[INFO] [HextechRunes][Mayhem] EnemyUi.Refresh: active=SpeedDemon,WarmogsSpirit
[INFO] Player 1 playing card THE_QUEEN_CARD_ASHEN_WALL (no target)
[INFO] Player 1 playing card THE_QUEEN_CARD_PRISMATIC_ART (no target)
[INFO] Player 1 playing card THE_QUEEN_CARD_OIL_SPRAY (no target)
ERROR: System.NullReferenceException: Object reference not set to an instance of an object.
   at ComicChess.TheQueen.NewNAmalgamVfx.PlayLaserHit(Boolean starting)
   at ComicChess.TheQueen.NewNAmalgamVfx.OnAnimationEvent(GodotObject _, GodotObject __, GodotObject ___, GodotObject spineEvent)
   at Godot.Callable.<From>g__Trampoline|5_0[T0,T1,T2,T3](Object delegateObj, NativeVariantPtrArgs args, godot_variant& ret)
   at Godot.DelegateUtils.InvokeWithVariantArgs(IntPtr delegateGCHandle, Void* trampoline, godot_variant** args, Int32 argc, godot_variant* outRet)
   at: void Godot.NativeInterop.ExceptionUtils.LogException(System.Exception) (:0)
   C# backtrace (most recent call first):
       [0] void Godot.GD.PushError(string)
       [1] void Godot.NativeInterop.ExceptionUtils.LogException(System.Exception)
       [2] void Godot.DelegateUtils.InvokeWithVariantArgs(nint, System.Void*, Godot.NativeInterop.godot_variant**, int, Godot.NativeInterop.godot_variant*)
[INFO] Monster BOWLBUG_ROCK performing move HEADBUTT_MOVE
[INFO] Monster BOWLBUG_SILK performing move TRASH_MOVE
cannot find sfx path: event:/sfx/enemy/enemy_attacks/bowlbug_silk/bowlbug_silk_attack
[INFO] Monster SLUMBERING_BEETLE performing move ROLL_OUT_MOVE
[INFO] [HextechRunes][Mayhem] EnemyUi.Refresh: active=SpeedDemon,WarmogsSpirit
[INFO] Player 1 playing card THE_QUEEN_CARD_SHRIEK (no target)
[INFO] Player 1 playing card THE_QUEEN_CARD_SPIKEN (no target)
[INFO] Player 1 playing card THE_QUEEN_CARD_TIME_TRICK (targeting 盛碗虫（石） (index 2))
[INFO] Player 1 chose cards [WISP,IRON_WAVE]
[INFO] Player 1 playing card IRON_WAVE (targeting 盛碗虫（石） (index 2))
[INFO] Monster BOWLBUG_ROCK performing move HEADBUTT_MOVE
[INFO] Monster SLUMBERING_BEETLE performing move ROLL_OUT_MOVE
[INFO] [HextechRunes][Mayhem] EnemyUi.Refresh: active=SpeedDemon,WarmogsSpirit
[INFO] Player 1 playing card THE_QUEEN_CARD_LAMP_DRIVE (no target)
[INFO] Player 1 playing card THE_QUEEN_CARD_CORPSE_SLUG_HUNGER (no target)
[INFO] Player 1 playing card WISP (no target)
[INFO] Player 1 playing card THE_QUEEN_CARD_SPIKEN (no target)
[INFO] Monster BOWLBUG_ROCK performing move STUNNED
[INFO] Monster SLUMBERING_BEETLE performing move ROLL_OUT_MOVE
[INFO] [HextechRunes][Mayhem] EnemyUi.Refresh: active=SpeedDemon,WarmogsSpirit
[INFO] Player 1 playing card THE_QUEEN_CARD_TIME_TRICK (targeting 盛碗虫（石） (index 2))
[INFO] Player 1 chose cards [SUCKER_PUNCH,THE_QUEEN_CARD_SUMMON_SOUL]
[INFO] Player 1 playing card SUCKER_PUNCH (targeting 熟睡甲虫 (index 2))
[INFO] Player 1 playing card THE_QUEEN_CARD_SUMMON_SOUL (no target)
[INFO] Player 1 playing card THE_QUEEN_CARD_SOUL_DEFEND (no target)
[INFO] Player 1 playing card THE_QUEEN_CARD_SOUL_STRIKE (targeting 熟睡甲虫 (index 2))
[INFO] Monster SLUMBERING_BEETLE performing move ROLL_OUT_MOVE
[INFO] [HextechRunes][Mayhem] EnemyUi.Refresh: active=SpeedDemon,WarmogsSpirit
[INFO] Player 1 playing card THE_QUEEN_CARD_PURIFICATION_RITE (no target)
[INFO] Player 1 playing card THE_QUEEN_CARD_PUNCH_OFF (no target)
[INFO] Player 1 playing card THE_QUEEN_CARD_PLAY_WITH (no target)
[INFO] Player 1 chose cards [SUCKER_PUNCH]
[INFO] Monster SLUMBERING_BEETLE performing move ROLL_OUT_MOVE
[INFO] [HextechRunes][Mayhem] EnemyUi.Refresh: active=SpeedDemon,WarmogsSpirit
[INFO] Player 1 playing card THE_QUEEN_CARD_SKITTISH (no target)
[INFO] Player 1 playing card SUCKER_PUNCH (targeting 熟睡甲虫 (index 2))
[INFO] Player 1 playing card THE_QUEEN_CARD_SOUL_LOCK_CASKET (targeting 熟睡甲虫 (index 2))
[INFO] Wrote 87538 bytes to path=user://steam/76561199401820476/modded/profile1\saves\current_run.save save_dir=user://steam/76561199401820476
[INFO] Wrote 87538 bytes to modded/profile1/saves/current_run.save in steam remote store
[INFO] CHARACTER.THE_QUEEN_CHARACTER_QUEEN_CHARACTER has won against encounter ENCOUNTER.SLUMBERING_BEETLE_NORMAL. That's 7 wins
[INFO] CHARACTER.THE_QUEEN_CHARACTER_QUEEN_CHARACTER has killed a MONSTER.BOWLBUG_ROCK. That's 25 kills
[INFO] CHARACTER.THE_QUEEN_CHARACTER_QUEEN_CHARACTER has killed a MONSTER.BOWLBUG_SILK. That's 10 kills
[INFO] CHARACTER.THE_QUEEN_CHARACTER_QUEEN_CHARACTER has killed a MONSTER.SLUMBERING_BEETLE. That's 7 kills
[INFO] Wrote 345489 bytes to path=user://steam/76561199401820476/modded/profile1\saves\progress.save save_dir=user://steam/76561199401820476
[INFO] Wrote 345489 bytes to modded/profile1/saves/progress.save in steam remote store
ERROR: System.NullReferenceException: Object reference not set to an instance of an object.
   at ComicChess.TheQueen.NewNAmalgamVfx.PlayLaserHit(Boolean starting)
   at ComicChess.TheQueen.NewNAmalgamVfx.OnAnimationEvent(GodotObject _, GodotObject __, GodotObject ___, GodotObject spineEvent)
   at Godot.Callable.<From>g__Trampoline|5_0[T0,T1,T2,T3](Object delegateObj, NativeVariantPtrArgs args, godot_variant& ret)
   at Godot.DelegateUtils.InvokeWithVariantArgs(IntPtr delegateGCHandle, Void* trampoline, godot_variant** args, Int32 argc, godot_variant* outRet)
   at: void Godot.NativeInterop.ExceptionUtils.LogException(System.Exception) (:0)
   C# backtrace (most recent call first):
       [0] void Godot.GD.PushError(string)
       [1] void Godot.NativeInterop.ExceptionUtils.LogException(System.Exception)
       [2] void Godot.DelegateUtils.InvokeWithVariantArgs(nint, System.Void*, Godot.NativeInterop.godot_variant**, int, Godot.NativeInterop.godot_variant*)
[INFO] Card rarity: Rolled 0.5853469, need < 0.024899993 for rare (offset = 0.009999992)
[INFO] Card rarity: Rolled 0.12991235, need < 0.029899992 for rare (offset = 0.014999992)
[INFO] Card rarity: Rolled 0.9644297, need < 0.03489999 for rare (offset = 0.019999992)
[INFO] Card rarity: Rolled 0.5974082, need < 0.03989999 for rare (offset = 0.024999991)
[INFO] Card rarity: Rolled 0.7219177, need < 0.04489999 for rare (offset = 0.02999999)
[INFO] Card rarity: Rolled 0.52501637, need < 0.049899988 for rare (offset = 0.03499999)
[INFO] Obtained 13 gold from reward
[INFO] Card reward selected
[INFO] Card reward selected
[WARN] [RoutePlanner] MaxElite: 3 elites, 6/44 paths
[WARN] [RoutePlanner] UI added via CanvasLayer
[WARN] [RoutePlanner] highlighted 22 segments across 6 paths
[INFO] Player vote changed for 1: ->MapVote (gen: 1 coord: (4, 4))
[WARN] [RoutePlanner] MaxElite: 3 elites, 2/11 paths
[INFO] [HextechRunes][Mayhem] OnRoomExited: currentRoom=null lastHistoryRoom=Monster model=SLUMBERING_BEETLE_NORMAL
[INFO] Wrote 345489 bytes to path=user://steam/76561199401820476/modded/profile1\saves\progress.save save_dir=user://steam/76561199401820476
[INFO] Wrote 345489 bytes to modded/profile1/saves/progress.save in steam remote store
[INFO] Wrote 87894 bytes to path=user://steam/76561199401820476/modded/profile1\saves\current_run.save save_dir=user://steam/76561199401820476
[INFO] Wrote 87894 bytes to modded/profile1/saves/current_run.save in steam remote store
[INFO] Card rarity: Rolled 0.05187246, need < 0.08499999 for rare (offset = 0.039999988)
[INFO] Card rarity: Rolled 0.89979905, need < 0.08499999 for rare (offset = 0.039999988)
[INFO] Card rarity: Rolled 0.087209255, need < 0.08499999 for rare (offset = 0.039999988)
[INFO] Card rarity: Rolled 0.83639824, need < 0.08499999 for rare (offset = 0.039999988)
[INFO] Card rarity: Rolled 0.6805677, need < 0.08499999 for rare (offset = 0.039999988)
[INFO] Preloading 'Merchant Room' assets... count=1 vfx=0
[INFO] Preloading 'Merchant Room' Complete: assets=1 time_elapsed=210ms
[INFO] [com.ritsukage.sts2-RitsuLib] [Godot] Creating NMerchantCharacter from scene res://TheQueen/scenes/creature_visuals/queen_character_merchant.tscn
[Merchant2CuteII] Safe merchant animation failed: Expected BoundObject to be a SpineSprite, but it is a Node2D!
[WARN] [RoutePlanner] MaxElite: 3 elites, 2/11 paths
[INFO] [HextechRunes][Mayhem] OnRoomEntered: room=MerchantRoom actIndex=1 actResolved=True startedWithNeow=True eventState=none
[INFO] [HextechRunes][Mayhem] EnemyUi.Refresh: active=SpeedDemon,WarmogsSpirit
[WARN] Asset not cached: res://debug_audio/jp/welcome.mp3
[INFO] Player 1 chose cards [IRON_WAVE]
[WARN] Asset not cached: res://debug_audio/jp/thanks.mp3
[WARN] Asset not cached: res://images/enchantments/sharp.png
[WARN] [RoutePlanner] MaxElite: 3 elites, 2/11 paths
[WARN] [RoutePlanner] UI added via CanvasLayer
[WARN] [RoutePlanner] highlighted 15 segments across 2 paths
[INFO] Player vote changed for 1: ->MapVote (gen: 1 coord: (4, 5))
[WARN] [RoutePlanner] MaxElite: 3 elites, 2/11 paths
[INFO] [HextechRunes][Mayhem] OnRoomExited: currentRoom=null lastHistoryRoom=Shop model=null
[INFO] Wrote 345489 bytes to path=user://steam/76561199401820476/modded/profile1\saves\progress.save save_dir=user://steam/76561199401820476
[INFO] Wrote 345489 bytes to modded/profile1/saves/progress.save in steam remote store
[INFO] Wrote 91226 bytes to path=user://steam/76561199401820476/modded/profile1\saves\current_run.save save_dir=user://steam/76561199401820476
[INFO] Wrote 91226 bytes to modded/profile1/saves/current_run.save in steam remote store
[INFO] Preloading 'Combat Room' assets... count=7 vfx=0
[INFO] Preloading 'Combat Room' Complete: assets=7 time_elapsed=199ms
[INFO] Creating NCombatRoom with mode=ActiveCombat encounter=LOUSE_PROGENITOR_NORMAL.
[INFO] [com.ritsukage.sts2-RitsuLib] [Godot] Creating NCreatureVisuals from scene res://TheQueen/scenes/creature_visuals/queen_character.tscn
[INFO] [com.ritsukage.sts2-RitsuLib] [Godot] Creating NEnergyCounter from scene res://TheQueen/scenes/ui/queen_energy_counter.tscn
[WARN] Asset not cached: res://images/powers/curl_up_power.png
[INFO] [HextechRunes][Mayhem] EnemyUi.Refresh: active=SpeedDemon,WarmogsSpirit
[INFO] [HextechRunes][Mayhem] EnemyUi.Refresh: active=SpeedDemon,WarmogsSpirit
[WARN] [RoutePlanner] MaxElite: 3 elites, 2/11 paths
[INFO] [HextechRunes][Mayhem] OnRoomEntered: room=CombatRoom actIndex=1 actResolved=True startedWithNeow=True eventState=none
[INFO] [HextechRunes][Mayhem] EnemyUi.Refresh: active=SpeedDemon,WarmogsSpirit
[INFO] [HextechRunes][Mayhem] EnemyUi.Refresh: active=SpeedDemon,WarmogsSpirit
[INFO] Player 1 playing card THE_QUEEN_CARD_PUNCH_OFF (no target)
ERROR: System.NullReferenceException: Object reference not set to an instance of an object.
   at ComicChess.TheQueen.NewNAmalgamVfx.PlayLaserHit(Boolean starting)
   at ComicChess.TheQueen.NewNAmalgamVfx.OnAnimationEvent(GodotObject _, GodotObject __, GodotObject ___, GodotObject spineEvent)
   at Godot.Callable.<From>g__Trampoline|5_0[T0,T1,T2,T3](Object delegateObj, NativeVariantPtrArgs args, godot_variant& ret)
   at Godot.DelegateUtils.InvokeWithVariantArgs(IntPtr delegateGCHandle, Void* trampoline, godot_variant** args, Int32 argc, godot_variant* outRet)
   at: void Godot.NativeInterop.ExceptionUtils.LogException(System.Exception) (:0)
   C# backtrace (most recent call first):
       [0] void Godot.GD.PushError(string)
       [1] void Godot.NativeInterop.ExceptionUtils.LogException(System.Exception)
       [2] void Godot.DelegateUtils.InvokeWithVariantArgs(nint, System.Void*, Godot.NativeInterop.godot_variant**, int, Godot.NativeInterop.godot_variant*)
[INFO] Monster LOUSE_PROGENITOR performing move WEB_CANNON_MOVE
[WARN] Asset not cached: res://images/powers/frail_power.png
[INFO] [HextechRunes][Mayhem] EnemyUi.Refresh: active=SpeedDemon,WarmogsSpirit
[INFO] Player 1 playing card THE_QUEEN_CARD_SPINNING_KICK (no target)
[INFO] Player 1 playing card THE_QUEEN_CARD_ENJOY_DINNER (targeting 虱虫之祖 (index 2))
[INFO] Player 1 playing card THE_QUEEN_CARD_SUMMON_SOUL (no target)
[INFO] Player 1 playing card THE_QUEEN_CARD_SOUL_STRIKE (targeting 虱虫之祖 (index 2))
[INFO] Player 1 playing card THE_QUEEN_CARD_SOUL_STRIKE (targeting 虱虫之祖 (index 2))
ERROR: System.NullReferenceException: Object reference not set to an instance of an object.
   at ComicChess.TheQueen.NewNAmalgamVfx.PlayLaserHit(Boolean starting)
   at ComicChess.TheQueen.NewNAmalgamVfx.OnAnimationEvent(GodotObject _, GodotObject __, GodotObject ___, GodotObject spineEvent)
   at Godot.Callable.<From>g__Trampoline|5_0[T0,T1,T2,T3](Object delegateObj, NativeVariantPtrArgs args, godot_variant& ret)
   at Godot.DelegateUtils.InvokeWithVariantArgs(IntPtr delegateGCHandle, Void* trampoline, godot_variant** args, Int32 argc, godot_variant* outRet)
   at: void Godot.NativeInterop.ExceptionUtils.LogException(System.Exception) (:0)
   C# backtrace (most recent call first):
       [0] void Godot.GD.PushError(string)
       [1] void Godot.NativeInterop.ExceptionUtils.LogException(System.Exception)
       [2] void Godot.DelegateUtils.InvokeWithVariantArgs(nint, System.Void*, Godot.NativeInterop.godot_variant**, int, Godot.NativeInterop.godot_variant*)
[INFO] Monster LOUSE_PROGENITOR performing move CURL_AND_GROW_MOVE
[INFO] [HextechRunes][Mayhem] EnemyUi.Refresh: active=SpeedDemon,WarmogsSpirit
[INFO] Player 1 playing card THE_QUEEN_CARD_SHRIEK (no target)
[INFO] Player 1 playing card THE_QUEEN_CARD_GEM_SHIELD (no target)
[INFO] Player 1 playing card THE_QUEEN_CARD_PLAY_WITH (no target)
[INFO] Player 1 chose cards [IRON_WAVE]
[INFO] Monster LOUSE_PROGENITOR performing move POUNCE_MOVE
[INFO] [HextechRunes][Mayhem] EnemyUi.Refresh: active=SpeedDemon,WarmogsSpirit
[INFO] Player 1 playing card THE_QUEEN_CARD_SKITTISH (no target)
[INFO] Player 1 playing card THE_QUEEN_CARD_SKITTISH (no target)
[INFO] Player 1 playing card IRON_WAVE (targeting 虱虫之祖 (index 2))
[INFO] Player 1 playing card THE_QUEEN_CARD_OIL_SPRAY (no target)
[INFO] Player 1 playing card THE_QUEEN_CARD_SOUL_LOCK_CASKET (targeting 虱虫之祖 (index 2))
ERROR: System.NullReferenceException: Object reference not set to an instance of an object.
   at ComicChess.TheQueen.NewNAmalgamVfx.PlayLaserHit(Boolean starting)
   at ComicChess.TheQueen.NewNAmalgamVfx.OnAnimationEvent(GodotObject _, GodotObject __, GodotObject ___, GodotObject spineEvent)
   at Godot.Callable.<From>g__Trampoline|5_0[T0,T1,T2,T3](Object delegateObj, NativeVariantPtrArgs args, godot_variant& ret)
   at Godot.DelegateUtils.InvokeWithVariantArgs(IntPtr delegateGCHandle, Void* trampoline, godot_variant** args, Int32 argc, godot_variant* outRet)
   at: void Godot.NativeInterop.ExceptionUtils.LogException(System.Exception) (:0)
   C# backtrace (most recent call first):
       [0] void Godot.GD.PushError(string)
       [1] void Godot.NativeInterop.ExceptionUtils.LogException(System.Exception)
       [2] void Godot.DelegateUtils.InvokeWithVariantArgs(nint, System.Void*, Godot.NativeInterop.godot_variant**, int, Godot.NativeInterop.godot_variant*)
[INFO] Monster LOUSE_PROGENITOR performing move WEB_CANNON_MOVE
[INFO] [HextechRunes][Mayhem] EnemyUi.Refresh: active=SpeedDemon,WarmogsSpirit
[INFO] Player 1 playing card THE_QUEEN_CARD_PRISMATIC_ART (no target)
[INFO] Player 1 playing card THE_QUEEN_CARD_PURIFICATION_RITE (no target)
[INFO] Player 1 playing card THE_QUEEN_CARD_ASTROLABE (no target)
[INFO] Player 1 playing card THE_QUEEN_CARD_MORNING_STAR (no target)
[INFO] Player 1 playing card THE_QUEEN_CARD_EVENING_STAR (no target)
[INFO] Player 1 playing card THE_QUEEN_CARD_MORNING_STAR (no target)
[INFO] Player 1 playing card THE_QUEEN_CARD_EVENING_STAR (no target)
[INFO] Player 1 playing card SUCKER_PUNCH (targeting 虱虫之祖 (index 2))
[INFO] Wrote 92973 bytes to path=user://steam/76561199401820476/modded/profile1\saves\current_run.save save_dir=user://steam/76561199401820476
[INFO] Wrote 92973 bytes to modded/profile1/saves/current_run.save in steam remote store
[INFO] CHARACTER.THE_QUEEN_CHARACTER_QUEEN_CHARACTER has won against encounter ENCOUNTER.LOUSE_PROGENITOR_NORMAL. That's 6 wins
[INFO] CHARACTER.THE_QUEEN_CHARACTER_QUEEN_CHARACTER has killed a MONSTER.LOUSE_PROGENITOR. That's 6 kills
[INFO] Wrote 345489 bytes to path=user://steam/76561199401820476/modded/profile1\saves\progress.save save_dir=user://steam/76561199401820476
[INFO] Wrote 345489 bytes to modded/profile1/saves/progress.save in steam remote store
[INFO] Card rarity: Rolled 0.71392727, need < 0.054899987 for rare (offset = 0.039999988)
[INFO] Card rarity: Rolled 0.9689809, need < 0.059899986 for rare (offset = 0.044999987)
[INFO] Card rarity: Rolled 0.3882909, need < 0.06489999 for rare (offset = 0.049999986)
[INFO] Card rarity: Rolled 0.5904676, need < 0.06989998 for rare (offset = 0.054999985)
[INFO] Card rarity: Rolled 0.22414134, need < 0.07489999 for rare (offset = 0.059999984)
[INFO] Card rarity: Rolled 0.45423833, need < 0.07989998 for rare (offset = 0.06499998)
[INFO] Obtained 10 gold from reward
[INFO] Card reward selected
[INFO] Obtained CARD.THE_QUEEN_CARD_UNFINISHED_CALAMITY from card reward
[INFO] Card reward selected
[INFO] Obtained CARD.REFINE_BLADE from card reward
[WARN] [RoutePlanner] MaxElite: 3 elites, 2/11 paths
[WARN] [RoutePlanner] UI added via CanvasLayer
[WARN] [RoutePlanner] highlighted 14 segments across 2 paths
[INFO] Player vote changed for 1: ->MapVote (gen: 1 coord: (4, 6))
[WARN] [RoutePlanner] MaxElite: 3 elites, 2/11 paths
[INFO] [HextechRunes][Mayhem] OnRoomExited: currentRoom=null lastHistoryRoom=Monster model=LOUSE_PROGENITOR_NORMAL
[INFO] Wrote 345489 bytes to path=user://steam/76561199401820476/modded/profile1\saves\progress.save save_dir=user://steam/76561199401820476
[INFO] Wrote 345489 bytes to modded/profile1/saves/progress.save in steam remote store
[INFO] Wrote 93680 bytes to path=user://steam/76561199401820476/modded/profile1\saves\current_run.save save_dir=user://steam/76561199401820476
[INFO] Wrote 93680 bytes to modded/profile1/saves/current_run.save in steam remote store
[INFO] Set enabled
[INFO] Preloading 'RestSite Room' assets... count=3 vfx=2
[INFO] Preloading 'RestSite Room' Complete: assets=5 time_elapsed=276ms
[INFO] [com.ritsukage.sts2-RitsuLib] [Godot] Creating NRestSiteCharacter from scene res://TheQueen/scenes/creature_visuals/queen_rest_site.tscn
WARNING: SpineSlotNode parent is not a SpineSprite.
   at: SpineSlotNode::_notification (spine_godot\SpineSlotNode.cpp:88)
   C# backtrace (most recent call first):
       [0] Godot.Node <unknown>.Godot.PackedScene.Instantiate_Patch1(Godot.PackedScene, Godot.PackedScene+GenEditState)
       [1] TNode STS2RitsuLib.Scaffolding.Godot.RitsuGodotNodeFactoryRegistry.CreateFromScene<TNode>(Godot.PackedScene, System.Nullable`1[Godot.PackedScene+GenEditState], STS2RitsuLib.Scaffolding.Visuals.Definition.VisualNodeStyle) (/home/runner/work/STS2-RitsuLib/STS2-RitsuLib/Scaffolding/Godot/RitsuGodotNodeFactoryRegistry.cs:89)
       [2] TNode STS2RitsuLib.Scaffolding.Godot.RitsuGodotNodeFactoryRegistry.CreateFromScene<TNode>(Godot.PackedScene, System.Nullable`1[Godot.PackedScene+GenEditState]) (/home/runner/work/STS2-RitsuLib/STS2-RitsuLib/Scaffolding/Godot/RitsuGodotNodeFactoryRegistry.cs:66)
       [3] TNode STS2RitsuLib.Scaffolding.Godot.RitsuGodotNodeFactories.CreateFromScene<TNode>(Godot.PackedScene, Godot.PackedScene+GenEditState) (/home/runner/work/STS2-RitsuLib/STS2-RitsuLib/Scaffolding/Godot/RitsuGodotNodeFactories.cs:105)
       [4] bool STS2RitsuLib.Scaffolding.Characters.Patches.NRestSiteCharacterCreateProceduralPatch.Prefix(MegaCrit.Sts2.Core.Entities.Players.Player, int, MegaCrit.Sts2.Core.Nodes.RestSite.NRestSiteCharacter&) (/home/runner/work/STS2-RitsuLib/STS2-RitsuLib/Scaffolding/Characters/Patches/NRestSiteCharacterCreateProceduralPatch.cs:56)
       [5] MegaCrit.Sts2.Core.Nodes.RestSite.NRestSiteCharacter <unknown>.MegaCrit.Sts2.Core.Nodes.RestSite.NRestSiteCharacter.Create_Patch1(MegaCrit.Sts2.Core.Entities.Players.Player, int)
       [6] void <unknown>.MegaCrit.Sts2.Core.Nodes.Rooms.NRestSiteRoom._Ready_Patch1(MegaCrit.Sts2.Core.Nodes.Rooms.NRestSiteRoom)
       [7] bool Godot.Node.InvokeGodotClassMethod(Godot.NativeInterop.godot_string_name&, Godot.NativeInterop.NativeVariantPtrArgs, Godot.NativeInterop.godot_variant&)
       [8] bool Godot.Control.InvokeGodotClassMethod(Godot.NativeInterop.godot_string_name&, Godot.NativeInterop.NativeVariantPtrArgs, Godot.NativeInterop.godot_variant&)
       [9] bool MegaCrit.Sts2.Core.Nodes.Rooms.NRestSiteRoom.InvokeGodotClassMethod(Godot.NativeInterop.godot_string_name&, Godot.NativeInterop.NativeVariantPtrArgs, Godot.NativeInterop.godot_variant&)
       [10] Godot.NativeInterop.godot_bool Godot.Bridge.CSharpInstanceBridge.Call(nint, Godot.NativeInterop.godot_string_name*, Godot.NativeInterop.godot_variant**, int, Godot.NativeInterop.godot_variant_call_error*, Godot.NativeInterop.godot_variant*)
       [11] void Godot.NativeCalls.godot_icall_3_864(nint, nint, nint, Godot.NativeInterop.godot_bool, int)
       [12] void MegaCrit.Sts2.Core.Helpers.GodotTreeExtensions.AddChildSafely(Godot.Node, Godot.Node)
       [13] void MegaCrit.Sts2.Core.Nodes.NSceneContainer.SetCurrentScene(Godot.Control)
       [14] void MegaCrit.Sts2.Core.Nodes.NRun.SetCurrentRoom(Godot.Control)
       [15] void MegaCrit.Sts2.Core.Rooms.RestSiteRoom.ShowRoomNode(MegaCrit.Sts2.Core.Runs.IRunState)
       [16] void MegaCrit.Sts2.Core.Rooms.RestSiteRoom+<EnterInternal>d__7.MoveNext()
       [17] void System.Runtime.CompilerServices.AsyncTaskMethodBuilder`1+AsyncStateMachineBox`1.ExecutionContextCallback(object)
       [18] void System.Threading.ExecutionContext.RunInternal(System.Threading.ExecutionContext, System.Threading.ContextCallback, object)
       [19] void System.Runtime.CompilerServices.AsyncTaskMethodBuilder`1+AsyncStateMachineBox`1.MoveNext(System.Threading.Thread)
       [20] void System.Runtime.CompilerServices.AsyncTaskMethodBuilder`1+AsyncStateMachineBox`1.MoveNext()
       [21] void System.Threading.Tasks.AwaitTaskContinuation.RunCallback(System.Threading.ContextCallback, object, System.Threading.Tasks.Task&)
       [22] void System.Threading.Tasks.Task.RunContinuations(object)
       [23] void System.Runtime.CompilerServices.AsyncTaskMethodBuilder.SetResult()
       [24] void MegaCrit.Sts2.Core.Assets.PreloadManager+<LoadRoomRestSite>d__17.MoveNext()
       [25] void System.Runtime.CompilerServices.AsyncTaskMethodBuilder`1+AsyncStateMachineBox`1.ExecutionContextCallback(object)
       [26] void System.Threading.ExecutionContext.RunInternal(System.Threading.ExecutionContext, System.Threading.ContextCallback, object)
       [27] void System.Runtime.CompilerServices.AsyncTaskMethodBuilder`1+AsyncStateMachineBox`1.MoveNext(System.Threading.Thread)
       [28] void System.Runtime.CompilerServices.AsyncTaskMethodBuilder`1+AsyncStateMachineBox`1.MoveNext()
       [29] void System.Threading.Tasks.AwaitTaskContinuation.RunCallback(System.Threading.ContextCallback, object, System.Threading.Tasks.Task&)
       [30] void System.Threading.Tasks.Task.RunContinuations(object)
       [31] void System.Runtime.CompilerServices.AsyncTaskMethodBuilder.SetResult()
       [32] void MegaCrit.Sts2.Core.Assets.PreloadManager+<LoadRoomAssets>d__18.MoveNext()
       [33] void System.Runtime.CompilerServices.AsyncTaskMethodBuilder`1+AsyncStateMachineBox`1.ExecutionContextCallback(object)
       [34] void System.Threading.ExecutionContext.RunInternal(System.Threading.ExecutionContext, System.Threading.ContextCallback, object)
       [35] void System.Runtime.CompilerServices.AsyncTaskMethodBuilder`1+AsyncStateMachineBox`1.MoveNext(System.Threading.Thread)
       [36] void System.Runtime.CompilerServices.AsyncTaskMethodBuilder`1+AsyncStateMachineBox`1.MoveNext()
       [37] void System.Threading.Tasks.AwaitTaskContinuation.RunCallback(System.Threading.ContextCallback, object, System.Threading.Tasks.Task&)
       [38] void System.Threading.Tasks.Task.RunContinuations(object)
       [39] bool System.Threading.Tasks.Task`1.TrySetResult(TResult)
       [40] bool System.Threading.Tasks.TaskCompletionSource`1.TrySetResult(TResult)
       [41] void MegaCrit.Sts2.Core.Assets.AssetLoadingSession.Process()
       [42] void MegaCrit.Sts2.Core.Nodes.NAssetLoader._Process(double)
       [43] bool Godot.Node.InvokeGodotClassMethod(Godot.NativeInterop.godot_string_name&, Godot.NativeInterop.NativeVariantPtrArgs, Godot.NativeInterop.godot_variant&)
       [44] bool MegaCrit.Sts2.Core.Nodes.NAssetLoader.InvokeGodotClassMethod(Godot.NativeInterop.godot_string_name&, Godot.NativeInterop.NativeVariantPtrArgs, Godot.NativeInterop.godot_variant&)
       [45] Godot.NativeInterop.godot_bool Godot.Bridge.CSharpInstanceBridge.Call(nint, Godot.NativeInterop.godot_string_name*, Godot.NativeInterop.godot_variant**, int, Godot.NativeInterop.godot_variant_call_error*, Godot.NativeInterop.godot_variant*)
WARNING: SpineSlotNode parent is not a SpineSprite.
   at: SpineSlotNode::_notification (spine_godot\SpineSlotNode.cpp:88)
   C# backtrace (most recent call first):
       [0] Godot.Node <unknown>.Godot.PackedScene.Instantiate_Patch1(Godot.PackedScene, Godot.PackedScene+GenEditState)
       [1] TNode STS2RitsuLib.Scaffolding.Godot.RitsuGodotNodeFactoryRegistry.CreateFromScene<TNode>(Godot.PackedScene, System.Nullable`1[Godot.PackedScene+GenEditState], STS2RitsuLib.Scaffolding.Visuals.Definition.VisualNodeStyle) (/home/runner/work/STS2-RitsuLib/STS2-RitsuLib/Scaffolding/Godot/RitsuGodotNodeFactoryRegistry.cs:89)
       [2] TNode STS2RitsuLib.Scaffolding.Godot.RitsuGodotNodeFactoryRegistry.CreateFromScene<TNode>(Godot.PackedScene, System.Nullable`1[Godot.PackedScene+GenEditState]) (/home/runner/work/STS2-RitsuLib/STS2-RitsuLib/Scaffolding/Godot/RitsuGodotNodeFactoryRegistry.cs:66)
       [3] TNode STS2RitsuLib.Scaffolding.Godot.RitsuGodotNodeFactories.CreateFromScene<TNode>(Godot.PackedScene, Godot.PackedScene+GenEditState) (/home/runner/work/STS2-RitsuLib/STS2-RitsuLib/Scaffolding/Godot/RitsuGodotNodeFactories.cs:105)
       [4] bool STS2RitsuLib.Scaffolding.Characters.Patches.NRestSiteCharacterCreateProceduralPatch.Prefix(MegaCrit.Sts2.Core.Entities.Players.Player, int, MegaCrit.Sts2.Core.Nodes.RestSite.NRestSiteCharacter&) (/home/runner/work/STS2-RitsuLib/STS2-RitsuLib/Scaffolding/Characters/Patches/NRestSiteCharacterCreateProceduralPatch.cs:56)
       [5] MegaCrit.Sts2.Core.Nodes.RestSite.NRestSiteCharacter <unknown>.MegaCrit.Sts2.Core.Nodes.RestSite.NRestSiteCharacter.Create_Patch1(MegaCrit.Sts2.Core.Entities.Players.Player, int)
       [6] void <unknown>.MegaCrit.Sts2.Core.Nodes.Rooms.NRestSiteRoom._Ready_Patch1(MegaCrit.Sts2.Core.Nodes.Rooms.NRestSiteRoom)
       [7] bool Godot.Node.InvokeGodotClassMethod(Godot.NativeInterop.godot_string_name&, Godot.NativeInterop.NativeVariantPtrArgs, Godot.NativeInterop.godot_variant&)
       [8] bool Godot.Control.InvokeGodotClassMethod(Godot.NativeInterop.godot_string_name&, Godot.NativeInterop.NativeVariantPtrArgs, Godot.NativeInterop.godot_variant&)
       [9] bool MegaCrit.Sts2.Core.Nodes.Rooms.NRestSiteRoom.InvokeGodotClassMethod(Godot.NativeInterop.godot_string_name&, Godot.NativeInterop.NativeVariantPtrArgs, Godot.NativeInterop.godot_variant&)
       [10] Godot.NativeInterop.godot_bool Godot.Bridge.CSharpInstanceBridge.Call(nint, Godot.NativeInterop.godot_string_name*, Godot.NativeInterop.godot_variant**, int, Godot.NativeInterop.godot_variant_call_error*, Godot.NativeInterop.godot_variant*)
       [11] void Godot.NativeCalls.godot_icall_3_864(nint, nint, nint, Godot.NativeInterop.godot_bool, int)
       [12] void MegaCrit.Sts2.Core.Helpers.GodotTreeExtensions.AddChildSafely(Godot.Node, Godot.Node)
       [13] void MegaCrit.Sts2.Core.Nodes.NSceneContainer.SetCurrentScene(Godot.Control)
       [14] void MegaCrit.Sts2.Core.Nodes.NRun.SetCurrentRoom(Godot.Control)
       [15] void MegaCrit.Sts2.Core.Rooms.RestSiteRoom.ShowRoomNode(MegaCrit.Sts2.Core.Runs.IRunState)
       [16] void MegaCrit.Sts2.Core.Rooms.RestSiteRoom+<EnterInternal>d__7.MoveNext()
       [17] void System.Runtime.CompilerServices.AsyncTaskMethodBuilder`1+AsyncStateMachineBox`1.ExecutionContextCallback(object)
       [18] void System.Threading.ExecutionContext.RunInternal(System.Threading.ExecutionContext, System.Threading.ContextCallback, object)
       [19] void System.Runtime.CompilerServices.AsyncTaskMethodBuilder`1+AsyncStateMachineBox`1.MoveNext(System.Threading.Thread)
       [20] void System.Runtime.CompilerServices.AsyncTaskMethodBuilder`1+AsyncStateMachineBox`1.MoveNext()
       [21] void System.Threading.Tasks.AwaitTaskContinuation.RunCallback(System.Threading.ContextCallback, object, System.Threading.Tasks.Task&)
       [22] void System.Threading.Tasks.Task.RunContinuations(object)
       [23] void System.Runtime.CompilerServices.AsyncTaskMethodBuilder.SetResult()
       [24] void MegaCrit.Sts2.Core.Assets.PreloadManager+<LoadRoomRestSite>d__17.MoveNext()
       [25] void System.Runtime.CompilerServices.AsyncTaskMethodBuilder`1+AsyncStateMachineBox`1.ExecutionContextCallback(object)
       [26] void System.Threading.ExecutionContext.RunInternal(System.Threading.ExecutionContext, System.Threading.ContextCallback, object)
       [27] void System.Runtime.CompilerServices.AsyncTaskMethodBuilder`1+AsyncStateMachineBox`1.MoveNext(System.Threading.Thread)
       [28] void System.Runtime.CompilerServices.AsyncTaskMethodBuilder`1+AsyncStateMachineBox`1.MoveNext()
       [29] void System.Threading.Tasks.AwaitTaskContinuation.RunCallback(System.Threading.ContextCallback, object, System.Threading.Tasks.Task&)
       [30] void System.Threading.Tasks.Task.RunContinuations(object)
       [31] void System.Runtime.CompilerServices.AsyncTaskMethodBuilder.SetResult()
       [32] void MegaCrit.Sts2.Core.Assets.PreloadManager+<LoadRoomAssets>d__18.MoveNext()
       [33] void System.Runtime.CompilerServices.AsyncTaskMethodBuilder`1+AsyncStateMachineBox`1.ExecutionContextCallback(object)
       [34] void System.Threading.ExecutionContext.RunInternal(System.Threading.ExecutionContext, System.Threading.ContextCallback, object)
       [35] void System.Runtime.CompilerServices.AsyncTaskMethodBuilder`1+AsyncStateMachineBox`1.MoveNext(System.Threading.Thread)
       [36] void System.Runtime.CompilerServices.AsyncTaskMethodBuilder`1+AsyncStateMachineBox`1.MoveNext()
       [37] void System.Threading.Tasks.AwaitTaskContinuation.RunCallback(System.Threading.ContextCallback, object, System.Threading.Tasks.Task&)
       [38] void System.Threading.Tasks.Task.RunContinuations(object)
       [39] bool System.Threading.Tasks.Task`1.TrySetResult(TResult)
       [40] bool System.Threading.Tasks.TaskCompletionSource`1.TrySetResult(TResult)
       [41] void MegaCrit.Sts2.Core.Assets.AssetLoadingSession.Process()
       [42] void MegaCrit.Sts2.Core.Nodes.NAssetLoader._Process(double)
       [43] bool Godot.Node.InvokeGodotClassMethod(Godot.NativeInterop.godot_string_name&, Godot.NativeInterop.NativeVariantPtrArgs, Godot.NativeInterop.godot_variant&)
       [44] bool MegaCrit.Sts2.Core.Nodes.NAssetLoader.InvokeGodotClassMethod(Godot.NativeInterop.godot_string_name&, Godot.NativeInterop.NativeVariantPtrArgs, Godot.NativeInterop.godot_variant&)
       [45] Godot.NativeInterop.godot_bool Godot.Bridge.CSharpInstanceBridge.Call(nint, Godot.NativeInterop.godot_string_name*, Godot.NativeInterop.godot_variant**, int, Godot.NativeInterop.godot_variant_call_error*, Godot.NativeInterop.godot_variant*)
[WARN] [RoutePlanner] MaxElite: 3 elites, 2/11 paths
[INFO] [HextechRunes][Mayhem] OnRoomEntered: room=RestSiteRoom actIndex=1 actResolved=True startedWithNeow=True eventState=none
[INFO] [HextechRunes][Mayhem] EnemyUi.Refresh: active=SpeedDemon,WarmogsSpirit
[INFO] Player 1 chose cards [THE_QUEEN_CARD_PRISMATIC_ART]
[WARN] [RoutePlanner] MaxElite: 3 elites, 2/11 paths
[WARN] [RoutePlanner] UI added via CanvasLayer
[WARN] [RoutePlanner] highlighted 13 segments across 2 paths
[INFO] Player vote changed for 1: ->MapVote (gen: 1 coord: (5, 7))
[WARN] [RoutePlanner] MaxElite: 3 elites, 2/11 paths
[INFO] [HextechRunes][Mayhem] OnRoomExited: currentRoom=null lastHistoryRoom=RestSite model=null
[INFO] Wrote 345489 bytes to path=user://steam/76561199401820476/modded/profile1\saves\progress.save save_dir=user://steam/76561199401820476
[INFO] Wrote 345489 bytes to modded/profile1/saves/progress.save in steam remote store
[INFO] Wrote 94558 bytes to path=user://steam/76561199401820476/modded/profile1\saves\current_run.save save_dir=user://steam/76561199401820476
[INFO] Wrote 94558 bytes to modded/profile1/saves/current_run.save in steam remote store
[INFO] Preloading 'Combat Room' assets... count=7 vfx=0
[INFO] Preloading 'Combat Room' Complete: assets=7 time_elapsed=197ms
[INFO] Creating NCombatRoom with mode=ActiveCombat encounter=INFESTED_PRISMS_ELITE.
[INFO] [com.ritsukage.sts2-RitsuLib] [Godot] Creating NCreatureVisuals from scene res://TheQueen/scenes/creature_visuals/queen_character.tscn
[INFO] [com.ritsukage.sts2-RitsuLib] [Godot] Creating NEnergyCounter from scene res://TheQueen/scenes/ui/queen_energy_counter.tscn
[WARN] Asset not cached: res://images/powers/vital_spark_power.png
[INFO] [HextechRunes][Mayhem] EnemyUi.Refresh: active=SpeedDemon,WarmogsSpirit
[INFO] [HextechRunes][Mayhem] EnemyUi.Refresh: active=SpeedDemon,WarmogsSpirit
[WARN] [RoutePlanner] MaxElite: 3 elites, 2/11 paths
[INFO] [HextechRunes][Mayhem] OnRoomEntered: room=CombatRoom actIndex=1 actResolved=True startedWithNeow=True eventState=none
[INFO] [HextechRunes][Mayhem] EnemyUi.Refresh: active=SpeedDemon,WarmogsSpirit
[INFO] [HextechRunes][Mayhem] EnemyUi.Refresh: active=SpeedDemon,WarmogsSpirit
[INFO] Player 1 playing card THE_QUEEN_CARD_ASHEN_WALL (no target)
[INFO] Player 1 playing card THE_QUEEN_CARD_PRISMATIC_ART (no target)
[INFO] Player 1 playing card THE_QUEEN_CARD_OIL_SPRAY (no target)
[INFO] Player 1 playing card THE_QUEEN_CARD_ASTROLABE (no target)
[INFO] Player 1 playing card THE_QUEEN_CARD_MORNING_STAR (no target)
[INFO] Player 1 playing card THE_QUEEN_CARD_EVENING_STAR (no target)
[INFO] Player 1 playing card THE_QUEEN_CARD_SPIKEN (no target)
[INFO] Player 1 playing card THE_QUEEN_CARD_GEM_SHIELD (no target)
[INFO] Player 1 playing card IRON_WAVE (targeting 感染棱柱 (index 2))
[INFO] Player 1 playing card THE_QUEEN_CARD_MORNING_STAR (no target)
[INFO] Player 1 playing card THE_QUEEN_CARD_EVENING_STAR (no target)
[INFO] Player 1 playing card WISP (no target)
[INFO] Player 1 playing card IRON_WAVE (targeting 感染棱柱 (index 2))
[INFO] Monster INFESTED_PRISM performing move JAB_MOVE
[INFO] [HextechRunes][Mayhem] EnemyUi.Refresh: active=SpeedDemon,WarmogsSpirit
[INFO] Player 1 playing card THE_QUEEN_CARD_SKITTISH (no target)
[INFO] Player 1 playing card THE_QUEEN_CARD_HARDENED_SHELL (no target)
[INFO] Player 1 playing card SUCKER_PUNCH (targeting 感染棱柱 (index 2))
[INFO] Player 1 playing card THE_QUEEN_CARD_CORPSE_SLUG_HUNGER (no target)
[INFO] Monster INFESTED_PRISM performing move RADIATE_MOVE
[INFO] [HextechRunes][Mayhem] EnemyUi.Refresh: active=SpeedDemon,WarmogsSpirit
[INFO] Player 1 playing card THE_QUEEN_CARD_ASHEN_WALL (no target)
[INFO] Player 1 playing card THE_QUEEN_CARD_ENJOY_DINNER (targeting 感染棱柱 (index 2))
[INFO] Player 1 playing card THE_QUEEN_CARD_DEVOUR (targeting 感染棱柱 (index 2))
[INFO] Player 1 playing card THE_QUEEN_CARD_EXECUTION (targeting 感染棱柱 (index 2))
[INFO] Execution: shouldTriggerFatal: True, killedHits: 0
[INFO] Monster INFESTED_PRISM performing move WHIRLWIND_MOVE
[INFO] [HextechRunes][Mayhem] EnemyUi.Refresh: active=SpeedDemon,WarmogsSpirit
[INFO] Player 1 playing card THE_QUEEN_CARD_UNFINISHED_CALAMITY (no target)
[INFO] Player 1 playing card THE_QUEEN_CARD_SKITTISH (no target)
[INFO] Player 1 playing card REFINE_BLADE (no target)
[INFO] Player 1 playing card THE_QUEEN_CARD_TIME_TRICK (targeting 感染棱柱 (index 2))
[INFO] Player 1 chose cards [SOVEREIGN_BLADE,THE_QUEEN_CARD_SOUL_LOCK_CASKET]
[INFO] Player 1 playing card THE_QUEEN_CARD_SOUL_LOCK_CASKET (targeting 感染棱柱 (index 2))
[INFO] Monster INFESTED_PRISM performing move PULSATE_MOVE
[INFO] [HextechRunes][Mayhem] EnemyUi.Refresh: active=SpeedDemon,WarmogsSpirit
[INFO] Player 1 playing card THE_QUEEN_CARD_SHRIEK (no target)
[INFO] Player 1 playing card THE_QUEEN_CARD_SPINNING_KICK (no target)
ERROR: System.NullReferenceException: Object reference not set to an instance of an object.
   at ComicChess.TheQueen.NewNAmalgamVfx.PlayLaserHit(Boolean starting)
   at ComicChess.TheQueen.NewNAmalgamVfx.OnAnimationEvent(GodotObject _, GodotObject __, GodotObject ___, GodotObject spineEvent)
   at Godot.Callable.<From>g__Trampoline|5_0[T0,T1,T2,T3](Object delegateObj, NativeVariantPtrArgs args, godot_variant& ret)
   at Godot.DelegateUtils.InvokeWithVariantArgs(IntPtr delegateGCHandle, Void* trampoline, godot_variant** args, Int32 argc, godot_variant* outRet)
   at: void Godot.NativeInterop.ExceptionUtils.LogException(System.Exception) (:0)
   C# backtrace (most recent call first):
       [0] void Godot.GD.PushError(string)
       [1] void Godot.NativeInterop.ExceptionUtils.LogException(System.Exception)
       [2] void Godot.DelegateUtils.InvokeWithVariantArgs(nint, System.Void*, Godot.NativeInterop.godot_variant**, int, Godot.NativeInterop.godot_variant*)
[INFO] Player 1 playing card SOVEREIGN_BLADE (targeting 感染棱柱 (index 2))
[INFO] Player 1 playing card THE_QUEEN_CARD_SOUL_LOCK_CASKET (targeting 感染棱柱 (index 2))
[INFO] Player 1 playing card THE_QUEEN_CARD_PLAY_WITH (no target)
[INFO] Player 1 chose cards [THE_QUEEN_CARD_PURIFICATION_RITE]
[INFO] Monster INFESTED_PRISM performing move JAB_MOVE
[WARN] Asset not cached: res://images/powers/demise_power.png
[INFO] [HextechRunes][Mayhem] EnemyUi.Refresh: active=SpeedDemon,WarmogsSpirit
[INFO] Player 1 playing card THE_QUEEN_CARD_LAMP_DRIVE (no target)
[INFO] Player 1 playing card THE_QUEEN_CARD_CORPSE_SLUG_HUNGER (no target)
[INFO] Player 1 playing card THE_QUEEN_CARD_TIME_TRICK (targeting 感染棱柱 (index 2))
[INFO] Player 1 chose cards [IRON_WAVE,REFINE_BLADE]
[INFO] Wrote 96291 bytes to path=user://steam/76561199401820476/modded/profile1\saves\current_run.save save_dir=user://steam/76561199401820476
[INFO] Wrote 96291 bytes to modded/profile1/saves/current_run.save in steam remote store
[INFO] CHARACTER.THE_QUEEN_CHARACTER_QUEEN_CHARACTER has won against encounter ENCOUNTER.INFESTED_PRISMS_ELITE. That's 33 wins
[INFO] CHARACTER.THE_QUEEN_CHARACTER_QUEEN_CHARACTER has killed a MONSTER.INFESTED_PRISM. That's 33 kills
[INFO] Wrote 345489 bytes to path=user://steam/76561199401820476/modded/profile1\saves\progress.save save_dir=user://steam/76561199401820476
[INFO] Wrote 345489 bytes to modded/profile1/saves/progress.save in steam remote store
[INFO] Card rarity: Rolled 0.7686388, need < 0.11999999 for rare (offset = 0.069999985)
[INFO] Card rarity: Rolled 0.04486688, need < 0.124999985 for rare (offset = 0.07499999)
[INFO] Card rarity: Rolled 0.1388746, need < 0 for rare (offset = -0.05)
[INFO] Card rarity: Rolled 0.5250377, need < 0.004999999 for rare (offset = -0.045)
[INFO] Card rarity: Rolled 0.71190304, need < 0.009999998 for rare (offset = -0.040000003)
[INFO] Card rarity: Rolled 0.65228313, need < 0.014999997 for rare (offset = -0.035000004)
[WARN] Asset not cached: res://images/relics/stone_cracker.png
[WARN] Asset not cached: res://images/relics/molten_egg.png
[INFO] Obtained 28 gold from reward
[INFO] Obtained RELIC.STONE_CRACKER from relic reward
[INFO] Obtained RELIC.MOLTEN_EGG from relic reward
[INFO] Card reward selected
[INFO] Card reward selected
[WARN] Asset not cached: res://images/packed/sprite_fonts/star_icon.png
[INFO] Obtained CARD.GRAVEBLAST from card reward
[INFO] Card reward selected
[INFO] Obtained CARD.THE_QUEEN_CARD_GAZE from card reward
[WARN] [RoutePlanner] MaxElite: 3 elites, 2/11 paths
[WARN] [RoutePlanner] UI added via CanvasLayer
[WARN] [RoutePlanner] highlighted 12 segments across 2 paths
[INFO] Player vote changed for 1: ->MapVote (gen: 1 coord: (6, 8))
[WARN] [RoutePlanner] MaxElite: 2 elites, 2/11 paths
[INFO] [HextechRunes][Mayhem] OnRoomExited: currentRoom=null lastHistoryRoom=Elite model=INFESTED_PRISMS_ELITE
[INFO] Wrote 345489 bytes to path=user://steam/76561199401820476/modded/profile1\saves\progress.save save_dir=user://steam/76561199401820476
[INFO] Wrote 345489 bytes to modded/profile1/saves/progress.save in steam remote store
[INFO] Wrote 97454 bytes to path=user://steam/76561199401820476/modded/profile1\saves\current_run.save save_dir=user://steam/76561199401820476
[INFO] Wrote 97454 bytes to modded/profile1/saves/current_run.save in steam remote store
[INFO] Preloading 'Treasure Room' assets... count=2 vfx=0
[INFO] Preloading 'Treasure Room' Complete: assets=2 time_elapsed=116ms
[WARN] [RoutePlanner] MaxElite: 2 elites, 2/11 paths
[INFO] [HextechRunes][Mayhem] OnRoomEntered: room=TreasureRoom actIndex=1 actResolved=True startedWithNeow=True eventState=none
[INFO] [HextechRunes][Mayhem] EnemyUi.Refresh: active=SpeedDemon,WarmogsSpirit
[WARN] [RoutePlanner] MaxElite: 2 elites, 2/11 paths
[WARN] [RoutePlanner] UI added via CanvasLayer
[WARN] [RoutePlanner] highlighted 11 segments across 2 paths
[INFO] Player vote changed for 1: ->MapVote (gen: 1 coord: (6, 9))
[WARN] [RoutePlanner] MaxElite: 2 elites, 2/3 paths
[INFO] [HextechRunes][Mayhem] OnRoomExited: currentRoom=null lastHistoryRoom=Treasure model=null
[INFO] Wrote 345489 bytes to path=user://steam/76561199401820476/modded/profile1\saves\progress.save save_dir=user://steam/76561199401820476
[INFO] Wrote 345489 bytes to modded/profile1/saves/progress.save in steam remote store
[INFO] Wrote 98317 bytes to path=user://steam/76561199401820476/modded/profile1\saves\current_run.save save_dir=user://steam/76561199401820476
[INFO] Wrote 98317 bytes to modded/profile1/saves/current_run.save in steam remote store
[INFO] Preloading 'Combat Room' assets... count=7 vfx=0
[INFO] Preloading 'Combat Room' Complete: assets=7 time_elapsed=251ms
[INFO] Creating NCombatRoom with mode=ActiveCombat encounter=ENTOMANCER_ELITE.
[INFO] [com.ritsukage.sts2-RitsuLib] [Godot] Creating NCreatureVisuals from scene res://TheQueen/scenes/creature_visuals/queen_character.tscn
[INFO] [com.ritsukage.sts2-RitsuLib] [Godot] Creating NEnergyCounter from scene res://TheQueen/scenes/ui/queen_energy_counter.tscn
[WARN] Asset not cached: res://images/powers/personal_hive_power.png
[INFO] [HextechRunes][Mayhem] EnemyUi.Refresh: active=SpeedDemon,WarmogsSpirit
[INFO] [HextechRunes][Mayhem] EnemyUi.Refresh: active=SpeedDemon,WarmogsSpirit
[WARN] [RoutePlanner] MaxElite: 2 elites, 2/3 paths
[INFO] [HextechRunes][Mayhem] OnRoomEntered: room=CombatRoom actIndex=1 actResolved=True startedWithNeow=True eventState=none
[INFO] [HextechRunes][Mayhem] EnemyUi.Refresh: active=SpeedDemon,WarmogsSpirit
[INFO] [HextechRunes][Mayhem] EnemyUi.Refresh: active=SpeedDemon,WarmogsSpirit
[INFO] Player 1 playing card THE_QUEEN_CARD_ASHEN_WALL (no target)
[INFO] Player 1 playing card THE_QUEEN_CARD_HARDENED_SHELL (no target)
[INFO] [QUICKRELOAD]: Quick Restart button added.
[INFO] [QUICKRELOAD]: Quick Restart pressed.
[INFO] [QUICKRELOAD]: Single player run detected, restarting.
[INFO] [QUICKRELOAD]: RunManager.InitializeRunLobby postfix called on Singleplayer. netId=1
[INFO] [QUICKRELOAD]: Not a multiplayer run, skipping QuickReload message handler registration.
[INFO] Preloading 'characters=THE_QUEEN_CHARACTER_QUEEN_CHARACTER' assets... count=0 vfx=0
[INFO] Preloading 'characters=THE_QUEEN_CHARACTER_QUEEN_CHARACTER' Complete: assets=0 time_elapsed=55ms
[INFO] Preloading 'Act=HIVE' assets... count=8 vfx=0
[INFO] Preloading 'Act=HIVE' Complete: assets=8 time_elapsed=76ms
[INFO] [HextechRunes][Mayhem] EnemyUi.HideMayhemModifierBadge: removed top bar modifier badge
[INFO] [HextechRunes][Mayhem] EnemyUi.Refresh: active=SpeedDemon,WarmogsSpirit
[INFO] [HextechRunes][Mayhem] EnemyUi delayed refresh: reason=NTopBar.Initialize frame=0 recovered=False actIndex=1 resolved=1,1,0 rarity=0,1,-1 monster=36,54,-1 carried= mapReduced=
[INFO] Preloading 'Combat Room' assets... count=7 vfx=0
[INFO] Preloading 'Combat Room' Complete: assets=7 time_elapsed=217ms
[INFO] Creating NCombatRoom with mode=ActiveCombat encounter=ENTOMANCER_ELITE.
[INFO] [com.ritsukage.sts2-RitsuLib] [Godot] Creating NCreatureVisuals from scene res://TheQueen/scenes/creature_visuals/queen_character.tscn
[INFO] [com.ritsukage.sts2-RitsuLib] [Godot] Creating NEnergyCounter from scene res://TheQueen/scenes/ui/queen_energy_counter.tscn
[INFO] [HextechRunes][Mayhem] EnemyUi.Refresh: active=SpeedDemon,WarmogsSpirit
[INFO] [HextechRunes][Mayhem] EnemyUi.Refresh: active=SpeedDemon,WarmogsSpirit
[INFO] [HextechRunes][Mayhem] OnRoomEntered: room=CombatRoom actIndex=1 actResolved=True startedWithNeow=True eventState=none
[INFO] [HextechRunes][Mayhem] EnemyUi.Refresh: active=SpeedDemon,WarmogsSpirit
[INFO] [HextechRunes][Mayhem] EnemyUi.Refresh: active=SpeedDemon,WarmogsSpirit
[INFO] [HextechRunes][Mayhem] EnemyUi delayed refresh: reason=LoadRun frame=0 recovered=False actIndex=1 resolved=1,1,0 rarity=0,1,-1 monster=36,54,-1 carried= mapReduced=
[INFO] [HextechRunes][Mayhem] EnemyUi.Refresh: active=SpeedDemon,WarmogsSpirit
[INFO] Player 1 playing card THE_QUEEN_CARD_ASHEN_WALL (no target)
[INFO] Player 1 playing card THE_QUEEN_CARD_SUMMON_SOUL (no target)
[INFO] Player 1 playing card THE_QUEEN_CARD_SOUL_DEFEND (no target)
[INFO] Player 1 playing card THE_QUEEN_CARD_SOUL_STRIKE (targeting 蜂群术士 (index 2))
[INFO] Monster ENTOMANCER performing move BEES_MOVE
[INFO] [HextechRunes][Mayhem] EnemyUi.Refresh: active=SpeedDemon,WarmogsSpirit
[INFO] Player 1 playing card THE_QUEEN_CARD_PUNCH_OFF (no target)
ERROR: System.NullReferenceException: Object reference not set to an instance of an object.
   at ComicChess.TheQueen.NewNAmalgamVfx.PlayLaserHit(Boolean starting)
   at ComicChess.TheQueen.NewNAmalgamVfx.OnAnimationEvent(GodotObject _, GodotObject __, GodotObject ___, GodotObject spineEvent)
   at Godot.Callable.<From>g__Trampoline|5_0[T0,T1,T2,T3](Object delegateObj, NativeVariantPtrArgs args, godot_variant& ret)
   at Godot.DelegateUtils.InvokeWithVariantArgs(IntPtr delegateGCHandle, Void* trampoline, godot_variant** args, Int32 argc, godot_variant* outRet)
   at: void Godot.NativeInterop.ExceptionUtils.LogException(System.Exception) (:0)
   C# backtrace (most recent call first):
       [0] void Godot.GD.PushError(string)
       [1] void Godot.NativeInterop.ExceptionUtils.LogException(System.Exception)
       [2] void Godot.DelegateUtils.InvokeWithVariantArgs(nint, System.Void*, Godot.NativeInterop.godot_variant**, int, Godot.NativeInterop.godot_variant*)
[INFO] Monster ENTOMANCER performing move SPEAR_MOVE
[INFO] [HextechRunes][Mayhem] EnemyUi.Refresh: active=SpeedDemon,WarmogsSpirit
[INFO] Player 1 playing card THE_QUEEN_CARD_PRISMATIC_ART (no target)
[INFO] Player 1 playing card REFINE_BLADE (no target)
[INFO] Player 1 playing card GRAVEBLAST (targeting 蜂群术士 (index 2))
[INFO] Player 1 chose cards [THE_QUEEN_CARD_HARDENED_SHELL]
[INFO] Player 1 playing card THE_QUEEN_CARD_HARDENED_SHELL (no target)
[INFO] Monster ENTOMANCER performing move PHEROMONE_SPIT_MOVE
[INFO] [HextechRunes][Mayhem] EnemyUi.Refresh: active=SpeedDemon,WarmogsSpirit
[INFO] Player 1 playing card THE_QUEEN_CARD_UNFINISHED_CALAMITY (no target)
[INFO] Player 1 playing card THE_QUEEN_CARD_SKITTISH (no target)
[INFO] Player 1 playing card THE_QUEEN_CARD_GEM_SHIELD (no target)
[WARN] Asset not cached: res://TheQueen/images/enchantments/dazed.png
[INFO] Player 1 playing card THE_QUEEN_CARD_SOUL_LOCK_CASKET (targeting 蜂群术士 (index 2))
ERROR: System.NullReferenceException: Object reference not set to an instance of an object.
   at ComicChess.TheQueen.NewNAmalgamVfx.PlayLaserHit(Boolean starting)
   at ComicChess.TheQueen.NewNAmalgamVfx.OnAnimationEvent(GodotObject _, GodotObject __, GodotObject ___, GodotObject spineEvent)
   at Godot.Callable.<From>g__Trampoline|5_0[T0,T1,T2,T3](Object delegateObj, NativeVariantPtrArgs args, godot_variant& ret)
   at Godot.DelegateUtils.InvokeWithVariantArgs(IntPtr delegateGCHandle, Void* trampoline, godot_variant** args, Int32 argc, godot_variant* outRet)
   at: void Godot.NativeInterop.ExceptionUtils.LogException(System.Exception) (:0)
   C# backtrace (most recent call first):
       [0] void Godot.GD.PushError(string)
       [1] void Godot.NativeInterop.ExceptionUtils.LogException(System.Exception)
       [2] void Godot.DelegateUtils.InvokeWithVariantArgs(nint, System.Void*, Godot.NativeInterop.godot_variant**, int, Godot.NativeInterop.godot_variant*)
[INFO] Monster ENTOMANCER performing move BEES_MOVE
[WARN] Asset not cached: res://images/powers/poison_power.png
[INFO] [HextechRunes][Mayhem] EnemyUi.Refresh: active=SpeedDemon,WarmogsSpirit
[INFO] Player 1 playing card THE_QUEEN_CARD_SPIKEN (no target)
[INFO] Player 1 playing card THE_QUEEN_CARD_TIME_TRICK (targeting 蜂群术士 (index 2))
[INFO] Player 1 chose cards [SOVEREIGN_BLADE,THE_QUEEN_CARD_ENJOY_DINNER]
[INFO] Player 1 playing card THE_QUEEN_CARD_ENJOY_DINNER (targeting 蜂群术士 (index 2))
[INFO] Player 1 playing card THE_QUEEN_CARD_DEVOUR (targeting 蜂群术士 (index 2))
[INFO] Player 1 playing card THE_QUEEN_CARD_DEVOUR (targeting 蜂群术士 (index 2))
[INFO] Player 1 playing card SOVEREIGN_BLADE (targeting 蜂群术士 (index 2))
[INFO] Monster ENTOMANCER performing move SPEAR_MOVE
[WARN] Asset not cached: res://images/powers/doom_power.png
[INFO] [HextechRunes][Mayhem] EnemyUi.Refresh: active=SpeedDemon,WarmogsSpirit
[INFO] Player 1 playing card THE_QUEEN_CARD_ENJOY_DINNER (targeting 蜂群术士 (index 2))
[INFO] Player 1 playing card THE_QUEEN_CARD_DEVOUR (targeting 蜂群术士 (index 2))
[INFO] Player 1 playing card SOVEREIGN_BLADE (targeting 蜂群术士 (index 2))
[INFO] Monster ENTOMANCER performing move PHEROMONE_SPIT_MOVE
[WARN] Asset not cached: res://scenes/vfx/doom_overlay_vfx.tscn
[WARN] Warning: Packet writer is growing from 1024 bytes to 2048 bytes!
[WARN] Warning: Packet writer is growing from 2048 bytes to 4096 bytes!
[WARN] Warning: Packet writer is growing from 4096 bytes to 8192 bytes!
[INFO] Wrote 100037 bytes to path=user://steam/76561199401820476/modded/profile1\saves\current_run.save save_dir=user://steam/76561199401820476
[INFO] Wrote 100037 bytes to modded/profile1/saves/current_run.save in steam remote store
[INFO] CHARACTER.THE_QUEEN_CHARACTER_QUEEN_CHARACTER has won against encounter ENCOUNTER.ENTOMANCER_ELITE. That's 34 wins
[INFO] CHARACTER.THE_QUEEN_CHARACTER_QUEEN_CHARACTER has killed a MONSTER.ENTOMANCER. That's 34 kills
[INFO] Wrote 345489 bytes to path=user://steam/76561199401820476/modded/profile1\saves\progress.save save_dir=user://steam/76561199401820476
[INFO] Wrote 345489 bytes to modded/profile1/saves/progress.save in steam remote store
[INFO] Card rarity: Rolled 0.098612666, need < 0.019999996 for rare (offset = -0.030000005)
[INFO] Card rarity: Rolled 0.41273907, need < 0.024999995 for rare (offset = -0.025000006)
[INFO] Card rarity: Rolled 0.95158046, need < 0.029999994 for rare (offset = -0.020000007)
[INFO] Card rarity: Rolled 0.31663123, need < 0.034999993 for rare (offset = -0.015000007)
[INFO] Card rarity: Rolled 0.8379296, need < 0.03999999 for rare (offset = -0.010000007)
[INFO] Card rarity: Rolled 0.15996373, need < 0.044999994 for rare (offset = -0.0050000073)
[WARN] Asset not cached: res://images/relics/old_coin.png
[WARN] Asset not cached: res://images/relics/bag_of_marbles.png
[INFO] Obtained 31 gold from reward
[INFO] Obtained RELIC.OLD_COIN from relic reward
[INFO] Obtained RELIC.BAG_OF_MARBLES from relic reward
[INFO] Card reward selected
[INFO] Obtained CARD.THE_QUEEN_CARD_ALL_SOUL_SLASH from card reward
[INFO] Card reward selected
[WARN] [RoutePlanner] UI added via CanvasLayer
[INFO] Player vote changed for 1: ->MapVote (gen: 1 coord: (6, 10))
[INFO] [HextechRunes][Mayhem] OnRoomExited: currentRoom=null lastHistoryRoom=Elite model=ENTOMANCER_ELITE
[INFO] Wrote 345489 bytes to path=user://steam/76561199401820476/modded/profile1\saves\progress.save save_dir=user://steam/76561199401820476
[INFO] Wrote 345489 bytes to modded/profile1/saves/progress.save in steam remote store
[INFO] Wrote 101113 bytes to path=user://steam/76561199401820476/modded/profile1\saves\current_run.save save_dir=user://steam/76561199401820476
[INFO] Wrote 101113 bytes to modded/profile1/saves/current_run.save in steam remote store
[INFO] Set enabled
[INFO] Preloading 'RestSite Room' assets... count=3 vfx=2
[INFO] Preloading 'RestSite Room' Complete: assets=5 time_elapsed=177ms
[INFO] [com.ritsukage.sts2-RitsuLib] [Godot] Creating NRestSiteCharacter from scene res://TheQueen/scenes/creature_visuals/queen_rest_site.tscn
WARNING: SpineSlotNode parent is not a SpineSprite.
   at: SpineSlotNode::_notification (spine_godot\SpineSlotNode.cpp:88)
   C# backtrace (most recent call first):
       [0] Godot.Node <unknown>.Godot.PackedScene.Instantiate_Patch1(Godot.PackedScene, Godot.PackedScene+GenEditState)
       [1] TNode STS2RitsuLib.Scaffolding.Godot.RitsuGodotNodeFactoryRegistry.CreateFromScene<TNode>(Godot.PackedScene, System.Nullable`1[Godot.PackedScene+GenEditState], STS2RitsuLib.Scaffolding.Visuals.Definition.VisualNodeStyle) (/home/runner/work/STS2-RitsuLib/STS2-RitsuLib/Scaffolding/Godot/RitsuGodotNodeFactoryRegistry.cs:89)
       [2] TNode STS2RitsuLib.Scaffolding.Godot.RitsuGodotNodeFactoryRegistry.CreateFromScene<TNode>(Godot.PackedScene, System.Nullable`1[Godot.PackedScene+GenEditState]) (/home/runner/work/STS2-RitsuLib/STS2-RitsuLib/Scaffolding/Godot/RitsuGodotNodeFactoryRegistry.cs:66)
       [3] TNode STS2RitsuLib.Scaffolding.Godot.RitsuGodotNodeFactories.CreateFromScene<TNode>(Godot.PackedScene, Godot.PackedScene+GenEditState) (/home/runner/work/STS2-RitsuLib/STS2-RitsuLib/Scaffolding/Godot/RitsuGodotNodeFactories.cs:105)
       [4] bool STS2RitsuLib.Scaffolding.Characters.Patches.NRestSiteCharacterCreateProceduralPatch.Prefix(MegaCrit.Sts2.Core.Entities.Players.Player, int, MegaCrit.Sts2.Core.Nodes.RestSite.NRestSiteCharacter&) (/home/runner/work/STS2-RitsuLib/STS2-RitsuLib/Scaffolding/Characters/Patches/NRestSiteCharacterCreateProceduralPatch.cs:56)
       [5] MegaCrit.Sts2.Core.Nodes.RestSite.NRestSiteCharacter <unknown>.MegaCrit.Sts2.Core.Nodes.RestSite.NRestSiteCharacter.Create_Patch1(MegaCrit.Sts2.Core.Entities.Players.Player, int)
       [6] void <unknown>.MegaCrit.Sts2.Core.Nodes.Rooms.NRestSiteRoom._Ready_Patch1(MegaCrit.Sts2.Core.Nodes.Rooms.NRestSiteRoom)
       [7] bool Godot.Node.InvokeGodotClassMethod(Godot.NativeInterop.godot_string_name&, Godot.NativeInterop.NativeVariantPtrArgs, Godot.NativeInterop.godot_variant&)
       [8] bool Godot.Control.InvokeGodotClassMethod(Godot.NativeInterop.godot_string_name&, Godot.NativeInterop.NativeVariantPtrArgs, Godot.NativeInterop.godot_variant&)
       [9] bool MegaCrit.Sts2.Core.Nodes.Rooms.NRestSiteRoom.InvokeGodotClassMethod(Godot.NativeInterop.godot_string_name&, Godot.NativeInterop.NativeVariantPtrArgs, Godot.NativeInterop.godot_variant&)
       [10] Godot.NativeInterop.godot_bool Godot.Bridge.CSharpInstanceBridge.Call(nint, Godot.NativeInterop.godot_string_name*, Godot.NativeInterop.godot_variant**, int, Godot.NativeInterop.godot_variant_call_error*, Godot.NativeInterop.godot_variant*)
       [11] void Godot.NativeCalls.godot_icall_3_864(nint, nint, nint, Godot.NativeInterop.godot_bool, int)
       [12] void MegaCrit.Sts2.Core.Helpers.GodotTreeExtensions.AddChildSafely(Godot.Node, Godot.Node)
       [13] void MegaCrit.Sts2.Core.Nodes.NSceneContainer.SetCurrentScene(Godot.Control)
       [14] void MegaCrit.Sts2.Core.Nodes.NRun.SetCurrentRoom(Godot.Control)
       [15] void MegaCrit.Sts2.Core.Rooms.RestSiteRoom.ShowRoomNode(MegaCrit.Sts2.Core.Runs.IRunState)
       [16] void MegaCrit.Sts2.Core.Rooms.RestSiteRoom+<EnterInternal>d__7.MoveNext()
       [17] void System.Runtime.CompilerServices.AsyncTaskMethodBuilder`1+AsyncStateMachineBox`1.ExecutionContextCallback(object)
       [18] void System.Threading.ExecutionContext.RunInternal(System.Threading.ExecutionContext, System.Threading.ContextCallback, object)
       [19] void System.Runtime.CompilerServices.AsyncTaskMethodBuilder`1+AsyncStateMachineBox`1.MoveNext(System.Threading.Thread)
       [20] void System.Runtime.CompilerServices.AsyncTaskMethodBuilder`1+AsyncStateMachineBox`1.MoveNext()
       [21] void System.Threading.Tasks.AwaitTaskContinuation.RunCallback(System.Threading.ContextCallback, object, System.Threading.Tasks.Task&)
       [22] void System.Threading.Tasks.Task.RunContinuations(object)
       [23] void System.Runtime.CompilerServices.AsyncTaskMethodBuilder.SetResult()
       [24] void MegaCrit.Sts2.Core.Assets.PreloadManager+<LoadRoomRestSite>d__17.MoveNext()
       [25] void System.Runtime.CompilerServices.AsyncTaskMethodBuilder`1+AsyncStateMachineBox`1.ExecutionContextCallback(object)
       [26] void System.Threading.ExecutionContext.RunInternal(System.Threading.ExecutionContext, System.Threading.ContextCallback, object)
       [27] void System.Runtime.CompilerServices.AsyncTaskMethodBuilder`1+AsyncStateMachineBox`1.MoveNext(System.Threading.Thread)
       [28] void System.Runtime.CompilerServices.AsyncTaskMethodBuilder`1+AsyncStateMachineBox`1.MoveNext()
       [29] void System.Threading.Tasks.AwaitTaskContinuation.RunCallback(System.Threading.ContextCallback, object, System.Threading.Tasks.Task&)
       [30] void System.Threading.Tasks.Task.RunContinuations(object)
       [31] void System.Runtime.CompilerServices.AsyncTaskMethodBuilder.SetResult()
       [32] void MegaCrit.Sts2.Core.Assets.PreloadManager+<LoadRoomAssets>d__18.MoveNext()
       [33] void System.Runtime.CompilerServices.AsyncTaskMethodBuilder`1+AsyncStateMachineBox`1.ExecutionContextCallback(object)
       [34] void System.Threading.ExecutionContext.RunInternal(System.Threading.ExecutionContext, System.Threading.ContextCallback, object)
       [35] void System.Runtime.CompilerServices.AsyncTaskMethodBuilder`1+AsyncStateMachineBox`1.MoveNext(System.Threading.Thread)
       [36] void System.Runtime.CompilerServices.AsyncTaskMethodBuilder`1+AsyncStateMachineBox`1.MoveNext()
       [37] void System.Threading.Tasks.AwaitTaskContinuation.RunCallback(System.Threading.ContextCallback, object, System.Threading.Tasks.Task&)
       [38] void System.Threading.Tasks.Task.RunContinuations(object)
       [39] bool System.Threading.Tasks.Task`1.TrySetResult(TResult)
       [40] bool System.Threading.Tasks.TaskCompletionSource`1.TrySetResult(TResult)
       [41] void MegaCrit.Sts2.Core.Assets.AssetLoadingSession.Process()
       [42] void MegaCrit.Sts2.Core.Nodes.NAssetLoader._Process(double)
       [43] bool Godot.Node.InvokeGodotClassMethod(Godot.NativeInterop.godot_string_name&, Godot.NativeInterop.NativeVariantPtrArgs, Godot.NativeInterop.godot_variant&)
       [44] bool MegaCrit.Sts2.Core.Nodes.NAssetLoader.InvokeGodotClassMethod(Godot.NativeInterop.godot_string_name&, Godot.NativeInterop.NativeVariantPtrArgs, Godot.NativeInterop.godot_variant&)
       [45] Godot.NativeInterop.godot_bool Godot.Bridge.CSharpInstanceBridge.Call(nint, Godot.NativeInterop.godot_string_name*, Godot.NativeInterop.godot_variant**, int, Godot.NativeInterop.godot_variant_call_error*, Godot.NativeInterop.godot_variant*)
WARNING: SpineSlotNode parent is not a SpineSprite.
   at: SpineSlotNode::_notification (spine_godot\SpineSlotNode.cpp:88)
   C# backtrace (most recent call first):
       [0] Godot.Node <unknown>.Godot.PackedScene.Instantiate_Patch1(Godot.PackedScene, Godot.PackedScene+GenEditState)
       [1] TNode STS2RitsuLib.Scaffolding.Godot.RitsuGodotNodeFactoryRegistry.CreateFromScene<TNode>(Godot.PackedScene, System.Nullable`1[Godot.PackedScene+GenEditState], STS2RitsuLib.Scaffolding.Visuals.Definition.VisualNodeStyle) (/home/runner/work/STS2-RitsuLib/STS2-RitsuLib/Scaffolding/Godot/RitsuGodotNodeFactoryRegistry.cs:89)
       [2] TNode STS2RitsuLib.Scaffolding.Godot.RitsuGodotNodeFactoryRegistry.CreateFromScene<TNode>(Godot.PackedScene, System.Nullable`1[Godot.PackedScene+GenEditState]) (/home/runner/work/STS2-RitsuLib/STS2-RitsuLib/Scaffolding/Godot/RitsuGodotNodeFactoryRegistry.cs:66)
       [3] TNode STS2RitsuLib.Scaffolding.Godot.RitsuGodotNodeFactories.CreateFromScene<TNode>(Godot.PackedScene, Godot.PackedScene+GenEditState) (/home/runner/work/STS2-RitsuLib/STS2-RitsuLib/Scaffolding/Godot/RitsuGodotNodeFactories.cs:105)
       [4] bool STS2RitsuLib.Scaffolding.Characters.Patches.NRestSiteCharacterCreateProceduralPatch.Prefix(MegaCrit.Sts2.Core.Entities.Players.Player, int, MegaCrit.Sts2.Core.Nodes.RestSite.NRestSiteCharacter&) (/home/runner/work/STS2-RitsuLib/STS2-RitsuLib/Scaffolding/Characters/Patches/NRestSiteCharacterCreateProceduralPatch.cs:56)
       [5] MegaCrit.Sts2.Core.Nodes.RestSite.NRestSiteCharacter <unknown>.MegaCrit.Sts2.Core.Nodes.RestSite.NRestSiteCharacter.Create_Patch1(MegaCrit.Sts2.Core.Entities.Players.Player, int)
       [6] void <unknown>.MegaCrit.Sts2.Core.Nodes.Rooms.NRestSiteRoom._Ready_Patch1(MegaCrit.Sts2.Core.Nodes.Rooms.NRestSiteRoom)
       [7] bool Godot.Node.InvokeGodotClassMethod(Godot.NativeInterop.godot_string_name&, Godot.NativeInterop.NativeVariantPtrArgs, Godot.NativeInterop.godot_variant&)
       [8] bool Godot.Control.InvokeGodotClassMethod(Godot.NativeInterop.godot_string_name&, Godot.NativeInterop.NativeVariantPtrArgs, Godot.NativeInterop.godot_variant&)
       [9] bool MegaCrit.Sts2.Core.Nodes.Rooms.NRestSiteRoom.InvokeGodotClassMethod(Godot.NativeInterop.godot_string_name&, Godot.NativeInterop.NativeVariantPtrArgs, Godot.NativeInterop.godot_variant&)
       [10] Godot.NativeInterop.godot_bool Godot.Bridge.CSharpInstanceBridge.Call(nint, Godot.NativeInterop.godot_string_name*, Godot.NativeInterop.godot_variant**, int, Godot.NativeInterop.godot_variant_call_error*, Godot.NativeInterop.godot_variant*)
       [11] void Godot.NativeCalls.godot_icall_3_864(nint, nint, nint, Godot.NativeInterop.godot_bool, int)
       [12] void MegaCrit.Sts2.Core.Helpers.GodotTreeExtensions.AddChildSafely(Godot.Node, Godot.Node)
       [13] void MegaCrit.Sts2.Core.Nodes.NSceneContainer.SetCurrentScene(Godot.Control)
       [14] void MegaCrit.Sts2.Core.Nodes.NRun.SetCurrentRoom(Godot.Control)
       [15] void MegaCrit.Sts2.Core.Rooms.RestSiteRoom.ShowRoomNode(MegaCrit.Sts2.Core.Runs.IRunState)
       [16] void MegaCrit.Sts2.Core.Rooms.RestSiteRoom+<EnterInternal>d__7.MoveNext()
       [17] void System.Runtime.CompilerServices.AsyncTaskMethodBuilder`1+AsyncStateMachineBox`1.ExecutionContextCallback(object)
       [18] void System.Threading.ExecutionContext.RunInternal(System.Threading.ExecutionContext, System.Threading.ContextCallback, object)
       [19] void System.Runtime.CompilerServices.AsyncTaskMethodBuilder`1+AsyncStateMachineBox`1.MoveNext(System.Threading.Thread)
       [20] void System.Runtime.CompilerServices.AsyncTaskMethodBuilder`1+AsyncStateMachineBox`1.MoveNext()
       [21] void System.Threading.Tasks.AwaitTaskContinuation.RunCallback(System.Threading.ContextCallback, object, System.Threading.Tasks.Task&)
       [22] void System.Threading.Tasks.Task.RunContinuations(object)
       [23] void System.Runtime.CompilerServices.AsyncTaskMethodBuilder.SetResult()
       [24] void MegaCrit.Sts2.Core.Assets.PreloadManager+<LoadRoomRestSite>d__17.MoveNext()
       [25] void System.Runtime.CompilerServices.AsyncTaskMethodBuilder`1+AsyncStateMachineBox`1.ExecutionContextCallback(object)
       [26] void System.Threading.ExecutionContext.RunInternal(System.Threading.ExecutionContext, System.Threading.ContextCallback, object)
       [27] void System.Runtime.CompilerServices.AsyncTaskMethodBuilder`1+AsyncStateMachineBox`1.MoveNext(System.Threading.Thread)
       [28] void System.Runtime.CompilerServices.AsyncTaskMethodBuilder`1+AsyncStateMachineBox`1.MoveNext()
       [29] void System.Threading.Tasks.AwaitTaskContinuation.RunCallback(System.Threading.ContextCallback, object, System.Threading.Tasks.Task&)
       [30] void System.Threading.Tasks.Task.RunContinuations(object)
       [31] void System.Runtime.CompilerServices.AsyncTaskMethodBuilder.SetResult()
       [32] void MegaCrit.Sts2.Core.Assets.PreloadManager+<LoadRoomAssets>d__18.MoveNext()
       [33] void System.Runtime.CompilerServices.AsyncTaskMethodBuilder`1+AsyncStateMachineBox`1.ExecutionContextCallback(object)
       [34] void System.Threading.ExecutionContext.RunInternal(System.Threading.ExecutionContext, System.Threading.ContextCallback, object)
       [35] void System.Runtime.CompilerServices.AsyncTaskMethodBuilder`1+AsyncStateMachineBox`1.MoveNext(System.Threading.Thread)
       [36] void System.Runtime.CompilerServices.AsyncTaskMethodBuilder`1+AsyncStateMachineBox`1.MoveNext()
       [37] void System.Threading.Tasks.AwaitTaskContinuation.RunCallback(System.Threading.ContextCallback, object, System.Threading.Tasks.Task&)
       [38] void System.Threading.Tasks.Task.RunContinuations(object)
       [39] bool System.Threading.Tasks.Task`1.TrySetResult(TResult)
       [40] bool System.Threading.Tasks.TaskCompletionSource`1.TrySetResult(TResult)
       [41] void MegaCrit.Sts2.Core.Assets.AssetLoadingSession.Process()
       [42] void MegaCrit.Sts2.Core.Nodes.NAssetLoader._Process(double)
       [43] bool Godot.Node.InvokeGodotClassMethod(Godot.NativeInterop.godot_string_name&, Godot.NativeInterop.NativeVariantPtrArgs, Godot.NativeInterop.godot_variant&)
       [44] bool MegaCrit.Sts2.Core.Nodes.NAssetLoader.InvokeGodotClassMethod(Godot.NativeInterop.godot_string_name&, Godot.NativeInterop.NativeVariantPtrArgs, Godot.NativeInterop.godot_variant&)
       [45] Godot.NativeInterop.godot_bool Godot.Bridge.CSharpInstanceBridge.Call(nint, Godot.NativeInterop.godot_string_name*, Godot.NativeInterop.godot_variant**, int, Godot.NativeInterop.godot_variant_call_error*, Godot.NativeInterop.godot_variant*)
[INFO] [HextechRunes][Mayhem] OnRoomEntered: room=RestSiteRoom actIndex=1 actResolved=True startedWithNeow=True eventState=none
[INFO] [HextechRunes][Mayhem] EnemyUi.Refresh: active=SpeedDemon,WarmogsSpirit
[INFO] Player 1 chose cards [THE_QUEEN_CARD_GAZE]
[WARN] [RoutePlanner] UI added via CanvasLayer
[INFO] [QUICKRELOAD]: Quick Restart button added.
[INFO] [QUICKRELOAD]: Quick Restart pressed.
[INFO] [QUICKRELOAD]: Single player run detected, restarting.
[INFO] [QUICKRELOAD]: RunManager.InitializeRunLobby postfix called on Singleplayer. netId=1
[INFO] [QUICKRELOAD]: Not a multiplayer run, skipping QuickReload message handler registration.
[INFO] Preloading 'characters=THE_QUEEN_CHARACTER_QUEEN_CHARACTER' assets... count=0 vfx=0
[INFO] Preloading 'characters=THE_QUEEN_CHARACTER_QUEEN_CHARACTER' Complete: assets=0 time_elapsed=52ms
[INFO] Preloading 'Act=HIVE' assets... count=8 vfx=0
[INFO] Preloading 'Act=HIVE' Complete: assets=8 time_elapsed=71ms
[INFO] [HextechRunes][Mayhem] EnemyUi.HideMayhemModifierBadge: removed top bar modifier badge
[INFO] [HextechRunes][Mayhem] EnemyUi.Refresh: active=SpeedDemon,WarmogsSpirit
[INFO] [HextechRunes][Mayhem] EnemyUi delayed refresh: reason=NTopBar.Initialize frame=0 recovered=False actIndex=1 resolved=1,1,0 rarity=0,1,-1 monster=36,54,-1 carried= mapReduced=
[INFO] Set enabled
[INFO] Preloading 'RestSite Room' assets... count=3 vfx=2
[INFO] Preloading 'RestSite Room' Complete: assets=5 time_elapsed=177ms
[INFO] [com.ritsukage.sts2-RitsuLib] [Godot] Creating NRestSiteCharacter from scene res://TheQueen/scenes/creature_visuals/queen_rest_site.tscn
WARNING: SpineSlotNode parent is not a SpineSprite.
   at: SpineSlotNode::_notification (spine_godot\SpineSlotNode.cpp:88)
   C# backtrace (most recent call first):
       [0] Godot.Node <unknown>.Godot.PackedScene.Instantiate_Patch1(Godot.PackedScene, Godot.PackedScene+GenEditState)
       [1] TNode STS2RitsuLib.Scaffolding.Godot.RitsuGodotNodeFactoryRegistry.CreateFromScene<TNode>(Godot.PackedScene, System.Nullable`1[Godot.PackedScene+GenEditState], STS2RitsuLib.Scaffolding.Visuals.Definition.VisualNodeStyle) (/home/runner/work/STS2-RitsuLib/STS2-RitsuLib/Scaffolding/Godot/RitsuGodotNodeFactoryRegistry.cs:89)
       [2] TNode STS2RitsuLib.Scaffolding.Godot.RitsuGodotNodeFactoryRegistry.CreateFromScene<TNode>(Godot.PackedScene, System.Nullable`1[Godot.PackedScene+GenEditState]) (/home/runner/work/STS2-RitsuLib/STS2-RitsuLib/Scaffolding/Godot/RitsuGodotNodeFactoryRegistry.cs:66)
       [3] TNode STS2RitsuLib.Scaffolding.Godot.RitsuGodotNodeFactories.CreateFromScene<TNode>(Godot.PackedScene, Godot.PackedScene+GenEditState) (/home/runner/work/STS2-RitsuLib/STS2-RitsuLib/Scaffolding/Godot/RitsuGodotNodeFactories.cs:105)
       [4] bool STS2RitsuLib.Scaffolding.Characters.Patches.NRestSiteCharacterCreateProceduralPatch.Prefix(MegaCrit.Sts2.Core.Entities.Players.Player, int, MegaCrit.Sts2.Core.Nodes.RestSite.NRestSiteCharacter&) (/home/runner/work/STS2-RitsuLib/STS2-RitsuLib/Scaffolding/Characters/Patches/NRestSiteCharacterCreateProceduralPatch.cs:56)
       [5] MegaCrit.Sts2.Core.Nodes.RestSite.NRestSiteCharacter <unknown>.MegaCrit.Sts2.Core.Nodes.RestSite.NRestSiteCharacter.Create_Patch1(MegaCrit.Sts2.Core.Entities.Players.Player, int)
       [6] void <unknown>.MegaCrit.Sts2.Core.Nodes.Rooms.NRestSiteRoom._Ready_Patch1(MegaCrit.Sts2.Core.Nodes.Rooms.NRestSiteRoom)
       [7] bool Godot.Node.InvokeGodotClassMethod(Godot.NativeInterop.godot_string_name&, Godot.NativeInterop.NativeVariantPtrArgs, Godot.NativeInterop.godot_variant&)
       [8] bool Godot.Control.InvokeGodotClassMethod(Godot.NativeInterop.godot_string_name&, Godot.NativeInterop.NativeVariantPtrArgs, Godot.NativeInterop.godot_variant&)
       [9] bool MegaCrit.Sts2.Core.Nodes.Rooms.NRestSiteRoom.InvokeGodotClassMethod(Godot.NativeInterop.godot_string_name&, Godot.NativeInterop.NativeVariantPtrArgs, Godot.NativeInterop.godot_variant&)
       [10] Godot.NativeInterop.godot_bool Godot.Bridge.CSharpInstanceBridge.Call(nint, Godot.NativeInterop.godot_string_name*, Godot.NativeInterop.godot_variant**, int, Godot.NativeInterop.godot_variant_call_error*, Godot.NativeInterop.godot_variant*)
       [11] void Godot.NativeCalls.godot_icall_3_864(nint, nint, nint, Godot.NativeInterop.godot_bool, int)
       [12] void MegaCrit.Sts2.Core.Helpers.GodotTreeExtensions.AddChildSafely(Godot.Node, Godot.Node)
       [13] void MegaCrit.Sts2.Core.Nodes.NSceneContainer.SetCurrentScene(Godot.Control)
       [14] void MegaCrit.Sts2.Core.Nodes.NRun.SetCurrentRoom(Godot.Control)
       [15] void MegaCrit.Sts2.Core.Rooms.RestSiteRoom.ShowRoomNode(MegaCrit.Sts2.Core.Runs.IRunState)
       [16] void MegaCrit.Sts2.Core.Rooms.RestSiteRoom+<EnterInternal>d__7.MoveNext()
       [17] void System.Runtime.CompilerServices.AsyncTaskMethodBuilder`1+AsyncStateMachineBox`1.ExecutionContextCallback(object)
       [18] void System.Threading.ExecutionContext.RunInternal(System.Threading.ExecutionContext, System.Threading.ContextCallback, object)
       [19] void System.Runtime.CompilerServices.AsyncTaskMethodBuilder`1+AsyncStateMachineBox`1.MoveNext(System.Threading.Thread)
       [20] void System.Runtime.CompilerServices.AsyncTaskMethodBuilder`1+AsyncStateMachineBox`1.MoveNext()
       [21] void System.Threading.Tasks.AwaitTaskContinuation.RunCallback(System.Threading.ContextCallback, object, System.Threading.Tasks.Task&)
       [22] void System.Threading.Tasks.Task.RunContinuations(object)
       [23] void System.Runtime.CompilerServices.AsyncTaskMethodBuilder.SetResult()
       [24] void MegaCrit.Sts2.Core.Assets.PreloadManager+<LoadRoomRestSite>d__17.MoveNext()
       [25] void System.Runtime.CompilerServices.AsyncTaskMethodBuilder`1+AsyncStateMachineBox`1.ExecutionContextCallback(object)
       [26] void System.Threading.ExecutionContext.RunInternal(System.Threading.ExecutionContext, System.Threading.ContextCallback, object)
       [27] void System.Runtime.CompilerServices.AsyncTaskMethodBuilder`1+AsyncStateMachineBox`1.MoveNext(System.Threading.Thread)
       [28] void System.Runtime.CompilerServices.AsyncTaskMethodBuilder`1+AsyncStateMachineBox`1.MoveNext()
       [29] void System.Threading.Tasks.AwaitTaskContinuation.RunCallback(System.Threading.ContextCallback, object, System.Threading.Tasks.Task&)
       [30] void System.Threading.Tasks.Task.RunContinuations(object)
       [31] void System.Runtime.CompilerServices.AsyncTaskMethodBuilder.SetResult()
       [32] void MegaCrit.Sts2.Core.Assets.PreloadManager+<LoadRoomAssets>d__18.MoveNext()
       [33] void System.Runtime.CompilerServices.AsyncTaskMethodBuilder`1+AsyncStateMachineBox`1.ExecutionContextCallback(object)
       [34] void System.Threading.ExecutionContext.RunInternal(System.Threading.ExecutionContext, System.Threading.ContextCallback, object)
       [35] void System.Runtime.CompilerServices.AsyncTaskMethodBuilder`1+AsyncStateMachineBox`1.MoveNext(System.Threading.Thread)
       [36] void System.Runtime.CompilerServices.AsyncTaskMethodBuilder`1+AsyncStateMachineBox`1.MoveNext()
       [37] void System.Threading.Tasks.AwaitTaskContinuation.RunCallback(System.Threading.ContextCallback, object, System.Threading.Tasks.Task&)
       [38] void System.Threading.Tasks.Task.RunContinuations(object)
       [39] bool System.Threading.Tasks.Task`1.TrySetResult(TResult)
       [40] bool System.Threading.Tasks.TaskCompletionSource`1.TrySetResult(TResult)
       [41] void MegaCrit.Sts2.Core.Assets.AssetLoadingSession.Process()
       [42] void MegaCrit.Sts2.Core.Nodes.NAssetLoader._Process(double)
       [43] bool Godot.Node.InvokeGodotClassMethod(Godot.NativeInterop.godot_string_name&, Godot.NativeInterop.NativeVariantPtrArgs, Godot.NativeInterop.godot_variant&)
       [44] bool MegaCrit.Sts2.Core.Nodes.NAssetLoader.InvokeGodotClassMethod(Godot.NativeInterop.godot_string_name&, Godot.NativeInterop.NativeVariantPtrArgs, Godot.NativeInterop.godot_variant&)
       [45] Godot.NativeInterop.godot_bool Godot.Bridge.CSharpInstanceBridge.Call(nint, Godot.NativeInterop.godot_string_name*, Godot.NativeInterop.godot_variant**, int, Godot.NativeInterop.godot_variant_call_error*, Godot.NativeInterop.godot_variant*)
WARNING: SpineSlotNode parent is not a SpineSprite.
   at: SpineSlotNode::_notification (spine_godot\SpineSlotNode.cpp:88)
   C# backtrace (most recent call first):
       [0] Godot.Node <unknown>.Godot.PackedScene.Instantiate_Patch1(Godot.PackedScene, Godot.PackedScene+GenEditState)
       [1] TNode STS2RitsuLib.Scaffolding.Godot.RitsuGodotNodeFactoryRegistry.CreateFromScene<TNode>(Godot.PackedScene, System.Nullable`1[Godot.PackedScene+GenEditState], STS2RitsuLib.Scaffolding.Visuals.Definition.VisualNodeStyle) (/home/runner/work/STS2-RitsuLib/STS2-RitsuLib/Scaffolding/Godot/RitsuGodotNodeFactoryRegistry.cs:89)
       [2] TNode STS2RitsuLib.Scaffolding.Godot.RitsuGodotNodeFactoryRegistry.CreateFromScene<TNode>(Godot.PackedScene, System.Nullable`1[Godot.PackedScene+GenEditState]) (/home/runner/work/STS2-RitsuLib/STS2-RitsuLib/Scaffolding/Godot/RitsuGodotNodeFactoryRegistry.cs:66)
       [3] TNode STS2RitsuLib.Scaffolding.Godot.RitsuGodotNodeFactories.CreateFromScene<TNode>(Godot.PackedScene, Godot.PackedScene+GenEditState) (/home/runner/work/STS2-RitsuLib/STS2-RitsuLib/Scaffolding/Godot/RitsuGodotNodeFactories.cs:105)
       [4] bool STS2RitsuLib.Scaffolding.Characters.Patches.NRestSiteCharacterCreateProceduralPatch.Prefix(MegaCrit.Sts2.Core.Entities.Players.Player, int, MegaCrit.Sts2.Core.Nodes.RestSite.NRestSiteCharacter&) (/home/runner/work/STS2-RitsuLib/STS2-RitsuLib/Scaffolding/Characters/Patches/NRestSiteCharacterCreateProceduralPatch.cs:56)
       [5] MegaCrit.Sts2.Core.Nodes.RestSite.NRestSiteCharacter <unknown>.MegaCrit.Sts2.Core.Nodes.RestSite.NRestSiteCharacter.Create_Patch1(MegaCrit.Sts2.Core.Entities.Players.Player, int)
       [6] void <unknown>.MegaCrit.Sts2.Core.Nodes.Rooms.NRestSiteRoom._Ready_Patch1(MegaCrit.Sts2.Core.Nodes.Rooms.NRestSiteRoom)
       [7] bool Godot.Node.InvokeGodotClassMethod(Godot.NativeInterop.godot_string_name&, Godot.NativeInterop.NativeVariantPtrArgs, Godot.NativeInterop.godot_variant&)
       [8] bool Godot.Control.InvokeGodotClassMethod(Godot.NativeInterop.godot_string_name&, Godot.NativeInterop.NativeVariantPtrArgs, Godot.NativeInterop.godot_variant&)
       [9] bool MegaCrit.Sts2.Core.Nodes.Rooms.NRestSiteRoom.InvokeGodotClassMethod(Godot.NativeInterop.godot_string_name&, Godot.NativeInterop.NativeVariantPtrArgs, Godot.NativeInterop.godot_variant&)
       [10] Godot.NativeInterop.godot_bool Godot.Bridge.CSharpInstanceBridge.Call(nint, Godot.NativeInterop.godot_string_name*, Godot.NativeInterop.godot_variant**, int, Godot.NativeInterop.godot_variant_call_error*, Godot.NativeInterop.godot_variant*)
       [11] void Godot.NativeCalls.godot_icall_3_864(nint, nint, nint, Godot.NativeInterop.godot_bool, int)
       [12] void MegaCrit.Sts2.Core.Helpers.GodotTreeExtensions.AddChildSafely(Godot.Node, Godot.Node)
       [13] void MegaCrit.Sts2.Core.Nodes.NSceneContainer.SetCurrentScene(Godot.Control)
       [14] void MegaCrit.Sts2.Core.Nodes.NRun.SetCurrentRoom(Godot.Control)
       [15] void MegaCrit.Sts2.Core.Rooms.RestSiteRoom.ShowRoomNode(MegaCrit.Sts2.Core.Runs.IRunState)
       [16] void MegaCrit.Sts2.Core.Rooms.RestSiteRoom+<EnterInternal>d__7.MoveNext()
       [17] void System.Runtime.CompilerServices.AsyncTaskMethodBuilder`1+AsyncStateMachineBox`1.ExecutionContextCallback(object)
       [18] void System.Threading.ExecutionContext.RunInternal(System.Threading.ExecutionContext, System.Threading.ContextCallback, object)
       [19] void System.Runtime.CompilerServices.AsyncTaskMethodBuilder`1+AsyncStateMachineBox`1.MoveNext(System.Threading.Thread)
       [20] void System.Runtime.CompilerServices.AsyncTaskMethodBuilder`1+AsyncStateMachineBox`1.MoveNext()
       [21] void System.Threading.Tasks.AwaitTaskContinuation.RunCallback(System.Threading.ContextCallback, object, System.Threading.Tasks.Task&)
       [22] void System.Threading.Tasks.Task.RunContinuations(object)
       [23] void System.Runtime.CompilerServices.AsyncTaskMethodBuilder.SetResult()
       [24] void MegaCrit.Sts2.Core.Assets.PreloadManager+<LoadRoomRestSite>d__17.MoveNext()
       [25] void System.Runtime.CompilerServices.AsyncTaskMethodBuilder`1+AsyncStateMachineBox`1.ExecutionContextCallback(object)
       [26] void System.Threading.ExecutionContext.RunInternal(System.Threading.ExecutionContext, System.Threading.ContextCallback, object)
       [27] void System.Runtime.CompilerServices.AsyncTaskMethodBuilder`1+AsyncStateMachineBox`1.MoveNext(System.Threading.Thread)
       [28] void System.Runtime.CompilerServices.AsyncTaskMethodBuilder`1+AsyncStateMachineBox`1.MoveNext()
       [29] void System.Threading.Tasks.AwaitTaskContinuation.RunCallback(System.Threading.ContextCallback, object, System.Threading.Tasks.Task&)
       [30] void System.Threading.Tasks.Task.RunContinuations(object)
       [31] void System.Runtime.CompilerServices.AsyncTaskMethodBuilder.SetResult()
       [32] void MegaCrit.Sts2.Core.Assets.PreloadManager+<LoadRoomAssets>d__18.MoveNext()
       [33] void System.Runtime.CompilerServices.AsyncTaskMethodBuilder`1+AsyncStateMachineBox`1.ExecutionContextCallback(object)
       [34] void System.Threading.ExecutionContext.RunInternal(System.Threading.ExecutionContext, System.Threading.ContextCallback, object)
       [35] void System.Runtime.CompilerServices.AsyncTaskMethodBuilder`1+AsyncStateMachineBox`1.MoveNext(System.Threading.Thread)
       [36] void System.Runtime.CompilerServices.AsyncTaskMethodBuilder`1+AsyncStateMachineBox`1.MoveNext()
       [37] void System.Threading.Tasks.AwaitTaskContinuation.RunCallback(System.Threading.ContextCallback, object, System.Threading.Tasks.Task&)
       [38] void System.Threading.Tasks.Task.RunContinuations(object)
       [39] bool System.Threading.Tasks.Task`1.TrySetResult(TResult)
       [40] bool System.Threading.Tasks.TaskCompletionSource`1.TrySetResult(TResult)
       [41] void MegaCrit.Sts2.Core.Assets.AssetLoadingSession.Process()
       [42] void MegaCrit.Sts2.Core.Nodes.NAssetLoader._Process(double)
       [43] bool Godot.Node.InvokeGodotClassMethod(Godot.NativeInterop.godot_string_name&, Godot.NativeInterop.NativeVariantPtrArgs, Godot.NativeInterop.godot_variant&)
       [44] bool MegaCrit.Sts2.Core.Nodes.NAssetLoader.InvokeGodotClassMethod(Godot.NativeInterop.godot_string_name&, Godot.NativeInterop.NativeVariantPtrArgs, Godot.NativeInterop.godot_variant&)
       [45] Godot.NativeInterop.godot_bool Godot.Bridge.CSharpInstanceBridge.Call(nint, Godot.NativeInterop.godot_string_name*, Godot.NativeInterop.godot_variant**, int, Godot.NativeInterop.godot_variant_call_error*, Godot.NativeInterop.godot_variant*)
[INFO] [HextechRunes][Mayhem] OnRoomEntered: room=RestSiteRoom actIndex=1 actResolved=True startedWithNeow=True eventState=none
[INFO] [HextechRunes][Mayhem] EnemyUi.Refresh: active=SpeedDemon,WarmogsSpirit
[INFO] [HextechRunes][Mayhem] EnemyUi.Refresh: active=SpeedDemon,WarmogsSpirit
[INFO] [HextechRunes][Mayhem] EnemyUi delayed refresh: reason=LoadRun frame=0 recovered=False actIndex=1 resolved=1,1,0 rarity=0,1,-1 monster=36,54,-1 carried= mapReduced=
[INFO] Player 1 chose cards [THE_QUEEN_CARD_ASTROLABE]
[WARN] [RoutePlanner] UI added via CanvasLayer
[INFO] Player vote changed for 1: ->MapVote (gen: 1 coord: (5, 11))
[INFO] [HextechRunes][Mayhem] OnRoomExited: currentRoom=null lastHistoryRoom=RestSite model=null
[INFO] Wrote 345489 bytes to path=user://steam/76561199401820476/modded/profile1\saves\progress.save save_dir=user://steam/76561199401820476
[INFO] Wrote 345489 bytes to modded/profile1/saves/progress.save in steam remote store
[INFO] Wrote 101988 bytes to path=user://steam/76561199401820476/modded/profile1\saves\current_run.save save_dir=user://steam/76561199401820476
[INFO] Wrote 101988 bytes to modded/profile1/saves/current_run.save in steam remote store
[INFO] Preloading 'Combat Room' assets... count=9 vfx=0
[INFO] Preloading 'Combat Room' Complete: assets=9 time_elapsed=221ms
[INFO] Creating NCombatRoom with mode=ActiveCombat encounter=THE_OBSCURA_NORMAL.
[INFO] [com.ritsukage.sts2-RitsuLib] [Godot] Creating NCreatureVisuals from scene res://TheQueen/scenes/creature_visuals/queen_character.tscn
[INFO] [com.ritsukage.sts2-RitsuLib] [Godot] Creating NEnergyCounter from scene res://TheQueen/scenes/ui/queen_energy_counter.tscn
[INFO] [HextechRunes][Mayhem] EnemyUi.Refresh: active=SpeedDemon,WarmogsSpirit
[INFO] [HextechRunes][Mayhem] EnemyUi.Refresh: active=SpeedDemon,WarmogsSpirit
[INFO] [HextechRunes][Mayhem] OnRoomEntered: room=CombatRoom actIndex=1 actResolved=True startedWithNeow=True eventState=none
[INFO] [HextechRunes][Mayhem] EnemyUi.Refresh: active=SpeedDemon,WarmogsSpirit
[WARN] Asset not cached: res://images/powers/vulnerable_power.png
[INFO] [HextechRunes][Mayhem] EnemyUi.Refresh: active=SpeedDemon,WarmogsSpirit
[INFO] Player 1 playing card THE_QUEEN_CARD_OIL_SPRAY (no target)
[INFO] Player 1 playing card THE_QUEEN_CARD_TIME_TRICK (targeting 胧光怪 (index 2))
[INFO] Player 1 chose cards [THE_QUEEN_CARD_EXECUTION,THE_QUEEN_CARD_ASTROLABE]
[INFO] Player 1 playing card THE_QUEEN_CARD_EXECUTION (targeting 胧光怪 (index 2))
[INFO] Execution: shouldTriggerFatal: True, killedHits: 0
[INFO] Player 1 playing card THE_QUEEN_CARD_ASTROLABE (no target)
[INFO] Player 1 playing card THE_QUEEN_CARD_MORNING_STAR (no target)
[INFO] Player 1 playing card THE_QUEEN_CARD_EVENING_STAR (no target)
[INFO] Player 1 playing card THE_QUEEN_CARD_MORNING_STAR (no target)
[INFO] Player 1 playing card THE_QUEEN_CARD_EVENING_STAR (no target)
[INFO] Player 1 playing card THE_QUEEN_CARD_HARDENED_SHELL (no target)
[INFO] Player 1 playing card REFINE_BLADE (no target)
[INFO] Player 1 playing card WISP (no target)
[INFO] Player 1 playing card SOVEREIGN_BLADE (targeting 胧光怪 (index 2))
[INFO] Monster THE_OBSCURA performing move ILLUSION_MOVE
[WARN] Asset not cached: res://scenes/creature_visuals/parafright.tscn
[WARN] Asset not cached: res://images/powers/illusion_power.png
[WARN] Asset not cached: res://images/powers/minion_power.png
[INFO] [HextechRunes][Mayhem] EnemyUi.Refresh: active=SpeedDemon,WarmogsSpirit
[INFO] [HextechRunes][Mayhem] EnemyUi.Refresh: active=SpeedDemon,WarmogsSpirit
[INFO] Player 1 playing card THE_QUEEN_CARD_PRISMATIC_ART (no target)
[INFO] Player 1 playing card THE_QUEEN_CARD_SUMMON_SOUL (no target)
[INFO] Player 1 playing card THE_QUEEN_CARD_SOUL_STRIKE (targeting 胧光怪 (index 3))
[INFO] Player 1 playing card THE_QUEEN_CARD_EXECUTION (targeting 胧光怪 (index 3))
[WARN] Asset not cached: res://images/atlases/intent_atlas.sprites/intent_heal.tres
[INFO] Execution: shouldTriggerFatal: True, killedHits: 1
[INFO] Execution: Capturing target: 胧光怪
[INFO] Execution: Reward: 幻象Ⅱ
[WARN] Warning: Packet writer is growing from 1024 bytes to 2048 bytes!
[WARN] Warning: Packet writer is growing from 2048 bytes to 4096 bytes!
[WARN] Warning: Packet writer is growing from 4096 bytes to 8192 bytes!
[WARN] Warning: Packet writer is growing from 8192 bytes to 16384 bytes!
[INFO] Wrote 104187 bytes to path=user://steam/76561199401820476/modded/profile1\saves\current_run.save save_dir=user://steam/76561199401820476
[INFO] Wrote 104187 bytes to modded/profile1/saves/current_run.save in steam remote store
[INFO] CHARACTER.THE_QUEEN_CHARACTER_QUEEN_CHARACTER has won against encounter ENCOUNTER.THE_OBSCURA_NORMAL. That's 9 wins
[INFO] CHARACTER.THE_QUEEN_CHARACTER_QUEEN_CHARACTER has killed a MONSTER.THE_OBSCURA. That's 9 kills
[INFO] Wrote 345489 bytes to path=user://steam/76561199401820476/modded/profile1\saves\progress.save save_dir=user://steam/76561199401820476
[INFO] Wrote 345489 bytes to modded/profile1/saves/progress.save in steam remote store
[INFO] Card rarity: Rolled 0.9666961, need < 0.014899992 for rare (offset = -7.450581E-09)
[INFO] Card rarity: Rolled 0.2731627, need < 0.019899992 for rare (offset = 0.0049999924)
[INFO] Card rarity: Rolled 0.82795984, need < 0.024899993 for rare (offset = 0.009999992)
[INFO] Card rarity: Rolled 0.5222138, need < 0.029899992 for rare (offset = 0.014999992)
[INFO] Card rarity: Rolled 0.88792396, need < 0.03489999 for rare (offset = 0.019999992)
[INFO] Card rarity: Rolled 0.8940022, need < 0.03989999 for rare (offset = 0.024999991)
[INFO] Obtained 10 gold from reward
[INFO] Card reward selected
[INFO] Card reward selected
[INFO] Obtained CARD.REAP from card reward
[WARN] [RoutePlanner] UI added via CanvasLayer
[WARN] [RoutePlanner] strategy: MaxElite
[WARN] [RoutePlanner] MaxElite: 1 elites, 2/3 paths
[WARN] [RoutePlanner] highlighted 8 segments across 2 paths
[INFO] Player vote changed for 1: ->MapVote (gen: 1 coord: (6, 12))
[WARN] [RoutePlanner] MaxElite: 1 elites, 1/1 paths
[INFO] [HextechRunes][Mayhem] OnRoomExited: currentRoom=null lastHistoryRoom=Monster model=THE_OBSCURA_NORMAL
[INFO] Wrote 345489 bytes to path=user://steam/76561199401820476/modded/profile1\saves\progress.save save_dir=user://steam/76561199401820476
[INFO] Wrote 345489 bytes to modded/profile1/saves/progress.save in steam remote store
[INFO] Wrote 104604 bytes to path=user://steam/76561199401820476/modded/profile1\saves\current_run.save save_dir=user://steam/76561199401820476
[INFO] Wrote 104604 bytes to modded/profile1/saves/current_run.save in steam remote store
[INFO] Preloading 'Combat Room' assets... count=5 vfx=0
[INFO] Preloading 'Combat Room' Complete: assets=5 time_elapsed=191ms
[INFO] Creating NCombatRoom with mode=ActiveCombat encounter=EXOSKELETONS_NORMAL.
[INFO] [com.ritsukage.sts2-RitsuLib] [Godot] Creating NCreatureVisuals from scene res://TheQueen/scenes/creature_visuals/queen_character.tscn
[INFO] [com.ritsukage.sts2-RitsuLib] [Godot] Creating NEnergyCounter from scene res://TheQueen/scenes/ui/queen_energy_counter.tscn
[INFO] [HextechRunes][Mayhem] EnemyUi.Refresh: active=SpeedDemon,WarmogsSpirit
[INFO] [HextechRunes][Mayhem] EnemyUi.Refresh: active=SpeedDemon,WarmogsSpirit
[WARN] [RoutePlanner] MaxElite: 1 elites, 1/1 paths
[INFO] [HextechRunes][Mayhem] OnRoomEntered: room=CombatRoom actIndex=1 actResolved=True startedWithNeow=True eventState=none
[INFO] [HextechRunes][Mayhem] EnemyUi.Refresh: active=SpeedDemon,WarmogsSpirit
[INFO] [HextechRunes][Mayhem] EnemyUi.Refresh: active=SpeedDemon,WarmogsSpirit
[INFO] Player 1 playing card THE_QUEEN_CARD_TIME_TRICK (targeting 外骨骼虫 (index 4))
[INFO] Player 1 chose cards [THE_QUEEN_CARD_LAMP_DRIVE,REFINE_BLADE]
[INFO] Player 1 playing card THE_QUEEN_CARD_SPIKEN (no target)
[INFO] Player 1 playing card THE_QUEEN_CARD_LAMP_DRIVE (no target)
[INFO] Player 1 playing card SUCKER_PUNCH (targeting 外骨骼虫 (index 2))
[INFO] Monster EXOSKELETON performing move SKITTER_MOVE
[INFO] Monster EXOSKELETON performing move MANDIBLE_MOVE
[INFO] Monster EXOSKELETON performing move ENRAGE_MOVE
[INFO] Monster EXOSKELETON performing move MANDIBLE_MOVE
[INFO] [HextechRunes][Mayhem] EnemyUi.Refresh: active=SpeedDemon,WarmogsSpirit
[INFO] Player 1 playing card THE_QUEEN_CARD_SKITTISH (no target)
[INFO] Player 1 playing card THE_QUEEN_CARD_OIL_SPRAY (no target)
[INFO] Player 1 playing card THE_QUEEN_CARD_LAMP_DRIVE (no target)
[INFO] Player 1 playing card THE_QUEEN_CARD_ASTROLABE (no target)
[INFO] Player 1 playing card THE_QUEEN_CARD_MORNING_STAR (no target)
[INFO] Player 1 playing card THE_QUEEN_CARD_EVENING_STAR (no target)
[INFO] Player 1 playing card THE_QUEEN_CARD_MORNING_STAR (no target)
[INFO] Player 1 playing card THE_QUEEN_CARD_EVENING_STAR (no target)
[INFO] Player 1 playing card THE_QUEEN_CARD_ASHEN_WALL (no target)
[INFO] Player 1 playing card THE_QUEEN_CARD_ASHEN_WALL (no target)
[INFO] Monster EXOSKELETON performing move ENRAGE_MOVE
[INFO] Monster EXOSKELETON performing move ENRAGE_MOVE
[INFO] [HextechRunes][Mayhem] EnemyUi.Refresh: active=SpeedDemon,WarmogsSpirit
[INFO] Player 1 playing card THE_QUEEN_CARD_PRISMATIC_ART (no target)
[INFO] Player 1 playing card GRAVEBLAST (targeting 外骨骼虫 (index 2))
[INFO] Player 1 chose cards [THE_QUEEN_CARD_SUMMON_SOUL]
[INFO] Player 1 playing card THE_QUEEN_CARD_SUMMON_SOUL (no target)
[INFO] Player 1 playing card THE_QUEEN_CARD_SOUL_STRIKE (targeting 外骨骼虫 (index 2))
[INFO] Player 1 playing card THE_QUEEN_CARD_SOUL_STRIKE (targeting 外骨骼虫 (index 2))
[INFO] Player 1 playing card WISP (no target)
[INFO] Player 1 playing card THE_QUEEN_CARD_GAZE (targeting 外骨骼虫 (index 2))
[INFO] Monster EXOSKELETON performing move MANDIBLE_MOVE
[INFO] [HextechRunes][Mayhem] EnemyUi.Refresh: active=SpeedDemon,WarmogsSpirit
[INFO] Player 1 playing card THE_QUEEN_CARD_EXECUTION (targeting 外骨骼虫 (index 2))
[INFO] Execution: shouldTriggerFatal: True, killedHits: 0
[INFO] Player 1 playing card IRON_WAVE (targeting 外骨骼虫 (index 2))
[INFO] Wrote 106452 bytes to path=user://steam/76561199401820476/modded/profile1\saves\current_run.save save_dir=user://steam/76561199401820476
[INFO] Wrote 106452 bytes to modded/profile1/saves/current_run.save in steam remote store
[INFO] CHARACTER.THE_QUEEN_CHARACTER_QUEEN_CHARACTER has won against encounter ENCOUNTER.EXOSKELETONS_NORMAL. That's 10 wins
[INFO] CHARACTER.THE_QUEEN_CHARACTER_QUEEN_CHARACTER has killed a MONSTER.EXOSKELETON. That's 97 kills
[INFO] CHARACTER.THE_QUEEN_CHARACTER_QUEEN_CHARACTER has killed a MONSTER.EXOSKELETON. That's 98 kills
[INFO] CHARACTER.THE_QUEEN_CHARACTER_QUEEN_CHARACTER has killed a MONSTER.EXOSKELETON. That's 99 kills
[INFO] CHARACTER.THE_QUEEN_CHARACTER_QUEEN_CHARACTER has killed a MONSTER.EXOSKELETON. That's 100 kills
[INFO] Wrote 345491 bytes to path=user://steam/76561199401820476/modded/profile1\saves\progress.save save_dir=user://steam/76561199401820476
[INFO] Wrote 345491 bytes to modded/profile1/saves/progress.save in steam remote store
[INFO] Card rarity: Rolled 0.3417645, need < 0.04489999 for rare (offset = 0.02999999)
[INFO] Card rarity: Rolled 0.80434936, need < 0.049899988 for rare (offset = 0.03499999)
[INFO] Card rarity: Rolled 0.59493184, need < 0.054899987 for rare (offset = 0.039999988)
[INFO] Card rarity: Rolled 0.94096637, need < 0.059899986 for rare (offset = 0.044999987)
[INFO] Card rarity: Rolled 0.446043, need < 0.06489999 for rare (offset = 0.049999986)
[INFO] Card rarity: Rolled 0.6784178, need < 0.06989998 for rare (offset = 0.054999985)
[INFO] Obtained 13 gold from reward
[INFO] Card reward selected
[INFO] Obtained CARD.THE_QUEEN_CARD_FEEDING from card reward
[INFO] Card reward selected
[WARN] [RoutePlanner] MaxElite: 1 elites, 1/1 paths
[WARN] [RoutePlanner] UI added via CanvasLayer
[WARN] [RoutePlanner] highlighted 3 segments across 1 paths
[INFO] Player vote changed for 1: ->MapVote (gen: 1 coord: (6, 13))
[WARN] [RoutePlanner] MaxElite: 1 elites, 1/1 paths
[INFO] [HextechRunes][Mayhem] OnRoomExited: currentRoom=null lastHistoryRoom=Monster model=EXOSKELETONS_NORMAL
[INFO] Wrote 345491 bytes to path=user://steam/76561199401820476/modded/profile1\saves\progress.save save_dir=user://steam/76561199401820476
[INFO] Wrote 345491 bytes to modded/profile1/saves/progress.save in steam remote store
[INFO] Wrote 107129 bytes to path=user://steam/76561199401820476/modded/profile1\saves\current_run.save save_dir=user://steam/76561199401820476
[INFO] Wrote 107129 bytes to modded/profile1/saves/current_run.save in steam remote store
[INFO] Preloading 'Combat Room' assets... count=14 vfx=1
[INFO] Preloading 'Combat Room' Complete: assets=15 time_elapsed=225ms
[INFO] Creating NCombatRoom with mode=ActiveCombat encounter=DECIMILLIPEDE_ELITE.
[INFO] [com.ritsukage.sts2-RitsuLib] [Godot] Creating NCreatureVisuals from scene res://TheQueen/scenes/creature_visuals/queen_character.tscn
[INFO] [com.ritsukage.sts2-RitsuLib] [Godot] Creating NEnergyCounter from scene res://TheQueen/scenes/ui/queen_energy_counter.tscn
[WARN] Asset not cached: res://images/powers/reattach_power.png
[INFO] [HextechRunes][Mayhem] EnemyUi.Refresh: active=SpeedDemon,WarmogsSpirit
[INFO] [HextechRunes][Mayhem] EnemyUi.Refresh: active=SpeedDemon,WarmogsSpirit
[WARN] [RoutePlanner] MaxElite: 1 elites, 1/1 paths
[INFO] [HextechRunes][Mayhem] OnRoomEntered: room=CombatRoom actIndex=1 actResolved=True startedWithNeow=True eventState=none
[INFO] [HextechRunes][Mayhem] EnemyUi.Refresh: active=SpeedDemon,WarmogsSpirit
[INFO] [HextechRunes][Mayhem] EnemyUi.Refresh: active=SpeedDemon,WarmogsSpirit
[INFO] Player 1 playing card THE_QUEEN_CARD_ASHEN_WALL (no target)
[INFO] Player 1 playing card THE_QUEEN_CARD_ASHEN_WALL (no target)
[INFO] Player 1 playing card THE_QUEEN_CARD_HARDENED_SHELL (no target)
[INFO] Player 1 playing card WISP (no target)
[INFO] Player 1 playing card THE_QUEEN_CARD_UNFINISHED_CALAMITY (no target)
[INFO] Monster DECIMILLIPEDE_SEGMENT_FRONT performing move CONSTRICT_MOVE
[INFO] Monster DECIMILLIPEDE_SEGMENT_MIDDLE performing move WRITHE_MOVE
[INFO] Monster DECIMILLIPEDE_SEGMENT_BACK performing move BULK_MOVE
[INFO] [HextechRunes][Mayhem] EnemyUi.Refresh: active=SpeedDemon,WarmogsSpirit
[INFO] Player 1 playing card THE_QUEEN_CARD_SHRIEK (no target)
[INFO] Player 1 playing card THE_QUEEN_CARD_SUMMON_SOUL (no target)
[INFO] Player 1 playing card THE_QUEEN_CARD_SOUL_STRIKE (targeting 残杀千足虫 (index 2))
[INFO] Player 1 playing card THE_QUEEN_CARD_SOUL_STRIKE (targeting 残杀千足虫 (index 3))
[INFO] Player 1 playing card THE_QUEEN_CARD_SOUL_DEFEND (no target)
[INFO] Monster DECIMILLIPEDE_SEGMENT_FRONT performing move BULK_MOVE
[INFO] Monster DECIMILLIPEDE_SEGMENT_MIDDLE performing move CONSTRICT_MOVE
[INFO] Monster DECIMILLIPEDE_SEGMENT_BACK performing move WRITHE_MOVE
[INFO] [HextechRunes][Mayhem] EnemyUi.Refresh: active=SpeedDemon,WarmogsSpirit
[INFO] Player 1 playing card THE_QUEEN_CARD_GAZE (targeting 残杀千足虫 (index 2))
[INFO] Player 1 playing card THE_QUEEN_CARD_CORPSE_SLUG_HUNGER (no target)
[INFO] Monster DECIMILLIPEDE_SEGMENT_FRONT performing move WRITHE_MOVE
[INFO] Monster DECIMILLIPEDE_SEGMENT_MIDDLE performing move BULK_MOVE
[INFO] Monster DECIMILLIPEDE_SEGMENT_BACK performing move CONSTRICT_MOVE
[INFO] [HextechRunes][Mayhem] EnemyUi.Refresh: active=SpeedDemon,WarmogsSpirit
[INFO] Player 1 playing card THE_QUEEN_CARD_PRISMATIC_ART (no target)
[INFO] Player 1 playing card THE_QUEEN_CARD_SKITTISH (no target)
[INFO] Player 1 playing card THE_QUEEN_CARD_TIME_TRICK (targeting 残杀千足虫 (index 4))
[INFO] Player 1 chose cards [THE_QUEEN_CARD_ALL_SOUL_SLASH,THE_QUEEN_CARD_ASTROLABE]
[INFO] Player 1 playing card THE_QUEEN_CARD_ASTROLABE (no target)
[INFO] Player 1 playing card THE_QUEEN_CARD_MORNING_STAR (no target)
[INFO] Player 1 playing card THE_QUEEN_CARD_EVENING_STAR (no target)
[INFO] Player 1 playing card SUCKER_PUNCH (targeting 残杀千足虫 (index 4))
[INFO] Player 1 playing card THE_QUEEN_CARD_PUNCH_OFF (no target)
ERROR: System.NullReferenceException: Object reference not set to an instance of an object.
   at ComicChess.TheQueen.NewNAmalgamVfx.PlayLaserHit(Boolean starting)
   at ComicChess.TheQueen.NewNAmalgamVfx.OnAnimationEvent(GodotObject _, GodotObject __, GodotObject ___, GodotObject spineEvent)
   at Godot.Callable.<From>g__Trampoline|5_0[T0,T1,T2,T3](Object delegateObj, NativeVariantPtrArgs args, godot_variant& ret)
   at Godot.DelegateUtils.InvokeWithVariantArgs(IntPtr delegateGCHandle, Void* trampoline, godot_variant** args, Int32 argc, godot_variant* outRet)
   at: void Godot.NativeInterop.ExceptionUtils.LogException(System.Exception) (:0)
   C# backtrace (most recent call first):
       [0] void Godot.GD.PushError(string)
       [1] void Godot.NativeInterop.ExceptionUtils.LogException(System.Exception)
       [2] void Godot.DelegateUtils.InvokeWithVariantArgs(nint, System.Void*, Godot.NativeInterop.godot_variant**, int, Godot.NativeInterop.godot_variant*)
[INFO] Monster DECIMILLIPEDE_SEGMENT_FRONT performing move CONSTRICT_MOVE
[INFO] Monster DECIMILLIPEDE_SEGMENT_MIDDLE performing move WRITHE_MOVE
[INFO] Monster DECIMILLIPEDE_SEGMENT_BACK performing move BULK_MOVE
[INFO] [HextechRunes][Mayhem] EnemyUi.Refresh: active=SpeedDemon,WarmogsSpirit
[INFO] Player 1 playing card THE_QUEEN_CARD_ENJOY_DINNER (targeting 残杀千足虫 (index 4))
[INFO] Player 1 playing card THE_QUEEN_CARD_DEVOUR (targeting 残杀千足虫 (index 3))
[INFO] Player 1 playing card THE_QUEEN_CARD_DEVOUR (targeting 残杀千足虫 (index 4))
[INFO] Player 1 playing card THE_QUEEN_CARD_ASTROLABE (no target)
[INFO] Player 1 playing card THE_QUEEN_CARD_MORNING_STAR (no target)
[INFO] Player 1 playing card THE_QUEEN_CARD_EVENING_STAR (no target)
[INFO] Player 1 playing card THE_QUEEN_CARD_SKITTISH (no target)
[INFO] Player 1 playing card THE_QUEEN_CARD_ALL_SOUL_SLASH (targeting 残杀千足虫 (index 3))
[INFO] Player 1 playing card THE_QUEEN_CARD_MORNING_STAR (no target)
[INFO] Player 1 playing card THE_QUEEN_CARD_EVENING_STAR (no target)
[INFO] Player 1 playing card THE_QUEEN_CARD_SPIKEN (no target)
[INFO] Monster DECIMILLIPEDE_SEGMENT_FRONT performing move DEAD_MOVE
[INFO] Monster DECIMILLIPEDE_SEGMENT_MIDDLE performing move DEAD_MOVE
[INFO] Monster DECIMILLIPEDE_SEGMENT_BACK performing move WRITHE_MOVE
[INFO] Wrote 108980 bytes to path=user://steam/76561199401820476/modded/profile1\saves\current_run.save save_dir=user://steam/76561199401820476
[INFO] Wrote 108980 bytes to modded/profile1/saves/current_run.save in steam remote store
[INFO] CHARACTER.THE_QUEEN_CHARACTER_QUEEN_CHARACTER has won against encounter ENCOUNTER.DECIMILLIPEDE_ELITE. That's 35 wins
[INFO] CHARACTER.THE_QUEEN_CHARACTER_QUEEN_CHARACTER has killed a MONSTER.DECIMILLIPEDE_SEGMENT_FRONT. That's 35 kills
[INFO] CHARACTER.THE_QUEEN_CHARACTER_QUEEN_CHARACTER has killed a MONSTER.DECIMILLIPEDE_SEGMENT_MIDDLE. That's 35 kills
[INFO] CHARACTER.THE_QUEEN_CHARACTER_QUEEN_CHARACTER has killed a MONSTER.DECIMILLIPEDE_SEGMENT_BACK. That's 35 kills
[INFO] Wrote 345491 bytes to path=user://steam/76561199401820476/modded/profile1\saves\progress.save save_dir=user://steam/76561199401820476
[INFO] Wrote 345491 bytes to modded/profile1/saves/progress.save in steam remote store
[INFO] Card rarity: Rolled 0.8557963, need < 0.109999985 for rare (offset = 0.059999984)
[INFO] Card rarity: Rolled 0.5243228, need < 0.11499998 for rare (offset = 0.06499998)
[INFO] Card rarity: Rolled 0.9502326, need < 0.11999999 for rare (offset = 0.069999985)
[INFO] Card rarity: Rolled 0.64671564, need < 0.124999985 for rare (offset = 0.07499999)
[INFO] Card rarity: Rolled 0.3410457, need < 0.13 for rare (offset = 0.07999999)
[INFO] Card rarity: Rolled 0.13144456, need < 0.13499999 for rare (offset = 0.08499999)
[WARN] Asset not cached: res://images/relics/pantograph.png
[WARN] Asset not cached: res://images/relics/horn_cleat.png
[INFO] Obtained 30 gold from reward
[INFO] Obtained RELIC.PANTOGRAPH from relic reward
[INFO] Obtained RELIC.HORN_CLEAT from relic reward
[INFO] Card reward selected
[INFO] Card reward selected
[WARN] [RoutePlanner] MaxElite: 1 elites, 1/1 paths
[WARN] [RoutePlanner] UI added via CanvasLayer
[WARN] [RoutePlanner] highlighted 2 segments across 1 paths
[INFO] Player vote changed for 1: ->MapVote (gen: 1 coord: (6, 14))
[WARN] [RoutePlanner] MaxElite: 0 elites, 1/1 paths
[INFO] [HextechRunes][Mayhem] OnRoomExited: currentRoom=null lastHistoryRoom=Elite model=DECIMILLIPEDE_ELITE
[INFO] Wrote 345491 bytes to path=user://steam/76561199401820476/modded/profile1\saves\progress.save save_dir=user://steam/76561199401820476
[INFO] Wrote 345491 bytes to modded/profile1/saves/progress.save in steam remote store
[INFO] Wrote 109854 bytes to path=user://steam/76561199401820476/modded/profile1\saves\current_run.save save_dir=user://steam/76561199401820476
[INFO] Wrote 109854 bytes to modded/profile1/saves/current_run.save in steam remote store
[INFO] Set enabled
[INFO] Preloading 'RestSite Room' assets... count=3 vfx=2
[INFO] Preloading 'RestSite Room' Complete: assets=5 time_elapsed=215ms
[INFO] [com.ritsukage.sts2-RitsuLib] [Godot] Creating NRestSiteCharacter from scene res://TheQueen/scenes/creature_visuals/queen_rest_site.tscn
WARNING: SpineSlotNode parent is not a SpineSprite.
   at: SpineSlotNode::_notification (spine_godot\SpineSlotNode.cpp:88)
   C# backtrace (most recent call first):
       [0] Godot.Node <unknown>.Godot.PackedScene.Instantiate_Patch1(Godot.PackedScene, Godot.PackedScene+GenEditState)
       [1] TNode STS2RitsuLib.Scaffolding.Godot.RitsuGodotNodeFactoryRegistry.CreateFromScene<TNode>(Godot.PackedScene, System.Nullable`1[Godot.PackedScene+GenEditState], STS2RitsuLib.Scaffolding.Visuals.Definition.VisualNodeStyle) (/home/runner/work/STS2-RitsuLib/STS2-RitsuLib/Scaffolding/Godot/RitsuGodotNodeFactoryRegistry.cs:89)
       [2] TNode STS2RitsuLib.Scaffolding.Godot.RitsuGodotNodeFactoryRegistry.CreateFromScene<TNode>(Godot.PackedScene, System.Nullable`1[Godot.PackedScene+GenEditState]) (/home/runner/work/STS2-RitsuLib/STS2-RitsuLib/Scaffolding/Godot/RitsuGodotNodeFactoryRegistry.cs:66)
       [3] TNode STS2RitsuLib.Scaffolding.Godot.RitsuGodotNodeFactories.CreateFromScene<TNode>(Godot.PackedScene, Godot.PackedScene+GenEditState) (/home/runner/work/STS2-RitsuLib/STS2-RitsuLib/Scaffolding/Godot/RitsuGodotNodeFactories.cs:105)
       [4] bool STS2RitsuLib.Scaffolding.Characters.Patches.NRestSiteCharacterCreateProceduralPatch.Prefix(MegaCrit.Sts2.Core.Entities.Players.Player, int, MegaCrit.Sts2.Core.Nodes.RestSite.NRestSiteCharacter&) (/home/runner/work/STS2-RitsuLib/STS2-RitsuLib/Scaffolding/Characters/Patches/NRestSiteCharacterCreateProceduralPatch.cs:56)
       [5] MegaCrit.Sts2.Core.Nodes.RestSite.NRestSiteCharacter <unknown>.MegaCrit.Sts2.Core.Nodes.RestSite.NRestSiteCharacter.Create_Patch1(MegaCrit.Sts2.Core.Entities.Players.Player, int)
       [6] void <unknown>.MegaCrit.Sts2.Core.Nodes.Rooms.NRestSiteRoom._Ready_Patch1(MegaCrit.Sts2.Core.Nodes.Rooms.NRestSiteRoom)
       [7] bool Godot.Node.InvokeGodotClassMethod(Godot.NativeInterop.godot_string_name&, Godot.NativeInterop.NativeVariantPtrArgs, Godot.NativeInterop.godot_variant&)
       [8] bool Godot.Control.InvokeGodotClassMethod(Godot.NativeInterop.godot_string_name&, Godot.NativeInterop.NativeVariantPtrArgs, Godot.NativeInterop.godot_variant&)
       [9] bool MegaCrit.Sts2.Core.Nodes.Rooms.NRestSiteRoom.InvokeGodotClassMethod(Godot.NativeInterop.godot_string_name&, Godot.NativeInterop.NativeVariantPtrArgs, Godot.NativeInterop.godot_variant&)
       [10] Godot.NativeInterop.godot_bool Godot.Bridge.CSharpInstanceBridge.Call(nint, Godot.NativeInterop.godot_string_name*, Godot.NativeInterop.godot_variant**, int, Godot.NativeInterop.godot_variant_call_error*, Godot.NativeInterop.godot_variant*)
       [11] void Godot.NativeCalls.godot_icall_3_864(nint, nint, nint, Godot.NativeInterop.godot_bool, int)
       [12] void MegaCrit.Sts2.Core.Helpers.GodotTreeExtensions.AddChildSafely(Godot.Node, Godot.Node)
       [13] void MegaCrit.Sts2.Core.Nodes.NSceneContainer.SetCurrentScene(Godot.Control)
       [14] void MegaCrit.Sts2.Core.Nodes.NRun.SetCurrentRoom(Godot.Control)
       [15] void MegaCrit.Sts2.Core.Rooms.RestSiteRoom.ShowRoomNode(MegaCrit.Sts2.Core.Runs.IRunState)
       [16] void MegaCrit.Sts2.Core.Rooms.RestSiteRoom+<EnterInternal>d__7.MoveNext()
       [17] void System.Runtime.CompilerServices.AsyncTaskMethodBuilder`1+AsyncStateMachineBox`1.ExecutionContextCallback(object)
       [18] void System.Threading.ExecutionContext.RunInternal(System.Threading.ExecutionContext, System.Threading.ContextCallback, object)
       [19] void System.Runtime.CompilerServices.AsyncTaskMethodBuilder`1+AsyncStateMachineBox`1.MoveNext(System.Threading.Thread)
       [20] void System.Runtime.CompilerServices.AsyncTaskMethodBuilder`1+AsyncStateMachineBox`1.MoveNext()
       [21] void System.Threading.Tasks.AwaitTaskContinuation.RunCallback(System.Threading.ContextCallback, object, System.Threading.Tasks.Task&)
       [22] void System.Threading.Tasks.Task.RunContinuations(object)
       [23] void System.Runtime.CompilerServices.AsyncTaskMethodBuilder.SetResult()
       [24] void MegaCrit.Sts2.Core.Assets.PreloadManager+<LoadRoomRestSite>d__17.MoveNext()
       [25] void System.Runtime.CompilerServices.AsyncTaskMethodBuilder`1+AsyncStateMachineBox`1.ExecutionContextCallback(object)
       [26] void System.Threading.ExecutionContext.RunInternal(System.Threading.ExecutionContext, System.Threading.ContextCallback, object)
       [27] void System.Runtime.CompilerServices.AsyncTaskMethodBuilder`1+AsyncStateMachineBox`1.MoveNext(System.Threading.Thread)
       [28] void System.Runtime.CompilerServices.AsyncTaskMethodBuilder`1+AsyncStateMachineBox`1.MoveNext()
       [29] void System.Threading.Tasks.AwaitTaskContinuation.RunCallback(System.Threading.ContextCallback, object, System.Threading.Tasks.Task&)
       [30] void System.Threading.Tasks.Task.RunContinuations(object)
       [31] void System.Runtime.CompilerServices.AsyncTaskMethodBuilder.SetResult()
       [32] void MegaCrit.Sts2.Core.Assets.PreloadManager+<LoadRoomAssets>d__18.MoveNext()
       [33] void System.Runtime.CompilerServices.AsyncTaskMethodBuilder`1+AsyncStateMachineBox`1.ExecutionContextCallback(object)
       [34] void System.Threading.ExecutionContext.RunInternal(System.Threading.ExecutionContext, System.Threading.ContextCallback, object)
       [35] void System.Runtime.CompilerServices.AsyncTaskMethodBuilder`1+AsyncStateMachineBox`1.MoveNext(System.Threading.Thread)
       [36] void System.Runtime.CompilerServices.AsyncTaskMethodBuilder`1+AsyncStateMachineBox`1.MoveNext()
       [37] void System.Threading.Tasks.AwaitTaskContinuation.RunCallback(System.Threading.ContextCallback, object, System.Threading.Tasks.Task&)
       [38] void System.Threading.Tasks.Task.RunContinuations(object)
       [39] bool System.Threading.Tasks.Task`1.TrySetResult(TResult)
       [40] bool System.Threading.Tasks.TaskCompletionSource`1.TrySetResult(TResult)
       [41] void MegaCrit.Sts2.Core.Assets.AssetLoadingSession.Process()
       [42] void MegaCrit.Sts2.Core.Nodes.NAssetLoader._Process(double)
       [43] bool Godot.Node.InvokeGodotClassMethod(Godot.NativeInterop.godot_string_name&, Godot.NativeInterop.NativeVariantPtrArgs, Godot.NativeInterop.godot_variant&)
       [44] bool MegaCrit.Sts2.Core.Nodes.NAssetLoader.InvokeGodotClassMethod(Godot.NativeInterop.godot_string_name&, Godot.NativeInterop.NativeVariantPtrArgs, Godot.NativeInterop.godot_variant&)
       [45] Godot.NativeInterop.godot_bool Godot.Bridge.CSharpInstanceBridge.Call(nint, Godot.NativeInterop.godot_string_name*, Godot.NativeInterop.godot_variant**, int, Godot.NativeInterop.godot_variant_call_error*, Godot.NativeInterop.godot_variant*)
WARNING: SpineSlotNode parent is not a SpineSprite.
   at: SpineSlotNode::_notification (spine_godot\SpineSlotNode.cpp:88)
   C# backtrace (most recent call first):
       [0] Godot.Node <unknown>.Godot.PackedScene.Instantiate_Patch1(Godot.PackedScene, Godot.PackedScene+GenEditState)
       [1] TNode STS2RitsuLib.Scaffolding.Godot.RitsuGodotNodeFactoryRegistry.CreateFromScene<TNode>(Godot.PackedScene, System.Nullable`1[Godot.PackedScene+GenEditState], STS2RitsuLib.Scaffolding.Visuals.Definition.VisualNodeStyle) (/home/runner/work/STS2-RitsuLib/STS2-RitsuLib/Scaffolding/Godot/RitsuGodotNodeFactoryRegistry.cs:89)
       [2] TNode STS2RitsuLib.Scaffolding.Godot.RitsuGodotNodeFactoryRegistry.CreateFromScene<TNode>(Godot.PackedScene, System.Nullable`1[Godot.PackedScene+GenEditState]) (/home/runner/work/STS2-RitsuLib/STS2-RitsuLib/Scaffolding/Godot/RitsuGodotNodeFactoryRegistry.cs:66)
       [3] TNode STS2RitsuLib.Scaffolding.Godot.RitsuGodotNodeFactories.CreateFromScene<TNode>(Godot.PackedScene, Godot.PackedScene+GenEditState) (/home/runner/work/STS2-RitsuLib/STS2-RitsuLib/Scaffolding/Godot/RitsuGodotNodeFactories.cs:105)
       [4] bool STS2RitsuLib.Scaffolding.Characters.Patches.NRestSiteCharacterCreateProceduralPatch.Prefix(MegaCrit.Sts2.Core.Entities.Players.Player, int, MegaCrit.Sts2.Core.Nodes.RestSite.NRestSiteCharacter&) (/home/runner/work/STS2-RitsuLib/STS2-RitsuLib/Scaffolding/Characters/Patches/NRestSiteCharacterCreateProceduralPatch.cs:56)
       [5] MegaCrit.Sts2.Core.Nodes.RestSite.NRestSiteCharacter <unknown>.MegaCrit.Sts2.Core.Nodes.RestSite.NRestSiteCharacter.Create_Patch1(MegaCrit.Sts2.Core.Entities.Players.Player, int)
       [6] void <unknown>.MegaCrit.Sts2.Core.Nodes.Rooms.NRestSiteRoom._Ready_Patch1(MegaCrit.Sts2.Core.Nodes.Rooms.NRestSiteRoom)
       [7] bool Godot.Node.InvokeGodotClassMethod(Godot.NativeInterop.godot_string_name&, Godot.NativeInterop.NativeVariantPtrArgs, Godot.NativeInterop.godot_variant&)
       [8] bool Godot.Control.InvokeGodotClassMethod(Godot.NativeInterop.godot_string_name&, Godot.NativeInterop.NativeVariantPtrArgs, Godot.NativeInterop.godot_variant&)
       [9] bool MegaCrit.Sts2.Core.Nodes.Rooms.NRestSiteRoom.InvokeGodotClassMethod(Godot.NativeInterop.godot_string_name&, Godot.NativeInterop.NativeVariantPtrArgs, Godot.NativeInterop.godot_variant&)
       [10] Godot.NativeInterop.godot_bool Godot.Bridge.CSharpInstanceBridge.Call(nint, Godot.NativeInterop.godot_string_name*, Godot.NativeInterop.godot_variant**, int, Godot.NativeInterop.godot_variant_call_error*, Godot.NativeInterop.godot_variant*)
       [11] void Godot.NativeCalls.godot_icall_3_864(nint, nint, nint, Godot.NativeInterop.godot_bool, int)
       [12] void MegaCrit.Sts2.Core.Helpers.GodotTreeExtensions.AddChildSafely(Godot.Node, Godot.Node)
       [13] void MegaCrit.Sts2.Core.Nodes.NSceneContainer.SetCurrentScene(Godot.Control)
       [14] void MegaCrit.Sts2.Core.Nodes.NRun.SetCurrentRoom(Godot.Control)
       [15] void MegaCrit.Sts2.Core.Rooms.RestSiteRoom.ShowRoomNode(MegaCrit.Sts2.Core.Runs.IRunState)
       [16] void MegaCrit.Sts2.Core.Rooms.RestSiteRoom+<EnterInternal>d__7.MoveNext()
       [17] void System.Runtime.CompilerServices.AsyncTaskMethodBuilder`1+AsyncStateMachineBox`1.ExecutionContextCallback(object)
       [18] void System.Threading.ExecutionContext.RunInternal(System.Threading.ExecutionContext, System.Threading.ContextCallback, object)
       [19] void System.Runtime.CompilerServices.AsyncTaskMethodBuilder`1+AsyncStateMachineBox`1.MoveNext(System.Threading.Thread)
       [20] void System.Runtime.CompilerServices.AsyncTaskMethodBuilder`1+AsyncStateMachineBox`1.MoveNext()
       [21] void System.Threading.Tasks.AwaitTaskContinuation.RunCallback(System.Threading.ContextCallback, object, System.Threading.Tasks.Task&)
       [22] void System.Threading.Tasks.Task.RunContinuations(object)
       [23] void System.Runtime.CompilerServices.AsyncTaskMethodBuilder.SetResult()
       [24] void MegaCrit.Sts2.Core.Assets.PreloadManager+<LoadRoomRestSite>d__17.MoveNext()
       [25] void System.Runtime.CompilerServices.AsyncTaskMethodBuilder`1+AsyncStateMachineBox`1.ExecutionContextCallback(object)
       [26] void System.Threading.ExecutionContext.RunInternal(System.Threading.ExecutionContext, System.Threading.ContextCallback, object)
       [27] void System.Runtime.CompilerServices.AsyncTaskMethodBuilder`1+AsyncStateMachineBox`1.MoveNext(System.Threading.Thread)
       [28] void System.Runtime.CompilerServices.AsyncTaskMethodBuilder`1+AsyncStateMachineBox`1.MoveNext()
       [29] void System.Threading.Tasks.AwaitTaskContinuation.RunCallback(System.Threading.ContextCallback, object, System.Threading.Tasks.Task&)
       [30] void System.Threading.Tasks.Task.RunContinuations(object)
       [31] void System.Runtime.CompilerServices.AsyncTaskMethodBuilder.SetResult()
       [32] void MegaCrit.Sts2.Core.Assets.PreloadManager+<LoadRoomAssets>d__18.MoveNext()
       [33] void System.Runtime.CompilerServices.AsyncTaskMethodBuilder`1+AsyncStateMachineBox`1.ExecutionContextCallback(object)
       [34] void System.Threading.ExecutionContext.RunInternal(System.Threading.ExecutionContext, System.Threading.ContextCallback, object)
       [35] void System.Runtime.CompilerServices.AsyncTaskMethodBuilder`1+AsyncStateMachineBox`1.MoveNext(System.Threading.Thread)
       [36] void System.Runtime.CompilerServices.AsyncTaskMethodBuilder`1+AsyncStateMachineBox`1.MoveNext()
       [37] void System.Threading.Tasks.AwaitTaskContinuation.RunCallback(System.Threading.ContextCallback, object, System.Threading.Tasks.Task&)
       [38] void System.Threading.Tasks.Task.RunContinuations(object)
       [39] bool System.Threading.Tasks.Task`1.TrySetResult(TResult)
       [40] bool System.Threading.Tasks.TaskCompletionSource`1.TrySetResult(TResult)
       [41] void MegaCrit.Sts2.Core.Assets.AssetLoadingSession.Process()
       [42] void MegaCrit.Sts2.Core.Nodes.NAssetLoader._Process(double)
       [43] bool Godot.Node.InvokeGodotClassMethod(Godot.NativeInterop.godot_string_name&, Godot.NativeInterop.NativeVariantPtrArgs, Godot.NativeInterop.godot_variant&)
       [44] bool MegaCrit.Sts2.Core.Nodes.NAssetLoader.InvokeGodotClassMethod(Godot.NativeInterop.godot_string_name&, Godot.NativeInterop.NativeVariantPtrArgs, Godot.NativeInterop.godot_variant&)
       [45] Godot.NativeInterop.godot_bool Godot.Bridge.CSharpInstanceBridge.Call(nint, Godot.NativeInterop.godot_string_name*, Godot.NativeInterop.godot_variant**, int, Godot.NativeInterop.godot_variant_call_error*, Godot.NativeInterop.godot_variant*)
[WARN] [RoutePlanner] MaxElite: 0 elites, 1/1 paths
[INFO] [HextechRunes][Mayhem] OnRoomEntered: room=RestSiteRoom actIndex=1 actResolved=True startedWithNeow=True eventState=none
[INFO] [HextechRunes][Mayhem] EnemyUi.Refresh: active=SpeedDemon,WarmogsSpirit
[INFO] Player 1 chose cards [THE_QUEEN_CARD_FEEDING]
[WARN] [RoutePlanner] MaxElite: 0 elites, 1/1 paths
[WARN] [RoutePlanner] UI added via CanvasLayer
[WARN] [RoutePlanner] highlighted 1 segments across 1 paths
[INFO] Player vote changed for 1: ->MapVote (gen: 1 coord: (3, 15))
[WARN] [RoutePlanner] MaxElite: 0 elites, 1/1 paths
[INFO] [HextechRunes][Mayhem] OnRoomExited: currentRoom=null lastHistoryRoom=RestSite model=null
[INFO] Wrote 345491 bytes to path=user://steam/76561199401820476/modded/profile1\saves\progress.save save_dir=user://steam/76561199401820476
[INFO] Wrote 345491 bytes to modded/profile1/saves/progress.save in steam remote store
[INFO] Wrote 110727 bytes to path=user://steam/76561199401820476/modded/profile1\saves\current_run.save save_dir=user://steam/76561199401820476
[INFO] Wrote 110727 bytes to modded/profile1/saves/current_run.save in steam remote store
[INFO] [MoreBosses] Resolving boss map point MapCoord (3, 15) to encounter BOWL_WORM_MOTHER_BOSS.
[INFO] Preloading 'Combat Room' assets... count=8 vfx=0
[INFO] Preloading 'Combat Room' Complete: assets=8 time_elapsed=190ms
[INFO] Creating NCombatRoom with mode=ActiveCombat encounter=BOWL_WORM_MOTHER_BOSS.
[INFO] [com.ritsukage.sts2-RitsuLib] [Godot] Creating NCreatureVisuals from scene res://TheQueen/scenes/creature_visuals/queen_character.tscn
[INFO] [com.ritsukage.sts2-RitsuLib] [Godot] Creating NEnergyCounter from scene res://TheQueen/scenes/ui/queen_energy_counter.tscn
[WARN] Asset not cached: res://images/powers/territorial_power.png
[INFO] [HextechRunes][Mayhem] EnemyUi.Refresh: active=SpeedDemon,WarmogsSpirit
[INFO] [HextechRunes][Mayhem] EnemyUi.Refresh: active=SpeedDemon,WarmogsSpirit
[WARN] [RoutePlanner] MaxElite: 0 elites, 1/1 paths
[INFO] [HextechRunes][Mayhem] OnRoomEntered: room=CombatRoom actIndex=1 actResolved=True startedWithNeow=True eventState=none
[INFO] [HextechRunes][Mayhem] EnemyUi.Refresh: active=SpeedDemon,WarmogsSpirit
[INFO] [HextechRunes][Mayhem] EnemyUi.Refresh: active=SpeedDemon,WarmogsSpirit
[INFO] Player 1 playing card THE_QUEEN_CARD_HARDENED_SHELL (no target)
[INFO] Player 1 playing card THE_QUEEN_CARD_SPIKEN (no target)
[INFO] Player 1 playing card THE_QUEEN_CARD_SPINNING_KICK (no target)
[INFO] Player 1 playing card SUCKER_PUNCH (targeting 盛碗虫母 (index 2))
ERROR: System.NullReferenceException: Object reference not set to an instance of an object.
   at ComicChess.TheQueen.NewNAmalgamVfx.PlayLaserHit(Boolean starting)
   at ComicChess.TheQueen.NewNAmalgamVfx.OnAnimationEvent(GodotObject _, GodotObject __, GodotObject ___, GodotObject spineEvent)
   at Godot.Callable.<From>g__Trampoline|5_0[T0,T1,T2,T3](Object delegateObj, NativeVariantPtrArgs args, godot_variant& ret)
   at Godot.DelegateUtils.InvokeWithVariantArgs(IntPtr delegateGCHandle, Void* trampoline, godot_variant** args, Int32 argc, godot_variant* outRet)
   at: void Godot.NativeInterop.ExceptionUtils.LogException(System.Exception) (:0)
   C# backtrace (most recent call first):
       [0] void Godot.GD.PushError(string)
       [1] void Godot.NativeInterop.ExceptionUtils.LogException(System.Exception)
       [2] void Godot.DelegateUtils.InvokeWithVariantArgs(nint, System.Void*, Godot.NativeInterop.godot_variant**, int, Godot.NativeInterop.godot_variant*)
[INFO] Monster BOWL_WORM_MOTHER performing move BITE_MOVE
[INFO] [HextechRunes][Mayhem] EnemyUi.Refresh: active=SpeedDemon,WarmogsSpirit
[INFO] Player 1 playing card THE_QUEEN_CARD_SKITTISH (no target)
[INFO] Player 1 playing card REFINE_BLADE (no target)
[INFO] Player 1 playing card IRON_WAVE (targeting 盛碗虫母 (index 2))
[INFO] Monster BOWL_WORM_MOTHER performing move DETOX_MOVE
[INFO] [HextechRunes][Mayhem] EnemyUi.Refresh: active=SpeedDemon,WarmogsSpirit
[INFO] Player 1 playing card THE_QUEEN_CARD_UNFINISHED_CALAMITY (no target)
[INFO] Player 1 playing card THE_QUEEN_CARD_LAMP_DRIVE (no target)
[INFO] Player 1 playing card THE_QUEEN_CARD_ASTROLABE (no target)
[INFO] Player 1 playing card THE_QUEEN_CARD_MORNING_STAR (no target)
[INFO] Player 1 playing card THE_QUEEN_CARD_EVENING_STAR (no target)
ERROR: System.NullReferenceException: Object reference not set to an instance of an object.
   at ComicChess.TheQueen.NewNAmalgamVfx.PlayLaserHit(Boolean starting)
   at ComicChess.TheQueen.NewNAmalgamVfx.OnAnimationEvent(GodotObject _, GodotObject __, GodotObject ___, GodotObject spineEvent)
   at Godot.Callable.<From>g__Trampoline|5_0[T0,T1,T2,T3](Object delegateObj, NativeVariantPtrArgs args, godot_variant& ret)
   at Godot.DelegateUtils.InvokeWithVariantArgs(IntPtr delegateGCHandle, Void* trampoline, godot_variant** args, Int32 argc, godot_variant* outRet)
   at: void Godot.NativeInterop.ExceptionUtils.LogException(System.Exception) (:0)
   C# backtrace (most recent call first):
       [0] void Godot.GD.PushError(string)
       [1] void Godot.NativeInterop.ExceptionUtils.LogException(System.Exception)
       [2] void Godot.DelegateUtils.InvokeWithVariantArgs(nint, System.Void*, Godot.NativeInterop.godot_variant**, int, Godot.NativeInterop.godot_variant*)
[INFO] Player 1 playing card THE_QUEEN_CARD_MORNING_STAR (no target)
[INFO] Player 1 playing card THE_QUEEN_CARD_EVENING_STAR (no target)
[INFO] Player 1 playing card THE_QUEEN_CARD_MORNING_STAR (no target)
[INFO] Player 1 playing card THE_QUEEN_CARD_PURIFICATION_RITE (no target)
ERROR: System.NullReferenceException: Object reference not set to an instance of an object.
   at ComicChess.TheQueen.NewNAmalgamVfx.PlayLaserHit(Boolean starting)
   at ComicChess.TheQueen.NewNAmalgamVfx.OnAnimationEvent(GodotObject _, GodotObject __, GodotObject ___, GodotObject spineEvent)
   at Godot.Callable.<From>g__Trampoline|5_0[T0,T1,T2,T3](Object delegateObj, NativeVariantPtrArgs args, godot_variant& ret)
   at Godot.DelegateUtils.InvokeWithVariantArgs(IntPtr delegateGCHandle, Void* trampoline, godot_variant** args, Int32 argc, godot_variant* outRet)
   at: void Godot.NativeInterop.ExceptionUtils.LogException(System.Exception) (:0)
   C# backtrace (most recent call first):
       [0] void Godot.GD.PushError(string)
       [1] void Godot.NativeInterop.ExceptionUtils.LogException(System.Exception)
       [2] void Godot.DelegateUtils.InvokeWithVariantArgs(nint, System.Void*, Godot.NativeInterop.godot_variant**, int, Godot.NativeInterop.godot_variant*)
[INFO] Player 1 playing card THE_QUEEN_CARD_FEEDING (no target)
[INFO] Player 1 playing card THE_QUEEN_CARD_EVENING_STAR (no target)
[INFO] Player 1 playing card THE_QUEEN_CARD_ASHEN_WALL (no target)
[INFO] Player 1 playing card THE_QUEEN_CARD_ALL_SOUL_SLASH (targeting 盛碗虫母 (index 2))
[INFO] Player 1 playing card THE_QUEEN_CARD_PLAY_WITH (no target)
[INFO] Player 1 chose cards [THE_QUEEN_CARD_FEEDING_BONE]
ERROR: System.NullReferenceException: Object reference not set to an instance of an object.
   at ComicChess.TheQueen.NewNAmalgamVfx.PlayLaserHit(Boolean starting)
   at ComicChess.TheQueen.NewNAmalgamVfx.OnAnimationEvent(GodotObject _, GodotObject __, GodotObject ___, GodotObject spineEvent)
   at Godot.Callable.<From>g__Trampoline|5_0[T0,T1,T2,T3](Object delegateObj, NativeVariantPtrArgs args, godot_variant& ret)
   at Godot.DelegateUtils.InvokeWithVariantArgs(IntPtr delegateGCHandle, Void* trampoline, godot_variant** args, Int32 argc, godot_variant* outRet)
   at: void Godot.NativeInterop.ExceptionUtils.LogException(System.Exception) (:0)
   C# backtrace (most recent call first):
       [0] void Godot.GD.PushError(string)
       [1] void Godot.NativeInterop.ExceptionUtils.LogException(System.Exception)
       [2] void Godot.DelegateUtils.InvokeWithVariantArgs(nint, System.Void*, Godot.NativeInterop.godot_variant**, int, Godot.NativeInterop.godot_variant*)
[INFO] Monster BOWL_WORM_MOTHER performing move TUMBLE_MOVE
[INFO] [HextechRunes][Mayhem] EnemyUi.Refresh: active=SpeedDemon,WarmogsSpirit
[INFO] Player 1 playing card THE_QUEEN_CARD_ENJOY_DINNER (targeting 盛碗虫母 (index 2))
[INFO] Player 1 playing card THE_QUEEN_CARD_DEVOUR (targeting 盛碗虫母 (index 2))
[INFO] Player 1 playing card THE_QUEEN_CARD_SKITTISH (no target)
[INFO] Player 1 playing card THE_QUEEN_CARD_TIME_TRICK (targeting 盛碗虫母 (index 2))
[INFO] Player 1 chose cards [THE_QUEEN_CARD_MANDRAGORA,THE_QUEEN_CARD_EXECUTION]
[INFO] Player 1 playing card THE_QUEEN_CARD_FEEDING_BONE (no target)
[INFO] Player 1 chose cards [THE_QUEEN_CARD_MANDRAGORA]
[INFO] Player 1 playing card THE_QUEEN_CARD_EXECUTION (targeting 盛碗虫母 (index 2))
[INFO] Execution: shouldTriggerFatal: True, killedHits: 0
[INFO] Monster BOWL_WORM_MOTHER performing move BITE_MOVE
[INFO] [HextechRunes][Mayhem] EnemyUi.Refresh: active=SpeedDemon,WarmogsSpirit
[INFO] Player 1 playing card THE_QUEEN_CARD_PRISMATIC_ART (no target)
[INFO] Player 1 playing card THE_QUEEN_CARD_ASHEN_WALL (no target)
[INFO] Player 1 playing card WISP (no target)
[INFO] Player 1 playing card THE_QUEEN_CARD_MANDRAGORA (no target)
[INFO] Player 1 chose cards [SOVEREIGN_BLADE]
[INFO] Player 1 playing card SOVEREIGN_BLADE (targeting 盛碗虫母 (index 2))
ERROR: System.NullReferenceException: Object reference not set to an instance of an object.
   at ComicChess.TheQueen.NewNAmalgamVfx.PlayLaserHit(Boolean starting)
   at ComicChess.TheQueen.NewNAmalgamVfx.OnAnimationEvent(GodotObject _, GodotObject __, GodotObject ___, GodotObject spineEvent)
   at Godot.Callable.<From>g__Trampoline|5_0[T0,T1,T2,T3](Object delegateObj, NativeVariantPtrArgs args, godot_variant& ret)
   at Godot.DelegateUtils.InvokeWithVariantArgs(IntPtr delegateGCHandle, Void* trampoline, godot_variant** args, Int32 argc, godot_variant* outRet)
   at: void Godot.NativeInterop.ExceptionUtils.LogException(System.Exception) (:0)
   C# backtrace (most recent call first):
       [0] void Godot.GD.PushError(string)
       [1] void Godot.NativeInterop.ExceptionUtils.LogException(System.Exception)
       [2] void Godot.DelegateUtils.InvokeWithVariantArgs(nint, System.Void*, Godot.NativeInterop.godot_variant**, int, Godot.NativeInterop.godot_variant*)
[INFO] Wrote 112459 bytes to path=user://steam/76561199401820476/modded/profile1\saves\current_run.save save_dir=user://steam/76561199401820476
[INFO] Wrote 112459 bytes to modded/profile1/saves/current_run.save in steam remote store
[INFO] CHARACTER.THE_QUEEN_CHARACTER_QUEEN_CHARACTER has won against encounter ENCOUNTER.BOWL_WORM_MOTHER_BOSS. That's 4 wins
[INFO] CHARACTER.THE_QUEEN_CHARACTER_QUEEN_CHARACTER has killed a MONSTER.BOWL_WORM_MOTHER. That's 4 kills
[INFO] Wrote 345491 bytes to path=user://steam/76561199401820476/modded/profile1\saves\progress.save save_dir=user://steam/76561199401820476
[INFO] Wrote 345491 bytes to modded/profile1/saves/progress.save in steam remote store
[INFO] Card rarity: Rolled 0.84976065, need < 1 for rare (offset = 0)
[INFO] Card rarity: Rolled 0.24862048, need < 1 for rare (offset = 0)
[INFO] Card rarity: Rolled 0.7069167, need < 1 for rare (offset = 0)
[INFO] Card rarity: Rolled 0.82410026, need < 1 for rare (offset = 0)
[INFO] Card rarity: Rolled 0.54657906, need < 1 for rare (offset = 0)
[INFO] Card rarity: Rolled 0.61070585, need < 1 for rare (offset = 0)
[INFO] Obtained 75 gold from reward
[INFO] Card reward selected
[INFO] Card reward selected
[INFO] Card reward selected
[INFO] Obtained CARD.THE_QUEEN_CARD_CATACLYSM from card reward
[INFO] [ActChangeSynchronizer] Local player ready to move to next act
[INFO] [ActChangeSynchronizer] All players ready to move to next act, beginning transition
[WARN] [RoutePlanner] MaxElite: 0 elites, 1/1 paths
[INFO] [HextechRunes][Mayhem] OnRoomExited: currentRoom=null lastHistoryRoom=Boss model=BOWL_WORM_MOTHER_BOSS
[INFO] Preloading 'Act=GLORY' assets... count=10 vfx=0
[INFO] Preloading 'Act=GLORY' Complete: assets=10 time_elapsed=112ms
[WARN] [RoutePlanner] MaxElite: 3 elites, 8/51 paths
[INFO] [HextechRunes][Mayhem] OnRoomEntered: room=MapRoom actIndex=2 actResolved=False startedWithNeow=True eventState=none
[INFO] [HextechRunes][Mayhem] OnRoomEntered: scheduling selection for room=MapRoom
[INFO] [HextechRunes][Mayhem] HandleHextechActSelection enter: room=MapRoom actIndex=2 resolved=False handling=False
[INFO] [HextechRunes][Mayhem] HandleHextechActSelection: closing map before showing selection overlay
[INFO] [HextechRunes][Mayhem] EnemyUi.Refresh: active=SpeedDemon,WarmogsSpirit
[WARN] [RoutePlanner] MaxElite: 3 elites, 8/51 paths
[INFO] [HextechRunes][Mayhem] HandleHextechActSelection rarity: act=2 rarity=Silver
[INFO] [HextechRunes][Mayhem] HandleHextechActSelection monsterHex: act=2 hex=ProtectiveVeil
[INFO] [HextechRunes][Mayhem] HandleHextechActSelection options: player=1 count=3 ids=REPULSOR_RUNE,FROST_WRAITH_RUNE,ZEALOT_RUNE
[INFO] [HextechRunes][Mayhem] SelectionScreen.Create: count=3
[WARN] Asset not cached: res://HextechRunes/images/relics/protectiveVeilRune.png
[WARN] Asset not cached: res://HextechRunes/images/relics/repulsorRune.png
[WARN] Asset not cached: res://HextechRunes/images/relics/frostWraithRune.png
[WARN] Asset not cached: res://HextechRunes/images/relics/zealotRune.png
[INFO] [HextechRunes][Mayhem] SelectionScreen.AfterOverlayOpened
[INFO] [HextechRunes][Mayhem] AfterActEntered: resolving act selection before first room actIndex=2
[INFO] [HextechRunes][Mayhem] HandleHextechActSelection enter: room=MapRoom actIndex=2 resolved=False handling=True
[INFO] [HextechRunes][Mayhem] HandleHextechActSelection skip
[INFO] [HextechRunes][Mayhem] SelectionScreen.OnEnemyHexRerollPressed: hex=HeavyHitter count=1
[WARN] Asset not cached: res://HextechRunes/images/relics/heavyHitterRune.png
[INFO] [HextechRunes][Mayhem] SelectionScreen.OnEnemyHexRerollPressed: hex=BrutalForce count=2
[WARN] Asset not cached: res://HextechRunes/images/relics/brutalForceRune.png
[INFO] [HextechRunes][Mayhem] SelectionScreen.OnRerollPressed: slot=1 old=FROST_WRAITH_RUNE new=MOUNTAIN_SOUL_RUNE
[WARN] Asset not cached: res://HextechRunes/images/relics/mountainSoulRune.png
[INFO] [HextechRunes][Mayhem] SelectionScreen.OnRerollPressed: slot=0 old=REPULSOR_RUNE new=FIRST_AID_KIT_RUNE
[WARN] Asset not cached: res://HextechRunes/images/relics/firstAidKitRune.png
[INFO] [HextechRunes][Mayhem] SelectionScreen.OnHolderSelected: relic=ZEALOT_RUNE
[INFO] [HextechRunes][Mayhem] SelectionScreen.RelicsSelected: begin dismiss mousePressed=False
[INFO] [HextechRunes][Mayhem] SelectionScreen.RelicsSelected: removing overlay
[INFO] [HextechRunes][Mayhem] SelectionScreen.AfterOverlayHidden: choiceLocked=True capstoneOpen=False mapOpen=False
[INFO] [HextechRunes][Mayhem] SelectionScreen.AfterOverlayClosed
[INFO] [HextechRunes][Mayhem] HandleHextechActSelection obtained: player=1 relic=ZEALOT_RUNE
[INFO] [HextechRunes][Mayhem] EnemyUi.Refresh: active=SpeedDemon,WarmogsSpirit,BrutalForce
[INFO] Wrote 113342 bytes to path=user://steam/76561199401820476/modded/profile1\saves\current_run.save save_dir=user://steam/76561199401820476
[INFO] Wrote 113342 bytes to modded/profile1/saves/current_run.save in steam remote store
[INFO] [HextechRunes][Mayhem] PersistActSelection: saved current run after resolving act=2
[INFO] [HextechRunes][Mayhem] HandleHextechActSelection resolved: act=2
[INFO] [HextechRunes][Mayhem] HandleHextechActSelection: reopening map after selection overlay
[INFO] [HextechRunes][Mayhem] HandleHextechActSelection exit: act=2
[WARN] [RoutePlanner] MaxElite: 3 elites, 8/51 paths
[WARN] [RoutePlanner] UI added via CanvasLayer
[WARN] [RoutePlanner] highlighted 26 segments across 8 paths
[INFO] Player vote changed for 1: ->MapVote (gen: 2 coord: (3, 0))
[WARN] [RoutePlanner] MaxElite: 3 elites, 8/51 paths
[INFO] [HextechRunes][Mayhem] OnRoomExited: currentRoom=null lastHistoryRoom=Boss model=BOWL_WORM_MOTHER_BOSS
[INFO] Wrote 345491 bytes to path=user://steam/76561199401820476/modded/profile1\saves\progress.save save_dir=user://steam/76561199401820476
[INFO] Wrote 345491 bytes to modded/profile1/saves/progress.save in steam remote store
[INFO] Wrote 113426 bytes to path=user://steam/76561199401820476/modded/profile1\saves\current_run.save save_dir=user://steam/76561199401820476
[INFO] Wrote 113426 bytes to modded/profile1/saves/current_run.save in steam remote store
[INFO] Preloading 'Event Room' assets... count=2 vfx=0
[INFO] Preloading 'Event Room' Complete: assets=2 time_elapsed=162ms
[WARN] Asset not cached: res://images/atlases/intent_atlas.sprites/intent_stun.tres
[WARN] Asset not cached: res://images/enchantments/instinct.png
[WARN] [RoutePlanner] MaxElite: 3 elites, 8/51 paths
[INFO] [HextechRunes][Mayhem] OnRoomEntered: room=EventRoom actIndex=2 actResolved=True startedWithNeow=True eventState=TANX finished=False options=4
[INFO] [HextechRunes][Mayhem] EnemyUi.Refresh: active=SpeedDemon,WarmogsSpirit,BrutalForce
[INFO] [BaseLib] Checking for additional interactions with TANX
[WARN] [RoutePlanner] MaxElite: 3 elites, 8/51 paths
[WARN] [RoutePlanner] UI added via CanvasLayer
[WARN] [RoutePlanner] highlighted 26 segments across 8 paths
[WARN] [RoutePlanner] strategy: MaxRestSite
[WARN] [RoutePlanner] best=21, tolerance=10, highlighted=21/51 paths
[WARN] [RoutePlanner] highlighted 61 segments across 21 paths
[WARN] [RoutePlanner] strategy: MaxElite
[WARN] [RoutePlanner] MaxElite: 3 elites, 8/51 paths
[WARN] [RoutePlanner] highlighted 26 segments across 8 paths
[WARN] [RoutePlanner] strategy: MaxRestSite
[WARN] [RoutePlanner] best=21, tolerance=10, highlighted=21/51 paths
[WARN] [RoutePlanner] highlighted 61 segments across 21 paths
[WARN] [RoutePlanner] strategy: MaxElite
[WARN] [RoutePlanner] MaxElite: 3 elites, 8/51 paths
[WARN] [RoutePlanner] highlighted 26 segments across 8 paths
[WARN] [RoutePlanner] strategy: MaxRestSite
[WARN] [RoutePlanner] best=21, tolerance=10, highlighted=21/51 paths
[WARN] [RoutePlanner] highlighted 61 segments across 21 paths
[WARN] [RoutePlanner] strategy: MaxElite
[WARN] [RoutePlanner] MaxElite: 3 elites, 8/51 paths
[WARN] [RoutePlanner] highlighted 26 segments across 8 paths
[WARN] [RoutePlanner] strategy: MaxRestSite
[WARN] [RoutePlanner] best=21, tolerance=10, highlighted=21/51 paths
[WARN] [RoutePlanner] highlighted 61 segments across 21 paths
[WARN] [RoutePlanner] strategy: MaxElite
[WARN] [RoutePlanner] MaxElite: 3 elites, 8/51 paths
[WARN] [RoutePlanner] highlighted 26 segments across 8 paths
[WARN] [RoutePlanner] MaxElite: 3 elites, 8/51 paths
[WARN] [RoutePlanner] UI added via CanvasLayer
[WARN] [RoutePlanner] highlighted 26 segments across 8 paths
[INFO] Player vote changed for 1: ->MapVote (gen: 2 coord: (4, 1))
[WARN] [RoutePlanner] MaxElite: 3 elites, 6/33 paths
[INFO] [HextechRunes][Mayhem] OnRoomExited: currentRoom=null lastHistoryRoom=Event model=TANX
[INFO] Wrote 345491 bytes to path=user://steam/76561199401820476/modded/profile1\saves\progress.save save_dir=user://steam/76561199401820476
[INFO] Wrote 345491 bytes to modded/profile1/saves/progress.save in steam remote store
[INFO] Wrote 116512 bytes to path=user://steam/76561199401820476/modded/profile1\saves\current_run.save save_dir=user://steam/76561199401820476
[INFO] Wrote 116512 bytes to modded/profile1/saves/current_run.save in steam remote store
[INFO] Preloading 'Combat Room' assets... count=7 vfx=0
[INFO] Preloading 'Combat Room' Complete: assets=7 time_elapsed=154ms
[INFO] Creating NCombatRoom with mode=ActiveCombat encounter=DEVOTED_SCULPTOR_WEAK.
[INFO] [com.ritsukage.sts2-RitsuLib] [Godot] Creating NCreatureVisuals from scene res://TheQueen/scenes/creature_visuals/queen_character.tscn
[INFO] [com.ritsukage.sts2-RitsuLib] [Godot] Creating NEnergyCounter from scene res://TheQueen/scenes/ui/queen_energy_counter.tscn
[INFO] [HextechRunes][Mayhem] EnemyUi.Refresh: active=SpeedDemon,WarmogsSpirit,BrutalForce
[INFO] [HextechRunes][Mayhem] EnemyUi.Refresh: active=SpeedDemon,WarmogsSpirit,BrutalForce
[WARN] [RoutePlanner] MaxElite: 3 elites, 6/33 paths
[INFO] [HextechRunes][Mayhem] OnRoomEntered: room=CombatRoom actIndex=2 actResolved=True startedWithNeow=True eventState=none
[INFO] [HextechRunes][Mayhem] EnemyUi.Refresh: active=SpeedDemon,WarmogsSpirit,BrutalForce
[INFO] [HextechRunes][Mayhem] EnemyUi.Refresh: active=SpeedDemon,WarmogsSpirit,BrutalForce
[INFO] Player 1 playing card THE_QUEEN_CARD_SKITTISH (no target)
[INFO] Player 1 playing card THE_QUEEN_CARD_HARDENED_SHELL (no target)
[INFO] Player 1 playing card THE_QUEEN_CARD_OIL_SPRAY (no target)
[INFO] Player 1 playing card THE_QUEEN_CARD_FEEDING (no target)
[INFO] Player 1 playing card THE_QUEEN_CARD_FEEDING_BONE (no target)
[INFO] Player 1 chose cards [IRON_WAVE]
[INFO] Monster DEVOTED_SCULPTOR performing move FORBIDDEN_INCANTATION_MOVE
[WARN] Asset not cached: res://images/powers/ritual_power.png
[INFO] [HextechRunes][Mayhem] EnemyUi.Refresh: active=SpeedDemon,WarmogsSpirit,BrutalForce
[INFO] Player 1 playing card THE_QUEEN_CARD_SPIKEN (no target)
[INFO] Player 1 playing card SUCKER_PUNCH (targeting 虔诚雕刻师 (index 2))
[INFO] Player 1 playing card THE_QUEEN_CARD_ALL_SOUL_SLASH (targeting 虔诚雕刻师 (index 2))
[INFO] Monster DEVOTED_SCULPTOR performing move SAVAGE_MOVE
[INFO] [HextechRunes][Mayhem] EnemyUi.Refresh: active=SpeedDemon,WarmogsSpirit,BrutalForce
[INFO] Player 1 playing card THE_QUEEN_CARD_ASHEN_WALL (no target)
[INFO] Player 1 playing card THE_QUEEN_CARD_SHRIEK (no target)
[INFO] Player 1 playing card THE_QUEEN_CARD_PRISMATIC_ART (no target)
[INFO] Player 1 playing card WISP (no target)
[INFO] Player 1 playing card THE_QUEEN_CARD_CORPSE_SLUG_HUNGER (no target)
[INFO] Monster DEVOTED_SCULPTOR performing move SAVAGE_MOVE
[INFO] [HextechRunes][Mayhem] EnemyUi.Refresh: active=SpeedDemon,WarmogsSpirit,BrutalForce
[INFO] Player 1 playing card THE_QUEEN_CARD_SKITTISH (no target)
[INFO] Player 1 playing card THE_QUEEN_CARD_ENJOY_DINNER (targeting 虔诚雕刻师 (index 2))
[INFO] Player 1 playing card THE_QUEEN_CARD_CATACLYSM (targeting 虔诚雕刻师 (index 2))
[INFO] Player 1 playing card THE_QUEEN_CARD_EXECUTION (targeting 虔诚雕刻师 (index 2))
[INFO] Execution: shouldTriggerFatal: True, killedHits: 0
[INFO] Player 1 playing card THE_QUEEN_CARD_DEVOUR (targeting 虔诚雕刻师 (index 2))
[INFO] Monster DEVOTED_SCULPTOR performing move SAVAGE_MOVE
[INFO] [HextechRunes][Mayhem] EnemyUi.Refresh: active=SpeedDemon,WarmogsSpirit,BrutalForce
[INFO] Player 1 playing card THE_QUEEN_CARD_UNFINISHED_CALAMITY (no target)
[INFO] Player 1 playing card THE_QUEEN_CARD_PURIFICATION_RITE (no target)
[INFO] Player 1 playing card THE_QUEEN_CARD_PUNCH_OFF (no target)
ERROR: System.NullReferenceException: Object reference not set to an instance of an object.
   at ComicChess.TheQueen.NewNAmalgamVfx.PlayLaserHit(Boolean starting)
   at ComicChess.TheQueen.NewNAmalgamVfx.OnAnimationEvent(GodotObject _, GodotObject __, GodotObject ___, GodotObject spineEvent)
   at Godot.Callable.<From>g__Trampoline|5_0[T0,T1,T2,T3](Object delegateObj, NativeVariantPtrArgs args, godot_variant& ret)
   at Godot.DelegateUtils.InvokeWithVariantArgs(IntPtr delegateGCHandle, Void* trampoline, godot_variant** args, Int32 argc, godot_variant* outRet)
   at: void Godot.NativeInterop.ExceptionUtils.LogException(System.Exception) (:0)
   C# backtrace (most recent call first):
       [0] void Godot.GD.PushError(string)
       [1] void Godot.NativeInterop.ExceptionUtils.LogException(System.Exception)
       [2] void Godot.DelegateUtils.InvokeWithVariantArgs(nint, System.Void*, Godot.NativeInterop.godot_variant**, int, Godot.NativeInterop.godot_variant*)
[INFO] Monster DEVOTED_SCULPTOR performing move SAVAGE_MOVE
[INFO] [HextechRunes][Mayhem] EnemyUi.Refresh: active=SpeedDemon,WarmogsSpirit,BrutalForce
[INFO] Player 1 playing card REFINE_BLADE (no target)
[INFO] Player 1 playing card GRAVEBLAST (targeting 虔诚雕刻师 (index 2))
[INFO] Player 1 chose cards [THE_QUEEN_CARD_ALL_SOUL_SLASH]
[INFO] Player 1 playing card THE_QUEEN_CARD_ASTROLABE (no target)
[INFO] Player 1 playing card THE_QUEEN_CARD_MORNING_STAR (no target)
[INFO] Player 1 playing card THE_QUEEN_CARD_EVENING_STAR (no target)
[INFO] Player 1 playing card THE_QUEEN_CARD_ASHEN_WALL (no target)
[INFO] Player 1 playing card THE_QUEEN_CARD_MORNING_STAR (no target)
[INFO] Player 1 playing card THE_QUEEN_CARD_EVENING_STAR (no target)
[INFO] Player 1 playing card THE_QUEEN_CARD_MORNING_STAR (no target)
[INFO] Player 1 playing card THE_QUEEN_CARD_EVENING_STAR (no target)
[INFO] Monster DEVOTED_SCULPTOR performing move SAVAGE_MOVE
[INFO] [HextechRunes][Mayhem] EnemyUi.Refresh: active=SpeedDemon,WarmogsSpirit,BrutalForce
[INFO] Player 1 playing card SUCKER_PUNCH (targeting 虔诚雕刻师 (index 2))
[INFO] Player 1 playing card SOVEREIGN_BLADE (targeting 虔诚雕刻师 (index 2))
[INFO] Wrote 118255 bytes to path=user://steam/76561199401820476/modded/profile1\saves\current_run.save save_dir=user://steam/76561199401820476
[INFO] Wrote 118255 bytes to modded/profile1/saves/current_run.save in steam remote store
[INFO] CHARACTER.THE_QUEEN_CHARACTER_QUEEN_CHARACTER has won against encounter ENCOUNTER.DEVOTED_SCULPTOR_WEAK. That's 18 wins
[INFO] CHARACTER.THE_QUEEN_CHARACTER_QUEEN_CHARACTER has killed a MONSTER.DEVOTED_SCULPTOR. That's 18 kills
[INFO] Wrote 345491 bytes to path=user://steam/76561199401820476/modded/profile1\saves\progress.save save_dir=user://steam/76561199401820476
[INFO] Wrote 345491 bytes to modded/profile1/saves/progress.save in steam remote store
[INFO] Card rarity: Rolled 0.13891315, need < -0.0351 for rare (offset = -0.05)
[INFO] Card rarity: Rolled 0.55651987, need < -0.030100003 for rare (offset = -0.045)
[INFO] Card rarity: Rolled 0.4087503, need < -0.025100004 for rare (offset = -0.040000003)
[INFO] Card rarity: Rolled 0.12675324, need < -0.020100005 for rare (offset = -0.035000004)
[INFO] Card rarity: Rolled 0.67456216, need < -0.015100005 for rare (offset = -0.030000005)
[INFO] Card rarity: Rolled 0.6680235, need < -0.010100006 for rare (offset = -0.025000006)
[INFO] Obtained 8 gold from reward
[INFO] Card reward selected
[INFO] Card reward selected
[INFO] Obtained CARD.THE_QUEEN_CARD_SIPHON from card reward
[INFO] Card reward selected
[INFO] Obtained CARD.BLOODLETTING from card reward
[WARN] [RoutePlanner] MaxElite: 3 elites, 6/33 paths
[WARN] [RoutePlanner] UI added via CanvasLayer
[WARN] [RoutePlanner] highlighted 22 segments across 6 paths
[INFO] Player vote changed for 1: ->MapVote (gen: 2 coord: (4, 2))
[WARN] [RoutePlanner] MaxElite: 3 elites, 4/21 paths
[INFO] [HextechRunes][Mayhem] OnRoomExited: currentRoom=null lastHistoryRoom=Monster model=DEVOTED_SCULPTOR_WEAK
[INFO] Wrote 345491 bytes to path=user://steam/76561199401820476/modded/profile1\saves\progress.save save_dir=user://steam/76561199401820476
[INFO] Wrote 345491 bytes to modded/profile1/saves/progress.save in steam remote store
[INFO] Wrote 119382 bytes to path=user://steam/76561199401820476/modded/profile1\saves\current_run.save save_dir=user://steam/76561199401820476
[INFO] Wrote 119382 bytes to modded/profile1/saves/current_run.save in steam remote store
[INFO] Preloading 'Combat Room' assets... count=5 vfx=0
[INFO] Preloading 'Combat Room' Complete: assets=5 time_elapsed=168ms
[INFO] Creating NCombatRoom with mode=ActiveCombat encounter=SCROLLS_OF_BITING_WEAK.
[INFO] [com.ritsukage.sts2-RitsuLib] [Godot] Creating NCreatureVisuals from scene res://TheQueen/scenes/creature_visuals/queen_character.tscn
[INFO] [com.ritsukage.sts2-RitsuLib] [Godot] Creating NEnergyCounter from scene res://TheQueen/scenes/ui/queen_energy_counter.tscn
[WARN] Asset not cached: res://images/powers/paper_cuts_power.png
[INFO] [HextechRunes][Mayhem] EnemyUi.Refresh: active=SpeedDemon,WarmogsSpirit,BrutalForce
[INFO] [HextechRunes][Mayhem] EnemyUi.Refresh: active=SpeedDemon,WarmogsSpirit,BrutalForce
[WARN] [RoutePlanner] MaxElite: 3 elites, 4/21 paths
[INFO] [HextechRunes][Mayhem] OnRoomEntered: room=CombatRoom actIndex=2 actResolved=True startedWithNeow=True eventState=none
[INFO] [HextechRunes][Mayhem] EnemyUi.Refresh: active=SpeedDemon,WarmogsSpirit,BrutalForce
[INFO] [HextechRunes][Mayhem] EnemyUi.Refresh: active=SpeedDemon,WarmogsSpirit,BrutalForce
[INFO] Player 1 playing card THE_QUEEN_CARD_ASHEN_WALL (no target)
[INFO] Player 1 playing card WISP (no target)
[INFO] Player 1 playing card THE_QUEEN_CARD_SPINNING_KICK (no target)
[INFO] Player 1 playing card THE_QUEEN_CARD_SUMMON_SOUL (no target)
[INFO] Player 1 playing card THE_QUEEN_CARD_SOUL_DEFEND (no target)
[INFO] Player 1 playing card THE_QUEEN_CARD_SOUL_STRIKE (targeting 咬人卷轴 (index 3))
[INFO] Player 1 playing card SUCKER_PUNCH (targeting 咬人卷轴 (index 3))
ERROR: System.NullReferenceException: Object reference not set to an instance of an object.
   at ComicChess.TheQueen.NewNAmalgamVfx.PlayLaserHit(Boolean starting)
   at ComicChess.TheQueen.NewNAmalgamVfx.OnAnimationEvent(GodotObject _, GodotObject __, GodotObject ___, GodotObject spineEvent)
   at Godot.Callable.<From>g__Trampoline|5_0[T0,T1,T2,T3](Object delegateObj, NativeVariantPtrArgs args, godot_variant& ret)
   at Godot.DelegateUtils.InvokeWithVariantArgs(IntPtr delegateGCHandle, Void* trampoline, godot_variant** args, Int32 argc, godot_variant* outRet)
   at: void Godot.NativeInterop.ExceptionUtils.LogException(System.Exception) (:0)
   C# backtrace (most recent call first):
       [0] void Godot.GD.PushError(string)
       [1] void Godot.NativeInterop.ExceptionUtils.LogException(System.Exception)
       [2] void Godot.DelegateUtils.InvokeWithVariantArgs(nint, System.Void*, Godot.NativeInterop.godot_variant**, int, Godot.NativeInterop.godot_variant*)
[INFO] Monster SCROLL_OF_BITING performing move MORE_TEETH
[INFO] Monster SCROLL_OF_BITING performing move CHEW
[INFO] [HextechRunes][Mayhem] EnemyUi.Refresh: active=SpeedDemon,WarmogsSpirit,BrutalForce
[INFO] Player 1 playing card THE_QUEEN_CARD_HARDENED_SHELL (no target)
[INFO] Player 1 playing card THE_QUEEN_CARD_ASTROLABE (no target)
[INFO] Player 1 playing card THE_QUEEN_CARD_MORNING_STAR (no target)
[INFO] Player 1 playing card THE_QUEEN_CARD_EVENING_STAR (no target)
[INFO] Player 1 playing card THE_QUEEN_CARD_PRISMATIC_ART (no target)
[INFO] Player 1 playing card THE_QUEEN_CARD_SKITTISH (no target)
[INFO] Player 1 playing card THE_QUEEN_CARD_MORNING_STAR (no target)
[INFO] Player 1 playing card THE_QUEEN_CARD_EVENING_STAR (no target)
[INFO] Player 1 playing card THE_QUEEN_CARD_SIPHON (targeting 咬人卷轴 (index 2))
[INFO] Player 1 playing card THE_QUEEN_CARD_ENJOY_DINNER (targeting 咬人卷轴 (index 2))
[INFO] Player 1 playing card BLOODLETTING (no target)
[INFO] Player 1 playing card THE_QUEEN_CARD_EXECUTION (targeting 咬人卷轴 (index 2))
[INFO] Execution: shouldTriggerFatal: True, killedHits: 1
[INFO] Execution: Capturing target: 咬人卷轴
[INFO] Execution: Reward: 纸伤难愈
[INFO] Player 1 playing card THE_QUEEN_CARD_LAMP_DRIVE (no target)
[INFO] Player 1 playing card THE_QUEEN_CARD_PURIFICATION_RITE (no target)
ERROR: System.NullReferenceException: Object reference not set to an instance of an object.
   at ComicChess.TheQueen.NewNAmalgamVfx.PlayLaserHit(Boolean starting)
   at ComicChess.TheQueen.NewNAmalgamVfx.OnAnimationEvent(GodotObject _, GodotObject __, GodotObject ___, GodotObject spineEvent)
   at Godot.Callable.<From>g__Trampoline|5_0[T0,T1,T2,T3](Object delegateObj, NativeVariantPtrArgs args, godot_variant& ret)
   at Godot.DelegateUtils.InvokeWithVariantArgs(IntPtr delegateGCHandle, Void* trampoline, godot_variant** args, Int32 argc, godot_variant* outRet)
   at: void Godot.NativeInterop.ExceptionUtils.LogException(System.Exception) (:0)
   C# backtrace (most recent call first):
       [0] void Godot.GD.PushError(string)
       [1] void Godot.NativeInterop.ExceptionUtils.LogException(System.Exception)
       [2] void Godot.DelegateUtils.InvokeWithVariantArgs(nint, System.Void*, Godot.NativeInterop.godot_variant**, int, Godot.NativeInterop.godot_variant*)
[INFO] Player 1 playing card THE_QUEEN_CARD_MORNING_STAR (no target)
[INFO] Player 1 playing card THE_QUEEN_CARD_EVENING_STAR (no target)
ERROR: System.NullReferenceException: Object reference not set to an instance of an object.
   at ComicChess.TheQueen.NewNAmalgamVfx.PlayLaserHit(Boolean starting)
   at ComicChess.TheQueen.NewNAmalgamVfx.OnAnimationEvent(GodotObject _, GodotObject __, GodotObject ___, GodotObject spineEvent)
   at Godot.Callable.<From>g__Trampoline|5_0[T0,T1,T2,T3](Object delegateObj, NativeVariantPtrArgs args, godot_variant& ret)
   at Godot.DelegateUtils.InvokeWithVariantArgs(IntPtr delegateGCHandle, Void* trampoline, godot_variant** args, Int32 argc, godot_variant* outRet)
   at: void Godot.NativeInterop.ExceptionUtils.LogException(System.Exception) (:0)
   C# backtrace (most recent call first):
       [0] void Godot.GD.PushError(string)
       [1] void Godot.NativeInterop.ExceptionUtils.LogException(System.Exception)
       [2] void Godot.DelegateUtils.InvokeWithVariantArgs(nint, System.Void*, Godot.NativeInterop.godot_variant**, int, Godot.NativeInterop.godot_variant*)
[INFO] Player 1 playing card THE_QUEEN_CARD_DEVOUR (targeting 咬人卷轴 (index 2))
ERROR: System.NullReferenceException: Object reference not set to an instance of an object.
   at ComicChess.TheQueen.NewNAmalgamVfx.PlayLaserHit(Boolean starting)
   at ComicChess.TheQueen.NewNAmalgamVfx.OnAnimationEvent(GodotObject _, GodotObject __, GodotObject ___, GodotObject spineEvent)
   at Godot.Callable.<From>g__Trampoline|5_0[T0,T1,T2,T3](Object delegateObj, NativeVariantPtrArgs args, godot_variant& ret)
   at Godot.DelegateUtils.InvokeWithVariantArgs(IntPtr delegateGCHandle, Void* trampoline, godot_variant** args, Int32 argc, godot_variant* outRet)
   at: void Godot.NativeInterop.ExceptionUtils.LogException(System.Exception) (:0)
   C# backtrace (most recent call first):
       [0] void Godot.GD.PushError(string)
       [1] void Godot.NativeInterop.ExceptionUtils.LogException(System.Exception)
       [2] void Godot.DelegateUtils.InvokeWithVariantArgs(nint, System.Void*, Godot.NativeInterop.godot_variant**, int, Godot.NativeInterop.godot_variant*)
[INFO] Wrote 121682 bytes to path=user://steam/76561199401820476/modded/profile1\saves\current_run.save save_dir=user://steam/76561199401820476
[INFO] Wrote 121682 bytes to modded/profile1/saves/current_run.save in steam remote store
[INFO] CHARACTER.THE_QUEEN_CHARACTER_QUEEN_CHARACTER has won against encounter ENCOUNTER.SCROLLS_OF_BITING_WEAK. That's 26 wins
[INFO] CHARACTER.THE_QUEEN_CHARACTER_QUEEN_CHARACTER has killed a MONSTER.SCROLL_OF_BITING. That's 92 kills
[INFO] CHARACTER.THE_QUEEN_CHARACTER_QUEEN_CHARACTER has killed a MONSTER.SCROLL_OF_BITING. That's 93 kills
[INFO] CHARACTER.THE_QUEEN_CHARACTER_QUEEN_CHARACTER has killed a MONSTER.SCROLL_OF_BITING. That's 94 kills
[INFO] Wrote 345491 bytes to path=user://steam/76561199401820476/modded/profile1\saves\progress.save save_dir=user://steam/76561199401820476
[INFO] Wrote 345491 bytes to modded/profile1/saves/progress.save in steam remote store
[INFO] Card rarity: Rolled 0.3265531, need < -0.005100007 for rare (offset = -0.020000007)
[INFO] Card rarity: Rolled 0.4676668, need < -0.00010000728 for rare (offset = -0.015000007)
[INFO] Card rarity: Rolled 0.36606914, need < 0.0048999926 for rare (offset = -0.010000007)
[INFO] Card rarity: Rolled 0.9431253, need < 0.0098999925 for rare (offset = -0.0050000073)
[INFO] Card rarity: Rolled 0.007447734, need < 0.014899992 for rare (offset = -7.450581E-09)
[INFO] Card rarity: Rolled 0.15502682, need < -0.0351 for rare (offset = -0.05)
[INFO] Obtained CARD.THE_QUEEN_CARD_PAPER_CUTS from special card reward
[INFO] Obtained 13 gold from reward
[INFO] Card reward selected
[INFO] Card reward selected
[INFO] Obtained CARD.PILLAGE from card reward
[WARN] [RoutePlanner] MaxElite: 3 elites, 4/21 paths
[WARN] [RoutePlanner] UI added via CanvasLayer
[WARN] [RoutePlanner] highlighted 17 segments across 4 paths
[INFO] Player vote changed for 1: ->MapVote (gen: 2 coord: (3, 3))
[WARN] [RoutePlanner] MaxElite: 3 elites, 2/9 paths
[INFO] [HextechRunes][Mayhem] OnRoomExited: currentRoom=null lastHistoryRoom=Monster model=SCROLLS_OF_BITING_WEAK
[INFO] Wrote 345491 bytes to path=user://steam/76561199401820476/modded/profile1\saves\progress.save save_dir=user://steam/76561199401820476
[INFO] Wrote 345491 bytes to modded/profile1/saves/progress.save in steam remote store
[INFO] Wrote 122281 bytes to path=user://steam/76561199401820476/modded/profile1\saves\current_run.save save_dir=user://steam/76561199401820476
[INFO] Wrote 122281 bytes to modded/profile1/saves/current_run.save in steam remote store
[INFO] Preloading 'Combat Room' assets... count=4 vfx=0
[INFO] Preloading 'Combat Room' Complete: assets=4 time_elapsed=151ms
[INFO] Creating NCombatRoom with mode=ActiveCombat encounter=THE_LOST_AND_FORGOTTEN_NORMAL.
[INFO] [com.ritsukage.sts2-RitsuLib] [Godot] Creating NCreatureVisuals from scene res://TheQueen/scenes/creature_visuals/queen_character.tscn
[INFO] [com.ritsukage.sts2-RitsuLib] [Godot] Creating NEnergyCounter from scene res://TheQueen/scenes/ui/queen_energy_counter.tscn
[WARN] Asset not cached: res://images/powers/possess_strength_power.png
[WARN] Asset not cached: res://images/powers/possess_speed_power.png
[INFO] [HextechRunes][Mayhem] EnemyUi.Refresh: active=SpeedDemon,WarmogsSpirit,BrutalForce
[INFO] [HextechRunes][Mayhem] EnemyUi.Refresh: active=SpeedDemon,WarmogsSpirit,BrutalForce
[WARN] [RoutePlanner] MaxElite: 3 elites, 2/9 paths
[INFO] [HextechRunes][Mayhem] OnRoomEntered: room=CombatRoom actIndex=2 actResolved=True startedWithNeow=True eventState=none
[INFO] [HextechRunes][Mayhem] EnemyUi.Refresh: active=SpeedDemon,WarmogsSpirit,BrutalForce
[INFO] [HextechRunes][Mayhem] EnemyUi.Refresh: active=SpeedDemon,WarmogsSpirit,BrutalForce
[INFO] Player 1 playing card THE_QUEEN_CARD_ASHEN_WALL (no target)
[INFO] Player 1 playing card THE_QUEEN_CARD_CORPSE_SLUG_HUNGER (no target)
[INFO] Player 1 playing card THE_QUEEN_CARD_PURIFICATION_RITE (no target)
[INFO] Player 1 playing card REFINE_BLADE (no target)
[INFO] Player 1 playing card THE_QUEEN_CARD_ASTROLABE (no target)
[INFO] Player 1 playing card THE_QUEEN_CARD_MORNING_STAR (no target)
[INFO] Player 1 playing card THE_QUEEN_CARD_EVENING_STAR (no target)
[INFO] Player 1 playing card THE_QUEEN_CARD_LAMP_DRIVE (no target)
[INFO] Player 1 playing card BLOODLETTING (no target)
[INFO] Player 1 playing card THE_QUEEN_CARD_MORNING_STAR (no target)
[INFO] Player 1 playing card THE_QUEEN_CARD_EVENING_STAR (no target)
[INFO] Player 1 playing card GRAVEBLAST (targeting 失落之物 (index 2))
[INFO] Player 1 chose cards [THE_QUEEN_CARD_LAMP_DRIVE]
[INFO] Player 1 playing card THE_QUEEN_CARD_LAMP_DRIVE (no target)
[INFO] Player 1 playing card THE_QUEEN_CARD_ENJOY_DINNER (targeting 失落之物 (index 2))
[INFO] Player 1 playing card THE_QUEEN_CARD_DEVOUR (targeting 失落之物 (index 2))
[INFO] Player 1 playing card THE_QUEEN_CARD_MORNING_STAR (no target)
[INFO] Player 1 playing card THE_QUEEN_CARD_EVENING_STAR (no target)
[INFO] Monster THE_LOST performing move DEBILITATING_SMOG
[INFO] Monster THE_FORGOTTEN performing move MIASMA
[WARN] Asset not cached: res://images/powers/dexterity_power.png
[INFO] [HextechRunes][Mayhem] EnemyUi.Refresh: active=SpeedDemon,WarmogsSpirit,BrutalForce
[INFO] Player 1 playing card THE_QUEEN_CARD_SHRIEK (no target)
[INFO] Player 1 playing card THE_QUEEN_CARD_MANDRAGORA (no target)
[INFO] Player 1 chose cards [THE_QUEEN_CARD_GEM_SHIELD]
[INFO] Player 1 playing card THE_QUEEN_CARD_TIME_TRICK (targeting 失落之物 (index 2))
[INFO] Player 1 chose cards [THE_QUEEN_CARD_GEM_SHIELD,THE_QUEEN_CARD_CORPSE_SLUG_HUNGER]
[INFO] Player 1 playing card THE_QUEEN_CARD_GEM_SHIELD (no target)
[INFO] Monster THE_LOST performing move EYE_LASERS
[INFO] Monster THE_FORGOTTEN performing move DREAD
[INFO] [HextechRunes][Mayhem] EnemyUi.Refresh: active=SpeedDemon,WarmogsSpirit,BrutalForce
[INFO] Player 1 playing card THE_QUEEN_CARD_PRISMATIC_ART (no target)
[INFO] Player 1 playing card THE_QUEEN_CARD_GEM_SHIELD (no target)
[INFO] Player 1 playing card PILLAGE (targeting 失落之物 (index 2))
[INFO] Player 1 playing card THE_QUEEN_CARD_ASHEN_WALL (no target)
[INFO] Player 1 playing card WISP (no target)
[INFO] Player 1 playing card THE_QUEEN_CARD_PUNCH_OFF (no target)
[INFO] Player 1 playing card THE_QUEEN_CARD_SPINNING_KICK (no target)
ERROR: System.NullReferenceException: Object reference not set to an instance of an object.
   at ComicChess.TheQueen.NewNAmalgamVfx.PlayLaserHit(Boolean starting)
   at ComicChess.TheQueen.NewNAmalgamVfx.OnAnimationEvent(GodotObject _, GodotObject __, GodotObject ___, GodotObject spineEvent)
   at Godot.Callable.<From>g__Trampoline|5_0[T0,T1,T2,T3](Object delegateObj, NativeVariantPtrArgs args, godot_variant& ret)
   at Godot.DelegateUtils.InvokeWithVariantArgs(IntPtr delegateGCHandle, Void* trampoline, godot_variant** args, Int32 argc, godot_variant* outRet)
   at: void Godot.NativeInterop.ExceptionUtils.LogException(System.Exception) (:0)
   C# backtrace (most recent call first):
       [0] void Godot.GD.PushError(string)
       [1] void Godot.NativeInterop.ExceptionUtils.LogException(System.Exception)
       [2] void Godot.DelegateUtils.InvokeWithVariantArgs(nint, System.Void*, Godot.NativeInterop.godot_variant**, int, Godot.NativeInterop.godot_variant*)
ERROR: System.NullReferenceException: Object reference not set to an instance of an object.
   at ComicChess.TheQueen.NewNAmalgamVfx.PlayLaserHit(Boolean starting)
   at ComicChess.TheQueen.NewNAmalgamVfx.OnAnimationEvent(GodotObject _, GodotObject __, GodotObject ___, GodotObject spineEvent)
   at Godot.Callable.<From>g__Trampoline|5_0[T0,T1,T2,T3](Object delegateObj, NativeVariantPtrArgs args, godot_variant& ret)
   at Godot.DelegateUtils.InvokeWithVariantArgs(IntPtr delegateGCHandle, Void* trampoline, godot_variant** args, Int32 argc, godot_variant* outRet)
   at: void Godot.NativeInterop.ExceptionUtils.LogException(System.Exception) (:0)
   C# backtrace (most recent call first):
       [0] void Godot.GD.PushError(string)
       [1] void Godot.NativeInterop.ExceptionUtils.LogException(System.Exception)
       [2] void Godot.DelegateUtils.InvokeWithVariantArgs(nint, System.Void*, Godot.NativeInterop.godot_variant**, int, Godot.NativeInterop.godot_variant*)
[INFO] Monster THE_LOST performing move DEBILITATING_SMOG
[INFO] Monster THE_FORGOTTEN performing move MIASMA
[INFO] [HextechRunes][Mayhem] EnemyUi.Refresh: active=SpeedDemon,WarmogsSpirit,BrutalForce
[INFO] Player 1 playing card SOVEREIGN_BLADE (targeting 失落之物 (index 2))
[INFO] Player 1 playing card THE_QUEEN_CARD_CATACLYSM (targeting 遗忘之物 (index 2))
[INFO] Player 1 playing card THE_QUEEN_CARD_SPIKEN (no target)
[INFO] Monster THE_FORGOTTEN performing move DREAD
[INFO] [HextechRunes][Mayhem] EnemyUi.Refresh: active=SpeedDemon,WarmogsSpirit,BrutalForce
[INFO] Player 1 playing card THE_QUEEN_CARD_UNFINISHED_CALAMITY (no target)
[INFO] Player 1 playing card THE_QUEEN_CARD_HARDENED_SHELL (no target)
[INFO] Player 1 playing card THE_QUEEN_CARD_SKITTISH (no target)
[INFO] Monster THE_FORGOTTEN performing move MIASMA
[INFO] [HextechRunes][Mayhem] EnemyUi.Refresh: active=SpeedDemon,WarmogsSpirit,BrutalForce
[INFO] Player 1 playing card SUCKER_PUNCH (targeting 遗忘之物 (index 2))
[INFO] Player 1 playing card THE_QUEEN_CARD_ALL_SOUL_SLASH (targeting 遗忘之物 (index 2))
[INFO] Player 1 playing card IRON_WAVE (targeting 遗忘之物 (index 2))
[ERROR] System.NullReferenceException: Object reference not set to an instance of an object.
   at MegaCrit.Sts2.Core.Models.Powers.PoisonPower.get_TriggerCount()
   at MegaCrit.Sts2.Core.Models.Powers.PoisonPower.AfterSideTurnStart(CombatSide side, CombatState combatState)
   at MegaCrit.Sts2.Core.Hooks.Hook.AfterSideTurnStart(CombatState combatState, CombatSide side)
   at STS2RitsuLib.Lifecycle.Patches.LifecyclePatchTaskBridge.After(Task originalTask, Action continuation) in /home/runner/work/STS2-RitsuLib/STS2-RitsuLib/Lifecycle/Patches/LifecyclePatchTaskBridge.cs:line 12
   at MegaCrit.Sts2.Core.Combat.CombatManager.StartTurn(Func`1 actionDuringEnemyTurn)
   at MegaCrit.Sts2.Core.Combat.CombatManager.SwitchFromPlayerToEnemySide(Func`1 actionDuringEnemyTurn)
   at MegaCrit.Sts2.Core.Combat.CombatManager.AfterAllPlayersReadyToBeginEnemyTurn(Func`1 actionDuringEnemyTurn)
   at MegaCrit.Sts2.Core.Helpers.TaskHelper.LogTaskExceptions(Task task)
   at MegaCrit.Sts2.Core.Helpers.TaskHelper.LogTaskExceptions(Task task)
   at System.Threading.ExecutionContext.RunInternal(ExecutionContext executionContext, ContextCallback callback, Object state)
   at System.Runtime.CompilerServices.AsyncTaskMethodBuilder`1.AsyncStateMachineBox`1.MoveNext(Thread threadPoolThread)
   at System.Threading.Tasks.AwaitTaskContinuation.RunCallback(ContextCallback callback, Object state, Task& currentTask)
   at System.Threading.Tasks.Task.RunContinuations(Object continuationObject)
   at System.Threading.Tasks.Task.FinishSlow(Boolean userDelegateExecute)
   at System.Threading.Tasks.Task.TrySetException(Object exceptionObject)
   at System.Runtime.CompilerServices.AsyncTaskMethodBuilder`1.SetException(Exception exception, Task`1& taskField)
   at MegaCrit.Sts2.Core.Combat.CombatManager.AfterAllPlayersReadyToBeginEnemyTurn(Func`1 actionDuringEnemyTurn)
   at System.Threading.ExecutionContext.RunInternal(ExecutionContext executionContext, ContextCallback callback, Object state)
   at System.Runtime.CompilerServices.AsyncTaskMethodBuilder`1.AsyncStateMachineBox`1.MoveNext(Thread threadPoolThread)
   at System.Threading.Tasks.AwaitTaskContinuation.RunCallback(ContextCallback callback, Object state, Task& currentTask)
   at System.Threading.Tasks.Task.RunContinuations(Object continuationObject)
   at System.Threading.Tasks.Task.FinishSlow(Boolean userDelegateExecute)
   at System.Threading.Tasks.Task.TrySetException(Object exceptionObject)
   at System.Runtime.CompilerServices.AsyncTaskMethodBuilder`1.SetException(Exception exception, Task`1& taskField)
   at MegaCrit.Sts2.Core.Combat.CombatManager.SwitchFromPlayerToEnemySide(Func`1 actionDuringEnemyTurn)
   at System.Runtime.CompilerServices.AsyncTaskMethodBuilder`1.AsyncStateMachineBox`1.ExecutionContextCallback(Object s)
   at System.Threading.ExecutionContext.RunInternal(ExecutionContext executionContext, ContextCallback callback, Object state)
   at System.Runtime.CompilerServices.AsyncTaskMethodBuilder`1.AsyncStateMachineBox`1.MoveNext(Thread threadPoolThread)
   at System.Runtime.CompilerServices.AsyncTaskMethodBuilder`1.AsyncStateMachineBox`1.MoveNext()
   at System.Threading.Tasks.AwaitTaskContinuation.RunCallback(ContextCallback callback, Object state, Task& currentTask)
   at System.Threading.Tasks.Task.RunContinuations(Object continuationObject)
   at System.Threading.Tasks.Task.FinishSlow(Boolean userDelegateExecute)
   at System.Threading.Tasks.Task.TrySetException(Object exceptionObject)
   at System.Runtime.CompilerServices.AsyncTaskMethodBuilder`1.SetException(Exception exception, Task`1& taskField)
   at MegaCrit.Sts2.Core.Combat.CombatManager.StartTurn(Func`1 actionDuringEnemyTurn)
   at System.Threading.ExecutionContext.RunInternal(ExecutionContext executionContext, ContextCallback callback, Object state)
   at System.Runtime.CompilerServices.AsyncTaskMethodBuilder`1.AsyncStateMachineBox`1.MoveNext(Thread threadPoolThread)
   at System.Threading.Tasks.AwaitTaskContinuation.RunCallback(ContextCallback callback, Object state, Task& currentTask)
   at System.Threading.Tasks.Task.RunContinuations(Object continuationObject)
   at MegaCrit.Sts2.Core.Commands.Cmd.CustomScaledWait(Single fastSeconds, Single standardSeconds, Boolean ignoreCombatEnd, CancellationToken cancellationToken)
   at System.Threading.ExecutionContext.RunInternal(ExecutionContext executionContext, ContextCallback callback, Object state)
   at System.Runtime.CompilerServices.AsyncTaskMethodBuilder`1.AsyncStateMachineBox`1.MoveNext(Thread threadPoolThread)
   at System.Threading.Tasks.AwaitTaskContinuation.RunCallback(ContextCallback callback, Object state, Task& currentTask)
   at System.Threading.Tasks.Task.RunContinuations(Object continuationObject)
   at MegaCrit.Sts2.Core.Commands.Cmd.Wait(Single seconds, CancellationToken cancelToken, Boolean ignoreCombatEnd)
   at System.Threading.ExecutionContext.RunInternal(ExecutionContext executionContext, ContextCallback callback, Object state)
   at System.Runtime.CompilerServices.AsyncTaskMethodBuilder`1.AsyncStateMachineBox`1.MoveNext(Thread threadPoolThread)
   at System.Threading.Tasks.AwaitTaskContinuation.RunCallback(ContextCallback callback, Object state, Task& currentTask)
   at System.Threading.Tasks.Task.RunContinuations(Object continuationObject)
   at System.Threading.Tasks.Task.TrySetResult()
   at MegaCrit.Sts2.Core.Commands.Cmd.<>c__DisplayClass2_0.<WaitInternal>g__Receive|0()
   at Godot.Callable.<From>g__Trampoline|1_0(Object delegateObj, NativeVariantPtrArgs args, godot_variant& ret)
   at Godot.DelegateUtils.InvokeWithVariantArgs(IntPtr delegateGCHandle, Void* trampoline, godot_variant** args, Int32 argc, godot_variant* outRet)

[INFO] [com.ritsukage.sts2-RitsuLib] [Telemetry] Queued event 'exception' for applicant 'com.ritsukage.sts2-RitsuLib'. Queue size: 1.
[INFO] [com.ritsukage.sts2-RitsuLib] [Telemetry] Sending 1 queued event(s) for applicant 'com.ritsukage.sts2-RitsuLib' via http_json.
[INFO] [com.ritsukage.sts2-RitsuLib] [Telemetry] Captured exception diagnostics from 'vanilla_sentry' for 1 authorized applicant(s): NullReferenceException.
[INFO] [com.ritsukage.sts2-RitsuLib] [Telemetry] Flush skipped for 'com.ritsukage.sts2-RitsuLib': another send is already in progress.
[INFO] [com.ritsukage.sts2-RitsuLib] [Telemetry] Sent 1 event(s) for applicant 'com.ritsukage.sts2-RitsuLib'. Remaining queue size: 0.
[INFO] [com.ritsukage.sts2-RitsuLib] [Telemetry] Flush skipped for 'com.ritsukage.sts2-RitsuLib': queue is empty.
[INFO] Limiting background FPS to 30
[INFO] Restored foreground FPS
[INFO] Limiting background FPS to 30
[INFO] [com.ritsukage.sts2-RitsuLib] [Telemetry] Queued event 'exception' for applicant 'com.ritsukage.sts2-RitsuLib'. Queue size: 1.
[INFO] [com.ritsukage.sts2-RitsuLib] [Telemetry] Captured exception diagnostics from 'dotnet_unobserved_task_exception' for 1 authorized applicant(s): AggregateException.
[INFO] [com.ritsukage.sts2-RitsuLib] [Telemetry] Flush skipped for 'com.ritsukage.sts2-RitsuLib': another send is already in progress.
[INFO] [com.ritsukage.sts2-RitsuLib] [Telemetry] Sending 1 queued event(s) for applicant 'com.ritsukage.sts2-RitsuLib' via http_json.
[INFO] [com.ritsukage.sts2-RitsuLib] [Telemetry] Sent 1 event(s) for applicant 'com.ritsukage.sts2-RitsuLib'. Remaining queue size: 0.
[INFO] [com.ritsukage.sts2-RitsuLib] [Telemetry] Flush skipped for 'com.ritsukage.sts2-RitsuLib': queue is empty.
[INFO] Restored foreground FPS
[INFO] DevConsole: open logs
[INFO] Limiting background FPS to 30
